,DataOriginal,DataLog,Linear,DataLinear,MonthlyAverage,DataSeasons,DataNormalised,ModelledNormalised,ResidualsNormalised,ModelledSeasons,ResidualsSeasons,ModelledLinear,ResidualsLinear,ModelledLog,ResidualsLog,ModelledOriginal,ResidualsOriginal,Purpose
2010-04-01,5077.238,8.532719612121582,8.367798050595956,0.16492156152562565,-0.15369930267333995,0.3186208641989656,0.47872548782445956,0.47872548782445956,0.0,0.3186208641989656,0.0,0.16492156152562568,-2.7755575615628914e-17,8.532719612121582,0.0,5363.987319916982,-286.7495269482324,Train
2010-05-01,5315.7656,8.578620910644531,8.369948969821039,0.20867194082349272,-0.2575945745593994,0.4662665153828921,0.7005619848344211,0.7005619848344211,0.0,0.4662665153828921,0.0,0.20867194082349272,0.0,8.578620910644531,0.0,5615.986505567648,-300.22088056764824,Train
2010-06-01,4986.3696,8.514663696289062,8.372099889046122,0.14256380724294004,-0.11291939684103587,0.2554832040839759,0.3838616212831626,0.3838616212831626,0.0,0.2554832040839759,0.0,0.14256380724294004,0.0,8.514663696289062,0.0,5267.986856695121,-281.6172277888709,Train
2010-07-01,5758.746,8.658648490905762,8.374250808271205,0.2843976826345571,0.041462823026462835,0.24293485960809427,0.3650078266777518,0.3650078266777518,0.0,0.2429348596080943,-2.7755575615628914e-17,0.2843976826345571,0.0,8.658648490905762,0.0,6083.976663717845,-325.23056996784544,Train
2010-08-01,5452.0674,8.603933334350586,8.376401727496289,0.2275316068542974,-0.08600444359329108,0.3135360504475885,0.47108559283596163,1.373853884001576e-06,0.47108421898207764,9.143831338364584e-07,0.31353513606445466,-0.08600352921015725,0.31353513606445466,8.290398198286132,0.3135351360644538,4209.462919443961,1242.6044633685387,Train
2010-09-01,5281.69,8.572190284729004,8.37855264672137,0.19363763800763323,-0.08194367327805592,0.27558131128568913,0.4140588784485949,1.6068201010848557e-06,0.4140572716284938,1.0694362891500867e-06,0.2755802418494,-0.08194260384176677,0.2755802418494,8.296610042879603,0.27558024184940066,4235.699063827457,1045.9908775787926,Train
2010-10-01,6065.425,8.710524559020996,8.380703565946455,0.3298209930745415,0.17780658176967062,0.15201441130487087,0.22840052672391375,1.6633192549065474e-06,0.22839886340465884,1.10703990473986e-06,0.15201330426496612,0.17780768880957537,0.15201330426496612,8.55851125475603,0.1520133042649654,5504.159014536915,561.2657901505854,Train
2010-11-01,5929.123,8.687800407409668,8.382854485171537,0.3049459222381312,0.20151277052449842,0.10343315171363279,0.15540754412243837,1.4456552489517144e-06,0.15540609846718942,9.621712995659322e-07,0.10343218954233323,0.201513732695798,0.10343218954233321,8.584368217867334,0.10343218954233357,5648.361999518945,280.7610473560553,Train
2010-12-01,6042.708,8.706772804260254,8.38500540439662,0.32176739986363323,0.35930904226534033,-0.0375416424017071,-0.05640603956577615,1.2053461967657013e-06,-0.056407244911972916,8.022310418823515e-07,-0.03754244463274898,0.3593098444963822,-0.03754244463274897,8.744315248893002,-0.037542444632748584,6628.236567441902,-585.5285596294016,Train
2011-01-01,6235.802,8.7382230758667,8.387156323621703,0.3510667522449964,0.020643547899440482,0.3304232043455559,0.4964584164521918,7.397650306118554e-07,0.4964576766871612,4.923585214346922e-07,0.33042271198703443,0.020644040257961918,0.3304227119870345,8.407800363879664,0.3304227119870351,4733.967033707218,1501.8347241052816,Train
2011-02-01,5508.8594,8.614294052124023,8.389307242846787,0.2249868092772367,-0.04481377107975794,0.2698005803569946,0.405373373057168,1.093203938642011e-06,0.4053722798532293,7.275935636085907e-07,0.269799852763431,-0.04481304348619433,0.269799852763431,8.344494199360593,0.26979985276343044,4443.5054362352685,1065.3539387647315,Train
2011-03-01,5849.614,8.674302101135254,8.391458162071869,0.282843939063385,-0.05277631346942676,0.33562025253281175,0.5042669428490623,9.213543357556555e-07,0.5042660214947265,6.132172239807802e-07,0.33561963931558775,-0.05277570025220278,0.3356196393155878,8.338682461819666,0.33561963931558836,4417.750051402512,1431.8637181287377,Train
2011-04-01,5849.614,8.674302101135254,8.393609081296953,0.2806930198383011,-0.15369930267333995,0.43439232251164106,0.6526712461985107,0.4787261533822059,0.17394509281630477,0.31862130716803605,0.11577101534360501,0.1649220044946961,0.11577101534360498,8.55853108579165,0.11577101534360423,5504.268188623934,345.3455809073157,Train
2011-05-01,6167.651,8.727235794067383,8.395760000522035,0.33147579354534784,-0.2575945745593994,0.5890703681047472,0.8850738637058614,0.8322698990205836,0.052803964685277816,0.553926125132407,0.0351442429723402,0.29633155057300764,0.0351442429723402,8.692091551095043,0.03514424297233987,6290.917992965354,-123.26711405910373,Train
2011-06-01,6542.4805,8.786224365234375,8.397910919747119,0.3883134454872561,-0.11291939684103587,0.501232842328292,0.7530986320073857,0.5134118585073668,0.23968677350001888,0.34170674887399693,0.15952609345429508,0.22878735203296108,0.15952609345429503,8.62669827178008,0.15952609345429458,5892.633333526817,649.8471352231827,Train
2011-07-01,6565.1978,8.789690017700195,8.400061838972201,0.38962817872799427,0.041462823026462835,0.34816535570153145,0.5231158674144768,0.6917356661140267,-0.1686197986995499,0.4603920646383377,-0.11222670893680625,0.5018548876648006,-0.11222670893680631,8.901916726637001,-0.11222670893680586,7759.84427896686,-1194.6465250606097,Train
2011-08-01,5258.973,8.56788158416748,8.402212758197285,0.1656688259701955,-0.08600444359329108,0.25167326956348657,0.3781372228936034,0.5036854911499534,-0.12554826825635002,0.33523326114093516,-0.08355999157744859,0.2492288175476441,-0.08355999157744859,8.65144157574493,-0.08355999157744876,6040.280399910309,-781.3072553790589,Train
2011-09-01,4815.9927,8.479905128479004,8.404363677422367,0.07554145105663679,-0.08194367327805592,0.1574851243346927,0.23662023251918032,0.28262397505546244,-0.046003742536282116,0.18810340678693527,-0.030618282452242573,0.10615973350887935,-0.03061828245224256,8.510523410931247,-0.030618282452243406,5246.216845689113,-430.22416990786314,Train
2011-10-01,5792.8213,8.664546966552734,8.406514596647451,0.25803236990528333,0.17780658176967062,0.08022578813561271,0.12053865228781717,0.1650248194107925,-0.04448616712297533,0.10983403205434773,-0.029608243918735025,0.28764061382401834,-0.02960824391873501,8.69415521047147,-0.02960824391873551,6303.915775412263,-511.09448634976343,Train
2011-11-01,6065.425,8.710524559020996,8.408665515872533,0.3018590431484629,0.20151277052449842,0.10034627262396448,0.1507695311606325,0.0754605413695073,0.07530898979112519,0.05022356969823692,0.050122702925727555,0.25173634022273533,0.05012270292572757,8.660401856095268,0.05012270292572829,6094.655208937952,-29.23040425045201,Train
2011-12-01,6940.0273,8.845205307006836,8.410816435097617,0.4343888719092188,0.35930904226534033,0.07507982964387849,0.11280688777994889,-0.032853754537510854,0.14566064231745973,-0.021866167415679344,0.09694599705955784,0.33744287484966096,0.09694599705955786,8.748259309947278,0.09694599705955831,6654.434309995019,285.59303375498075,Train
2012-01-01,5645.161,8.638731002807617,8.4129673543227,0.22576364848491792,0.020643547899440482,0.20512010058547744,0.3081914314125562,0.660179401685041,-0.35198797027248474,0.4393894556296832,-0.23426935504420573,0.4600330035291237,-0.23426935504420576,8.873000357851822,-0.23426935504420499,7538.642433839848,-1893.4813010273483,Train
2012-02-01,5486.1426,8.610162734985352,8.415118273547783,0.19504446143756837,-0.04481377107975794,0.2398582325173263,0.3603852172683375,0.05498954472919648,0.305395672539141,0.03659887912621198,0.2032593533911143,-0.00821489195354596,0.20325935339111434,8.406903381594237,0.20325935339111467,4729.721756409805,756.4208217151954,Train
2012-03-01,6508.4053,8.78100299835205,8.417269192772865,0.36373380557918544,-0.05277631346942676,0.4165101190486122,0.6258033679830121,0.5365634150876383,0.08923995289537379,0.3571155147591804,0.059394604289431774,0.30433920128975367,0.059394604289431774,8.721608394062619,0.059394604289431996,6479.403614018931,29.001659418569034,Train
2012-04-01,5474.784,8.6080904006958,8.41942011199795,0.18867028869785152,-0.15369930267333995,0.3423695913711915,0.5144077744484588,0.7939513609640765,-0.2795435865156177,0.5284228126476493,-0.18605322127645785,0.37472350997430937,-0.18605322127645785,8.794143621972259,-0.18605322127645785,6966.928807596638,-1492.1446279091379,Train
2012-05-01,5111.313,8.539406776428223,8.421571031223031,0.11783574520519124,-0.2575945745593994,0.3754303197645906,0.5640812739154574,0.5745095473866693,-0.01042827347121189,0.38237096861243103,-0.006940648847840403,0.12477639405303165,-0.006940648847840403,8.546347425276062,-0.0069406488478396255,5437.600820936261,-326.2878326550108,Train
2012-06-01,5168.1055,8.550455093383789,8.423721950448115,0.12673314293567373,-0.11291939684103587,0.23965253977670958,0.36007616544952065,0.44081320202296115,-0.0807370365734405,0.2933879372438397,-0.05373539746713013,0.18046854040280386,-0.05373539746713013,8.60419049085092,-0.05373539746713085,5761.462445933212,-593.3569771832117,Train
2012-07-01,5838.2554,8.672358512878418,8.425872869673197,0.24648564320522048,0.041462823026462835,0.20502282017875764,0.30804526832220186,0.3140314513058462,-0.005986182983644339,0.20900698823333444,-0.003984168054576798,0.2504698112597973,-0.003984168054576798,8.676342680932995,-0.003984168054577353,6192.603595804818,-354.3482247110678,Train
2012-08-01,4770.5586,8.470428466796875,8.428023788898281,0.04240467789859359,-0.08600444359329108,0.12840912149188466,0.1929337536694571,0.31636830409590194,-0.12343455042644486,0.21056230557993527,-0.08215318408805061,0.12455786198664419,-0.0821531840880506,8.552581650884926,-0.08215318408805139,5471.6121925766965,-701.0535988266965,Train
2012-09-01,4702.408,8.456042289733887,8.430174708123364,0.02586758161052316,-0.08194367327805592,0.10781125488857908,0.16198561170580655,0.12957299670276806,0.03241261500303849,0.08623869260419254,0.021572562284386546,0.004295019326136615,0.021572562284386546,8.4344697274495,0.021572562284386976,4861.94454511392,-159.53634198891996,Train
2012-10-01,5781.463,8.662585258483887,8.432325627348447,0.23025963113543924,0.17780658176967062,0.05245304936576861,0.07881031805195121,0.05238540262810053,0.026424915423850684,0.034865664522329524,0.017587384843439087,0.21267224629200016,0.01758738484343908,8.644997873640447,0.01758738484343958,6001.477340623718,-220.0144499987182,Train
2012-11-01,6474.33,8.775754928588867,8.43447654657353,0.34127838201533756,0.20151277052449842,0.13976561149083913,0.20999679575363184,0.10315826517042447,0.10683853058320737,0.06865808575857354,0.07110752573226559,0.27017085628307197,0.07110752573226559,8.704647402856601,0.0711075257322662,6370.416423431008,103.9136546939917,Train
2012-12-01,6894.5933,8.838638305664062,8.436627465798614,0.40201083986544894,0.35930904226534033,0.042701797600108615,0.06415913452022988,0.05162408373204293,0.012535050788186952,0.03435896059541887,0.008342837004689747,0.3936680028607592,0.00834283700468974,8.830295468659372,0.008342837004690296,7223.44106048461,-328.8477987658598,Train
2013-01-01,6076.783,8.712395668029785,8.438778385023696,0.27361728300608945,0.020643547899440482,0.25297373510664894,0.3800911627371679,0.42016460174330966,-0.04007343900614174,0.2796450406717358,-0.026671305565086845,0.3002885885711763,-0.026671305565086845,8.739066973594872,-0.026671305565086456,6593.535648558507,-516.7524454335071,Train
2013-02-01,5713.312,8.650729179382324,8.44092930424878,0.2097998751335446,-0.04481377107975794,0.2546136462133025,0.38255511702495504,0.2777543851867737,0.10480073183818134,0.1848623992122037,0.0697512470010988,0.14004862813244578,0.0697512470010988,8.580977932381225,0.0697512470010988,5629.241479850683,84.07053186806661,Train
2013-03-01,5327.124,8.580754280090332,8.443080223473862,0.13767405661647025,-0.05277631346942676,0.19045037008589702,0.2861502700237039,0.57089905703523,-0.2847487870115261,0.3799679681764496,-0.1895175980905526,0.3271916547070229,-0.18951759809055263,8.770271878180885,-0.18951759809055346,6802.561864561243,-1475.437841123743,Train
2013-04-01,5156.747,8.54825496673584,8.445231142698946,0.10302382403689414,-0.15369930267333995,0.2567231267102341,0.3857245958426358,0.2910223794260557,0.09470221641658011,0.19369305456318237,0.06303007214705175,0.039993751889842416,0.06303007214705172,8.485224894588788,0.06303007214705225,5115.135122241195,41.61194807130505,Train
2013-05-01,4577.465,8.429119110107422,8.447382061924028,-0.018262951816605977,-0.2575945745593994,0.2393316227427934,0.3595939899837082,0.6388004736533831,-0.27920648366967493,0.4251604816177708,-0.1858288588749774,0.16756590705837143,-0.1858288588749774,8.6149479689824,-0.18582885887497724,5823.78663419587,-1246.3217904458697,Train
2013-06-01,4509.314,8.414121627807617,8.449532981149112,-0.03541135334149459,-0.11291939684103587,0.07750804349954128,0.11645526110765533,0.1973004291209577,-0.08084516801330235,0.13131540900199046,-0.053807365502449175,0.018396012160954586,-0.053807365502449175,8.467928993310066,-0.05380736550244869,5027.407802712236,-518.0938378684859,Train
2013-07-01,4895.502,8.496275901794434,8.451683900374194,0.04459200142023967,0.041462823026462835,0.003129178393776834,0.004701567352837015,0.053727344986841064,-0.04902577763400405,0.03575880859951284,-0.032629630205736004,0.07722163162597567,-0.032629630205736004,8.52890553200017,-0.032629630205736504,5343.563801654723,-448.06184852972274,Train
2013-08-01,3952.7488,8.282419204711914,8.453834819599278,-0.1714156148873638,-0.08600444359329108,-0.0854111712940727,-0.128329652065347,0.12427048606149661,-0.2526001381268436,0.08270954998297153,-0.16812072127704425,-0.003294893610319552,-0.16812072127704425,8.450539925988958,-0.16812072127704347,4940.724337484526,-987.9755581876507,Train
2013-09-01,3850.5225,8.256223678588867,8.45598573882436,-0.1997620602354928,-0.08194367327805592,-0.11781838695743689,-0.17702125349728753,-0.20929100053749222,0.03226974704020469,-0.13929586194243748,0.02147747498500059,-0.2212395352204934,0.021477474985000578,8.234746203603867,0.021477474984999745,3981.543175622474,-131.02071468497388,Train
2013-10-01,4554.748,8.424144744873047,8.458136658049444,-0.03399191317639705,0.17780658176967062,-0.21179849494606767,-0.31822566945969555,-0.16335324441409543,-0.15487242504560012,-0.10872149745243763,-0.10307699749363004,0.069085084317233,-0.10307699749363004,8.527221742366677,-0.10307699749363053,5334.5722525928695,-779.8242057178695,Train
2013-11-01,4554.748,8.424144744873047,8.460287577274526,-0.0361428324014792,0.20151277052449842,-0.23765560292597762,-0.35707578262642864,-0.2199509831084644,-0.13712479951796425,-0.14639072725772334,-0.09126487566825428,0.055122043266775084,-0.09126487566825428,8.515409620541302,-0.09126487566825503,5271.918587980818,-717.1705411058183,Train
2013-12-01,5156.747,8.54825496673584,8.462438496499608,0.08581647023623162,0.35930904226534033,-0.2734925720291087,-0.4109205631908717,-0.4555774539141865,0.0446568907233148,-0.3032144428644437,0.029721870835335007,0.056094599400896616,0.029721870835335007,8.518533095900505,0.02972187083533484,5288.414167618688,-131.66709730618823,Train
2014-01-01,4123.126,8.324609756469727,8.464589415724692,-0.13997965925496558,0.020643547899440482,-0.16062320715440606,-0.24133517870601487,0.1030745578036194,-0.34440973650963425,0.06860237342607908,-0.22922558058048514,0.08924592132551956,-0.22922558058048514,8.553835337050211,-0.2292255805804846,5478.477433299965,-1355.351456737465,Train
2014-02-01,3986.8242,8.291001319885254,8.466740334949774,-0.1757390150645204,-0.04481377107975794,-0.13092524398476246,-0.19671420907327158,-0.2715897016913049,0.07487549261803333,-0.18075942823448213,0.049834184249719665,-0.22557319931424008,0.04983418424971969,8.241167135635534,0.04983418424972008,4007.197087539689,-20.372868789689164,Train
2014-03-01,3805.0886,8.244357109069824,8.468891254174858,-0.224534145105034,-0.05277631346942676,-0.17175783163560723,-0.25806486949354773,0.03838137334498648,-0.2964462428385342,0.02554513318247835,-0.19730296481808557,-0.02723118028694841,-0.1973029648180856,8.44166007388791,-0.1973029648180855,4897.036812692445,-1091.94818964557,Train
2014-04-01,3282.5989,8.096694946289062,8.47104217339994,-0.37434722711087787,-0.15369930267333995,-0.22064792443753792,-0.3315218717059702,-0.07688502365386346,-0.25463684805210673,-0.051171649104955495,-0.16947627533258242,-0.20487095177829545,-0.16947627533258242,8.266171221621645,-0.16947627533258292,4108.6818719651665,-826.0829950120415,Train
2014-05-01,3203.0896,8.072183609008789,8.473193092625024,-0.40100948361623523,-0.2575945745593994,-0.14341490905683585,-0.21547983830921116,-0.14591292681932155,-0.06956691148988961,-0.09711390770574573,-0.046301001351090124,-0.3547084822651451,-0.04630100135109011,8.118484610359879,-0.04630100135108961,3544.4284421575035,-341.33884254812847,Train
2014-06-01,2975.92,7.9986443519592285,8.475344011850106,-0.4766996598908779,-0.11291939684103587,-0.36378026304984207,-0.5465771500158125,-0.17984722448598994,-0.3667299255298226,-0.11969924214798346,-0.24408102090185863,-0.23261863898901933,-0.2440810209018586,8.242725372861088,-0.24408102090185935,4013.4476781355684,-1037.5277562605684,Train
2014-07-01,3214.448,8.075721740722656,8.47749493107519,-0.4017731903525341,0.041462823026462835,-0.44323601337899693,-0.6659588262045705,-0.5742578671967228,-0.0917009590078477,-0.38220346017249623,-0.061032553206500695,-0.3407406371460334,-0.061032553206500695,8.136754293929156,-0.06103255320650014,3609.7976167398774,-395.3496186930024,Train
2014-08-01,2987.2786,8.002452850341797,8.479645850300273,-0.47719299995847564,-0.08600444359329108,-0.39118855636518457,-0.5877579076564348,-0.5441392651902182,-0.043618642466216606,-0.36215770275233555,-0.029030853612849017,-0.4481621463456266,-0.029030853612849017,8.031483703954645,-0.029030853612848517,3249.010101304613,-261.7315368514878,Train
2014-09-01,3623.353,8.195430755615234,8.481796769525356,-0.28636601391012206,-0.08194367327805592,-0.20442234063206616,-0.307143052252199,-0.45345136872529435,0.14630831647309533,-0.3017994041471113,0.09737706351504516,-0.3837430774251672,0.09737706351504516,8.098053692100189,0.09737706351504549,3472.727040330497,150.62598701325305,Train
2014-10-01,4327.5786,8.372994422912598,8.483947688750439,-0.11095326583784093,0.17780658176967062,-0.28875984760751156,-0.4338595316334948,-0.36120144504072854,-0.07265808659276624,-0.24040148163365035,-0.0483583659738612,-0.06259489986397973,-0.0483583659738612,8.421352788886459,-0.04835836597386134,4798.574121846909,-470.9955085656593,Train
2014-11-01,4123.126,8.324609756469727,8.486098607975523,-0.16148885150579595,0.20151277052449842,-0.3630016220302944,-0.5454072476528262,-0.4091313643257302,-0.136275883327096,-0.2723017516045981,-0.09069987042569633,-0.07078898108009965,-0.0906998704256963,8.415309626895423,-0.09069987042569672,4769.656981426523,-646.5310048640231,Train
2014-12-01,5622.4443,8.634699821472168,8.488249527200605,0.1464502942715633,0.35930904226534033,-0.21285874799377702,-0.3198186918085555,-0.6723451637313156,0.3525264719227601,-0.44748650856588357,0.23462776057210655,-0.08817746630054324,0.23462776057210655,8.400072060900062,0.23462776057210633,4697.514812208936,924.9295237285642,Train
2015-01-01,5247.6147,8.565719604492188,8.490400446425689,0.07531915806649891,0.020643547899440482,0.054675610167058436,0.082149699189128,0.16802166456287343,-0.08587196537374543,0.11182861437033387,-0.05715300420327543,0.13247216226977435,-0.05715300420327543,8.622872608695463,-0.057153004203275515,5870.12935182129,-622.5146057275397,Train
2015-02-01,3680.1455,8.210979461669922,8.49255136565077,-0.28157190398084886,-0.04481377107975794,-0.23675813290109093,-0.35572734056331434,-0.0033424048061817535,-0.3523849357571326,-0.0022245732365077427,-0.2345335596645832,-0.04703834431626568,-0.23453355966458317,8.445513021334506,-0.2345335596645839,4915.945094038973,-1235.7995862264734,Train
2015-03-01,4350.2954,8.378229141235352,8.494702284875855,-0.1164731436405031,-0.05277631346942676,-0.06369683017107633,-0.0957040154077244,-0.4072123038002973,0.31150828839257294,-0.27102450036434705,0.20732767019327072,-0.3238008138337738,0.2073276701932707,8.17090147104208,0.20732767019327092,3735.225478705445,615.0699314508051,Train
2015-04-01,4191.277,8.340999603271484,8.496853204100937,-0.15585360082945243,-0.15369930267333995,-0.002154298156112483,-0.003236817018549882,0.21326659282942495,-0.21650340984797484,0.14194185987648278,-0.14409615803259526,-0.01175744279685717,-0.14409615803259526,8.48509576130408,-0.14409615803259612,5114.474501562832,-923.1976460940823,Train
2015-05-01,4043.6165,8.305142402648926,8.49900412332602,-0.19386172067709495,-0.2575945745593994,0.06373285388230443,0.09575814076694805,0.1096782713825879,-0.013920130615639847,0.07299754556745652,-0.009264691685152093,-0.18459702899194286,-0.009264691685152093,8.314407094334078,-0.00926469168515176,4311.774768704395,-268.1583136262698,Train
2015-06-01,3464.3345,8.150564193725586,8.501155042551103,-0.35059084882551694,-0.11291939684103587,-0.23767145198448109,-0.3570995957194058,-0.17190868648568036,-0.18519090923372544,-0.11441566334872293,-0.12325578863575816,-0.2273350601897588,-0.12325578863575815,8.273819982361344,-0.12325578863575792,4140.236367877524,-675.9018952212737,Train
2015-07-01,3680.1455,8.210979461669922,8.503305961776187,-0.29232650010626493,0.041462823026462835,-0.33378932313272774,-0.5015159849906339,-0.32663185140895035,-0.17488413358168353,-0.21739331917290605,-0.11639600395982169,-0.1759304961464432,-0.11639600395982172,8.327375465629743,-0.11639600395982086,4368.068664339245,-687.9231565267446,Train
2015-08-01,3793.7302,8.241368293762207,8.505456881001269,-0.2640885872390619,-0.08600444359329108,-0.17808414364577085,-0.26757010641771883,-0.5108623623307342,0.2432922559130154,-0.3400099044491008,0.16192576080332993,-0.42601434804239185,0.16192576080332993,8.079442532958877,0.16192576080332977,3408.6748451984613,385.0553794109137,Train
2015-09-01,3384.8252,8.127352714538574,8.507607800226353,-0.38025508568777866,-0.08194367327805592,-0.29831141240972275,-0.44821068698209776,-0.07923089050017496,-0.3689797964819228,-0.05273296585302375,-0.245578446556699,-0.13467663913107966,-0.245578446556699,8.372931161095273,-0.24557844655669925,4571.707871893117,-1186.882676580617,Train
2015-10-01,4622.899,8.438993453979492,8.509758719451435,-0.07076526547194284,0.17780658176967062,-0.24857184724161346,-0.3734773588331594,-0.6388522321693677,0.2653748733362083,-0.42519493005118847,0.176623082809575,-0.24738834828151784,0.176623082809575,8.262370371169917,0.1766230828095754,4093.091233377635,529.807692403615,Train
2015-11-01,5474.784,8.6080904006958,8.511909638676519,0.09618076201928183,0.20151277052449842,-0.1053320085052166,-0.15826056238332692,-0.27395436809549356,0.11569380571216664,-0.1823332572291922,0.0770012487239756,0.019179513295306233,0.0770012487239756,8.531089151971825,0.07700124872397573,5355.247049155755,119.53713053174488,Train
2015-12-01,5315.7656,8.578620910644531,8.514060557901601,0.06456035274293015,0.35930904226534033,-0.2947486895224102,-0.442857722239817,-0.12170009783409069,-0.3211576244057263,-0.08099880063042561,-0.21374988889198457,0.2783102416349147,-0.21374988889198454,8.792370799536515,-0.21374988889198399,6954.586850357676,-1638.8212253576758,Train
2016-01-01,4918.2188,8.50090503692627,8.516211477126685,-0.015306440200415494,0.020643547899440482,-0.03594998809985597,-0.0540145907696742,-0.31933555434580974,0.26532096357613555,-0.21253719069252172,0.17658720259266575,-0.19189364279308124,0.17658720259266575,8.324317834333604,0.1765872025926658,4354.7300659061875,563.4886840938125,Train
2016-02-01,4588.823,8.431596755981445,8.518362396351767,-0.08676564037032186,-0.04481377107975794,-0.04195186929056392,-0.0630323727912931,0.0626824145334054,-0.12571478732469848,0.0417189508322874,-0.08367082012285132,-0.0030948202474705352,-0.08367082012285132,8.515267576104296,-0.0836708201228511,5271.1696524209365,-682.3464102334365,Train
2016-03-01,3759.6548,8.232348442077637,8.520513315576851,-0.2881648734992144,-0.05277631346942676,-0.2353885600297876,-0.35366956747122835,0.026947850794910314,-0.38061741826613865,0.017935430067862818,-0.25332399009765044,-0.03484088340156394,-0.25332399009765044,8.485672432175287,-0.25332399009765005,5117.425297437522,-1357.7705122812722,Train
2016-04-01,3771.0132,8.235363960266113,8.522664234801933,-0.28730027453581997,-0.15369930267333995,-0.13360097186248002,-0.20073447038530529,-0.39987327167611847,0.19913880129081318,-0.26613992910741147,0.13253895724493145,-0.41983923178075144,0.13253895724493148,8.102825003021183,0.1325389572449307,3489.340875462697,281.6723081310529,Train
2016-05-01,3555.2021,8.176448822021484,8.524815154027017,-0.3483663320055328,-0.2575945745593994,-0.09077175744613342,-0.13638389304269802,0.18187667890995796,-0.318260571952656,0.12104996722710062,-0.21182172467323404,-0.13654460733229876,-0.21182172467323404,8.388270546694718,-0.2118217246732339,4642.3911341247085,-1087.1889856872085,Train
2016-06-01,3282.5989,8.096694946289062,8.5269660732521,-0.4302711269630368,-0.11291939684103587,-0.31735173012200096,-0.476818623276725,-0.3696308570157138,-0.10718776626101117,-0.24601176685235535,-0.07133996326964562,-0.35893116369339123,-0.07133996326964559,8.168034909558708,-0.07133996326964542,3724.5306946064857,-441.93181765336067,Train
2016-07-01,3543.8438,8.173249244689941,8.529116992477183,-0.35586774778724184,0.041462823026462835,-0.39733057081370465,-0.5969862388596812,-0.5489250530311485,-0.04806118582853269,-0.3653429349919635,-0.031987635821741134,-0.3238801119655007,-0.031987635821741134,8.205236880511682,-0.03198763582174102,3865.738090627354,-321.8943406273538,Train
2016-08-01,3816.447,8.247337341308594,8.531267911702265,-0.28393057039367164,-0.08600444359329108,-0.19792612680038058,-0.2973825390999791,-0.4018924216762761,0.10450988257629701,-0.26748379596714605,0.06955766916676548,-0.3534882395604371,0.06955766916676548,8.177779672141828,0.06955766916676609,3761.012571642697,55.43444984167809,Train
2016-09-01,3259.8818,8.089753150939941,8.53341883092735,-0.4436656799874079,-0.08194367327805592,-0.361722006709352,-0.5434846351136698,-0.2655833166535998,-0.27790131846007005,-0.17676181448694112,-0.1849601922224109,-0.258705487764997,-0.1849601922224109,8.274713343162352,-0.18496019222241067,4143.937639155469,-884.0558032179688,Train
2016-10-01,4179.9185,8.338286399841309,8.535569750152431,-0.19728335031112287,0.17780658176967062,-0.3750899320807935,-0.5635698439424552,-0.6575917530795707,0.0940219091371155,-0.437667218448068,0.0625772863672745,-0.25986063667839737,0.0625772863672745,8.275709113474035,0.062577286367274,4148.067100656681,31.85135637456915,Train
2016-11-01,4918.2188,8.50090503692627,8.537720669377515,-0.03681563245124586,0.20151277052449842,-0.23832840297574429,-0.35808665971648557,-0.4606002210609752,0.10251356134448963,-0.3065573992135045,0.06822899623776021,-0.10504462868900608,0.06822899623776021,8.43267604068851,0.06822899623776024,4853.229763994193,64.98898600580742,Train
2016-12-01,5690.595,8.646745681762695,8.539871588602598,0.10687409316009777,0.35930904226534033,-0.25243494910524256,-0.3792816407618738,-0.2984951632427817,-0.08078647751909213,-0.19866664568839595,-0.0537683034168466,0.16064239657694437,-0.0537683034168466,8.700513985179542,-0.05376830341684702,6344.135051520516,-653.5398366767658,Train
2017-01-01,4452.5215,8.401450157165527,8.542022507827681,-0.14057235066215412,0.020643547899440482,-0.1612158985615946,-0.24222569315411616,-0.14173712721017545,-0.1004885659439407,-0.0943346596522648,-0.0668812389093298,-0.07369111175282432,-0.0668812389093298,8.468331396074857,-0.06688123890933007,5029.431655089133,-576.9101707141326,Train
2017-02-01,4463.88,8.403997421264648,8.544173427052764,-0.14017600578811518,-0.04481377107975794,-0.09536223470835724,-0.14328105111873943,-0.28554952350451024,0.1422684723857708,-0.19005053682032375,0.09468830211196651,-0.23486430790008167,0.0946883021119665,8.309309119152681,0.0946883021119671,4289.844297964899,174.03558484760106,Train
2017-03-01,4759.2,8.468045234680176,8.546324346277848,-0.07827911159767176,-0.05277631346942676,-0.025502798128244998,-0.03831776523965764,0.013076705097445684,-0.05139447033710332,0.008703340818467038,-0.03420613894671204,-0.04407297265095972,-0.03420613894671204,8.502251373626887,-0.034206138946711206,5202.990702815249,-443.7905075027493,Train
2017-04-01,4986.3696,8.514663696289062,8.54847526550293,-0.03381156921386719,-0.15369930267333995,0.11988773345947276,0.18013043128498676,0.010452860779239292,0.16967757050574747,0.006957013193444037,0.11293072026602873,-0.14674228947989593,0.11293072026602874,8.401732976023034,0.11293072026602857,4705.325130858736,281.044498047514,Train
2017-05-01,4986.3696,8.514663696289062,8.550626184728014,-0.03596248843895111,-0.2575945745593994,0.22163208612044827,0.333000567342974,0.28611412264168296,0.04688644470129105,0.19042631180951322,0.031205774310935047,-0.06716826274988616,0.031205774310935047,8.483457921978127,0.031205774310935297,5106.1030336843,-119.73340477804959,Train
2017-06-01,4202.6353,8.343705177307129,8.552777103953096,-0.20907192664596685,-0.11291939684103587,-0.09615252980493098,-0.14446846364611332,0.04520423003993035,-0.18967269368604367,0.03008615836651001,-0.126238688171441,-0.08283323847452587,-0.126238688171441,8.46994386547857,-0.12623868817144057,5037.549615442844,-834.9143615365938,Train
2017-07-01,4770.5586,8.470428466796875,8.554928023178178,-0.08449955638130291,0.041462823026462835,-0.12596237940776575,-0.1892575418157694,-0.3567902610136092,0.16753271919783982,-0.23746557096541202,0.11150319155764626,-0.19600274793894917,0.11150319155764626,8.358925275239228,0.11150319155764699,4508.109463057962,262.4491306920381,Train
2017-08-01,4441.163,8.398897171020508,8.557078942403262,-0.15818177138275402,-0.08600444359329108,-0.07217732778946294,-0.10844590024807528,-0.05683684835356062,-0.05160905189451466,-0.037828371794144895,-0.034348955995318044,-0.12383281538743598,-0.03434895599531804,8.433246127015826,-0.034348955995318065,4855.99788297072,-414.83479703321973,Train
2017-09-01,5043.162,8.525986671447754,8.559229861628344,-0.033243190180590076,-0.08194367327805592,0.048700483097465844,0.07317211503626594,-0.13791350763064042,0.21108562266690636,-0.09178980878097327,0.14049029187843912,-0.1737334820590292,0.14049029187843912,8.385496379569314,0.14049029187843942,4629.527442355354,413.63466701964626,Train
2017-10-01,5849.614,8.674302101135254,8.561380780853428,0.112921320281826,0.17780658176967062,-0.06488526148784463,-0.0974896246561837,-0.04419493067218139,-0.053294693984002314,-0.029414408386685326,-0.0354708531011593,0.1483921733829853,-0.0354708531011593,8.709772954236414,-0.035470853101159605,6403.157281467881,-553.5435119366311,Train
2017-11-01,5111.313,8.539406776428223,8.56353170007851,-0.0241249236502874,0.20151277052449842,-0.22563769417478582,-0.3390189637674118,-0.09001558565634071,-0.2490033781110711,-0.059910834962094324,-0.1657268592126915,0.1416019355624041,-0.1657268592126915,8.705133635640914,-0.16572685921269148,6373.515168273207,-1262.2021799919567,Train
2017-12-01,6213.085,8.734573364257812,8.565682619303594,0.16889074495421852,0.35930904226534033,-0.1904182973111218,-0.2861020809172286,-0.508893221567304,0.22279114065007538,-0.338699321771281,0.14828102446015917,0.020609720494059347,0.14828102446015917,8.586292339797653,0.14828102446015912,5659.2425252067105,553.8424357307895,Train
2018-01-01,5270.3315,8.570037841796875,8.567833538528676,0.0022043032681988706,0.020643547899440482,-0.01843924463124161,-0.02770482844366833,0.2155710195615502,-0.24327584800521854,0.1434755957137152,-0.16191484034495682,0.1641191436131557,-0.16191484034495682,8.731952682141833,-0.1619148403449575,6546.786689991202,-1276.4551470224524,Train
2018-02-01,5054.5205,8.528236389160156,8.56998445775376,-0.041748068593603804,-0.04481377107975794,0.0030657024861541343,0.004606195271921431,-0.12246438215999532,0.12707057743191674,-0.08150747823086027,0.0845731807170144,-0.12632124931061822,0.08457318071701442,8.443663208443143,0.08457318071701359,4906.858072853532,147.66243495896833,Train
2018-03-01,4986.3696,8.514663696289062,8.572135376978842,-0.0574716806897797,-0.05277631346942676,-0.004695367220352943,-0.007054754461009768,0.05664422542501244,-0.0636989798860222,0.03770016954563403,-0.04239553676598697,-0.01507614392379273,-0.04239553676598697,8.55705923305505,-0.042395536765987174,5496.171204820418,-509.8015759141681,Train
2018-04-01,4895.502,8.496275901794434,8.574286296203926,-0.07801039440949253,-0.15369930267333995,0.07568890826384742,0.11372202389384127,0.14640214879670177,-0.0326801249028605,0.09743951462073656,-0.02175060635688915,-0.056259788052603385,-0.02175060635688915,8.518026508151323,-0.02175060635688908,5285.73529380064,-390.23334067563974,Train
2018-05-01,5349.841,8.58500862121582,8.576437215429008,0.008571405786812036,-0.2575945745593994,0.2661659803462114,0.39991241346940404,0.16577778037455235,0.2341346330948517,0.11033517327010271,0.1558308070761087,-0.14725940128929665,0.1558308070761087,8.429177814139711,0.15583080707610897,4836.2782359896255,513.5625843228745,Train
2018-06-01,5860.972,8.676240921020508,8.578588134654092,0.09765278636641561,-0.11291939684103587,0.21057218320745147,0.31638314515806254,0.20344061065053387,0.11294253450752867,0.13540207243447822,0.07517011077297325,0.022482675593442344,0.07517011077297327,8.601070810247535,0.07517011077297298,5743.513415790761,117.45875217798857,Train
2018-07-01,6599.273,8.794866561889648,8.580739053879174,0.2141275080104741,0.041462823026462835,0.17266468498401125,0.2594274099307266,0.1232976760455749,0.1361297338851517,0.08206208588118959,0.09060259910282166,0.12352490890765241,0.09060259910282167,8.704263962786827,0.0906025991028212,6367.973835396041,231.29911382270893,Train
2018-08-01,6179.01,8.72907543182373,8.582889973104258,0.1461854587194722,-0.08600444359329108,0.23218990231276326,0.3488636079499782,0.20014356123546223,0.148720046714516,0.1332076859632026,0.09898221634956067,0.04720324236991151,0.09898221634956068,8.63009321547417,0.09898221634955995,5912.675889271599,266.33387635340114,Train
2018-09-01,5508.8594,8.614294052124023,8.58504089232934,0.029253159794683015,-0.08194367327805592,0.11119683307273893,0.16707241784405014,0.23873952149430216,-0.07166710365025203,0.15889563975932425,-0.04769880668658531,0.07695196648126833,-0.04769880668658531,8.661992858810608,-0.04769880668658466,6104.361131954713,-595.5017569547126,Validate
2018-10-01,6156.2925,8.72539234161377,8.587191811554424,0.13820053005934518,0.17780658176967062,-0.03960605171032544,-0.0595077992569448,-0.03712961208489985,-0.02237818717204495,-0.024712010099201372,-0.014894041611124068,0.15309457167046925,-0.014894041611124065,8.740286383224893,-0.014894041611123399,6601.581993732224,-445.28951326347396,Validate
2018-11-01,7485.234,8.920821189880371,8.589342730779506,0.3314784591008646,0.20151277052449842,0.12996568857636617,0.19527248418141938,-0.045180499208787306,0.24045298339020668,-0.030070364058249307,0.16003605263461548,0.17144240646624911,0.16003605263461548,8.760785137245756,0.16003605263461473,6738.3234242150775,746.9104625036725,Validate
2018-12-01,8484.779,9.046147346496582,8.59149365000459,0.4546536964919916,0.35930904226534033,0.09534465422665128,0.1432546365752285,0.1875734376756829,-0.044318801100454414,0.12484150590058335,-0.029496851673932067,0.4841505481659237,-0.029496851673932067,9.075644198170513,-0.029496851673931346,9232.319244396753,-747.5399475217528,Validate
2019-01-01,7723.7617,8.952186584472656,8.593644569229673,0.3585420152429837,0.020643547899440482,0.3378984673435432,0.5076899437230893,0.3456952549080178,0.1619946888150715,0.23008117108789264,0.10781729625565054,0.2507247189873331,0.10781729625565056,8.844369288217006,0.10781729625565006,7325.835389914081,397.92632883591887,Validate
2019-02-01,7189.9136,8.880573272705078,8.595795488454756,0.28477778425032163,-0.04481377107975794,0.32959155533007956,0.4952088699680544,0.4007139535541641,0.0944949164138903,0.26669945391507643,0.06289210141500312,0.2218856828353185,0.06289210141500312,8.817681171290076,0.06289210141500234,7132.882181744935,57.031392473814776,Validate
2019-03-01,7996.365,8.986867904663086,8.597946407679839,0.3889214969832473,-0.05277631346942676,0.44169781045267403,0.663647687704183,0.504371392974635,0.15927629472954807,0.3356897704300662,0.10600804002260783,0.28291345696063946,0.10600804002260783,8.880859864640477,0.10600804002260844,7598.133784830565,398.23144954443524,Validate
2019-04-01,8030.441,8.991119384765625,8.600097326904923,0.39102205786070243,-0.15369930267333995,0.5447213605340424,0.8184398084088472,0.6376485713281026,0.18079123708074463,0.424393820715671,0.12032753981837141,0.270694518042331,0.12032753981837141,8.870791844947254,0.12032753981837097,7522.009410113325,508.43150785542457,Validate
2019-05-01,8087.233,8.998165130615234,8.602248246130005,0.39591688448522966,-0.2575945745593994,0.653511459044629,0.9818961254045522,0.870559729128505,0.11133639627604719,0.5794103307352034,0.07410112830942561,0.32181575617580405,0.07410112830942561,8.924064002305808,0.07410112830942595,7933.643320271103,153.58958988514678,Validate
2019-06-01,7621.5356,8.938864707946777,8.604399165355089,0.3344655425916887,-0.11291939684103587,0.44738493943272456,0.6721925568612611,0.5436152212842598,0.12857733557700135,0.36180891973066387,0.08557601970206069,0.248889522889628,0.08557601970206069,8.853288688244717,0.08557601970206008,7391.478679884209,230.05696464704124,Validate
2019-07-01,6974.1025,8.850102424621582,8.60655008458017,0.24355234004141124,0.041462823026462835,0.2020895170149484,0.3036380020511685,0.4696024182008594,-0.16596441614969093,0.31254890771963006,-0.11045939070468166,0.3540117307460929,-0.11045939070468164,8.960561815326264,-0.11045939070468158,8228.590165366233,-1254.4876263037331,Validate
2019-08-01,6133.5757,8.721695899963379,8.608701003805255,0.11299489615812419,-0.08600444359329108,0.19899933975141526,0.2989950336075666,0.23771175713251147,0.061283276475055104,0.15821160020539365,0.040787739546021606,0.07220715661210257,0.04078773954602162,8.680908160417358,0.040787739546020774,6220.945012806595,-87.3693292128446,Validate
2019-09-01,6224.4434,8.73639965057373,8.610851923030337,0.1255477275433936,-0.08194367327805592,0.2074914008214495,0.3117542924483454,0.26774776736525996,0.044006525083085446,0.17820238778793507,0.029289013033514444,0.09625871450987915,0.029289013033514458,8.707110637540216,0.029289013033514166,6386.130062594215,-161.6867032192149,Validate
2019-10-01,8053.1577,8.99394416809082,8.61300284225542,0.3809413258353995,0.17780658176967062,0.2031347440657289,0.30520844795096913,0.24654966943329126,0.05865877851767787,0.1640937671812654,0.03904097688446351,0.341900348950936,0.03904097688446351,8.954903191206357,0.03904097688446306,8182.153515641138,-128.99580079738826,Validate
2019-11-01,8723.308,9.073868751525879,8.615153761480503,0.45871499004537597,0.20151277052449842,0.2572022195208775,0.38644442924107025,0.26024609704271306,0.1261983321983572,0.17320957094008413,0.08399264858079339,0.37472234146458255,0.08399264858079342,8.989876102945086,0.08399264858079292,8473.405500911384,249.90211627611643,Validate
2019-12-01,10120.399,9.222407341003418,8.617304680705587,0.6051026602978311,0.35930904226534033,0.24579361803249078,0.369303090030113,0.3036182927377841,0.0656847972923289,0.20207639927080692,0.04371721876168386,0.5613854415361472,0.043717218761683885,9.178690122241735,0.04371721876168344,10234.525105860619,-114.12569179811908,Validate
2020-01-01,7530.668,8.926872253417969,8.619455599930669,0.30741665348729974,0.020643547899440482,0.28677310558785923,0.4308744664685673,0.5882803383084256,-0.15740587183985832,0.3915362656684386,-0.10476316008057934,0.4121798135678791,-0.10476316008057934,9.031635413498549,-0.10476316008058006,8834.783771734597,-1304.1158029845974,Validate
2020-02-01,8791.458,9.081649780273438,8.621606519155753,0.46004326111768457,-0.04481377107975794,0.5048570321974425,0.7585439504344743,0.28718275742255867,0.47136119301191565,0.19113755310761713,0.31371947908982534,0.14632378202785917,0.3137194790898254,8.767930301183613,0.31371947908982456,6786.64943795635,2004.80856985615,Validate
2020-03-01,4441.163,8.398897171020508,8.623757438380835,-0.22486026736032727,-0.05277631346942676,-0.1720839538909005,-0.25855486576591424,0.8689699647613877,-1.1275248305273018,0.5783522460720585,-0.750436199962959,0.5255759326026317,-0.750436199962959,9.149333370983467,-0.7504361999629587,9938.411080308048,-5497.2479943705475,Validate
2020-04-01,227.16946,5.430088520050049,8.625908357605919,-3.19581983755587,-0.15369930267333995,-3.0421205348825304,-4.57076356485249,-0.4103521312697831,-4.1604114335827065,-0.2731142460896259,-2.7690062887929043,-0.42681354876296584,-2.7690062887929043,8.199094808842954,-2.7690062887929052,3842.061095485643,-3614.891631374315,Validate
2020-05-01,90.86779,4.520350456237793,8.628059276831001,-4.107708820593208,-0.2575945745593994,-3.850114246033809,-5.784768129501608,-4.628772321615722,-1.155995807885886,-3.0807288828420316,-0.7693853631917773,-3.338323457401431,-0.7693853631917773,5.28973581942957,-0.7693853631917769,208.487798975874,-117.62000875370603,Validate
2020-06-01,942.7533,6.849864959716797,8.630210196056085,-1.7803452363392882,-0.11291939684103587,-1.6674258394982524,-2.5052949700319758,-4.114765015484672,1.6094700454526967,-2.7386258274389936,1.0711999879407412,-2.8515452242800294,1.0711999879407412,5.778664971776056,1.0711999879407408,340.5843514300399,602.1689444683976,Validate
2020-07-01,2748.7505,7.9192657470703125,8.632361115281167,-0.7130953682108547,0.041462823026462835,-0.7545581912373176,-1.1337180918775482,-0.4918919548328928,-0.6418261370446554,-0.3273839470165081,-0.4271742442208095,-0.28592112399004527,-0.42717424422080946,8.346439991291122,-0.42717424422080974,4452.161938192913,-1703.411449911663,Validate
2020-08-01,3203.0896,8.072183609008789,8.634512034506251,-0.5623284254974621,-0.08600444359329108,-0.476323981904171,-0.7156732537677412,-1.535533473127313,0.8198602193595718,-1.0219907121253262,0.5456667302211552,-1.1079951557186174,0.5456667302211553,7.526516878787634,0.5456667302211553,1960.4642865023002,1242.6253131070748,Validate
2020-09-01,3930.0317,8.276657104492188,8.636662953731333,-0.3600058492391458,-0.08194367327805592,-0.2780621759610899,-0.4177863592428723,-0.8807641007710905,0.4629777415282182,-0.5862019593283319,0.30813978336724196,-0.6681456326063878,0.308139783367242,7.968517321124946,0.3081397833672419,3050.678361110539,879.3533771707112,Validate
2020-10-01,4441.163,8.398897171020508,8.638813872956417,-0.23991670193590942,0.17780658176967062,-0.41772328370558004,-0.627626138891874,-0.3250351830224406,-0.3025909558694334,-0.21633063946587647,-0.20139264423970357,-0.03852405769620584,-0.20139264423970357,8.600289815260211,-0.2013926442397036,5739.028731094504,-1297.865645157004,Validate
2020-11-01,1578.8278,7.3650712966918945,8.6409647921815,-1.2758934954896048,0.20151277052449842,-1.4774062660141032,-2.219791968710663,-1.161537492195823,-1.05825447651484,-0.7730736904040466,-0.7043325756100566,-0.5715609198795482,-0.7043325756100567,8.069403872301951,-0.7043325756100565,3374.617507514375,-1795.7897487253126,Validate
2020-12-01,3782.3716,8.238370895385742,8.643115711406583,-0.4047448160208411,0.35930904226534033,-0.7640538582861814,-1.1479852612658883,-2.2320032689799345,1.0840180077140462,-1.4855336274012516,0.7214797691150702,-1.1262245851359114,0.7214797691150703,7.5168911262706715,0.7214797691150707,1941.674295692402,1840.697286338848,Validate
2021-01-01,363.47116,5.898447513580322,8.645266630631665,-2.746819117051343,0.020643547899440482,-2.767462664950784,-4.158092150196496,-0.1914036499939521,-3.966688500202544,-0.127390744639591,-2.640071920311193,-0.10674719674015051,-2.640071920311193,8.538519433891516,-2.6400719203111933,5395.193698410673,-5031.722537522001,Validate
2021-02-01,249.88641,5.525000095367432,8.647417549856748,-3.122417454489316,-0.04481377107975794,-3.077603683409558,-4.624076732622764,-4.53001111734834,-0.09406561527442392,-3.014997307955544,-0.06260637545401426,-3.0598110790353017,-0.06260637545401426,5.587606470821446,-0.06260637545401426,281.1774561854234,-31.29104261120466,Validate
2021-03-01,363.47116,5.898447513580322,8.649568469081832,-2.7511209555015093,-0.05277631346942676,-2.6983446420320827,-4.054242832850615,-3.542082853385932,-0.5121599794646827,-2.357471094632829,-0.3408735473992537,-2.4102474081022556,-0.3408735473992537,6.2393210609795755,-0.34087354739925324,540.4500077769665,-176.97884688829458,Validate
2021-04-01,2317.1287,7.748515605926514,8.651719388306915,-0.9032037823804018,-0.15369930267333995,-0.7495044797070618,-1.1261249277458514,-2.275910120214097,1.1497851924682456,-1.5147563014394763,0.7652518217324145,-1.6684556041128162,0.7652518217324145,6.983263784194099,0.7652518217324147,1138.3275098107529,1178.8011522986221,Validate
2021-05-01,3918.6733,8.273763656616211,8.653870307531998,-0.38010665091578666,-0.2575945745593994,-0.12251207635638728,-0.18407348704407078,-1.010773634416232,0.8267001473721611,-0.6727311937594613,0.550219117403074,-0.9303257683188607,0.550219117403074,7.723544539213137,0.5502191174030742,2387.6275154853292,1531.0458243584208,Validate
2021-06-01,4293.503,8.365091323852539,8.65602122675708,-0.2909299029045407,-0.11291939684103587,-0.17801050606350483,-0.26745946649593866,-0.18146792182900562,-0.08599154466693304,-0.12077791458379487,-0.05723259147970995,-0.23369731142483074,-0.05723259147970994,8.42232391533225,-0.05723259147971049,4803.237379144923,-509.73444945742267,Validate
2021-07-01,5088.596,8.534954071044922,8.658172145982164,-0.1232180749372418,0.041462823026462835,-0.16468089796370464,-0.24743182908390493,-1.1891422718046822,0.9417104427207773,-0.7914463464641347,0.62676544850043,-0.7499835234376718,0.62676544850043,7.9081886225444915,0.6267654485004304,2872.0179362617473,2216.5782551445027,Test
2021-08-01,3702.8623,8.217131614685059,8.660323065207246,-0.4431914505221872,-0.08600444359329108,-0.35718700692889616,-0.5366708315429569,-0.08206320251407029,-0.45460762902888663,-0.05461804138064919,-0.30256896554824697,-0.14062248497394028,-0.30256896554824697,8.519700580233305,-0.30256896554824664,5294.593081980099,-1591.7307772925988,Test
2021-09-01,3850.5225,8.256223678588867,8.66247398443233,-0.40625030584346256,-0.08194367327805592,-0.32430663256540665,-0.48726831266967,-0.8976346432117436,0.41036633054207355,-0.5974303291324424,0.2731236965670358,-0.6793740024104984,0.27312369656703583,7.983099982021831,0.27312369656703606,3095.506010627403,755.0164503100968,Test
2021-10-01,7542.0264,8.92837905883789,8.664624903657412,0.26375415518047873,0.17780658176967062,0.08594757341080811,0.12913559227158494,-0.6734402335954637,0.8025758258670486,-0.44821534401615115,0.5341629174269593,-0.2704087622464805,0.5341629174269593,8.394216141410931,0.5341629174269595,4670.081090977475,2871.9452762100254,Test
2021-11-01,8655.157,9.066025733947754,8.666775822882496,0.3992499110652581,0.20151277052449842,0.19773714054075966,0.2970985886450816,0.3909635544204968,-0.0938649657754152,0.2602099715765194,-0.06247283103575976,0.4617227421010178,-0.062472831035759735,9.128498564983513,-0.06247283103575896,9733.467769343688,-1078.310542781188,Test
2021-12-01,9438.892,9.15269947052002,8.668926742107578,0.48377272841244157,0.35930904226534033,0.12446368614710124,0.18700576629531,-0.2558275497820899,0.44283331607739984,-0.170268759593102,0.29473244574020324,0.18904028267223832,0.29473244574020324,8.857967024779816,0.29473244574020363,7426.144208254662,2012.7473933078381,Test
2022-01-01,7155.8384,8.875823974609375,8.671077661332662,0.2047463132767131,0.020643547899440482,0.18410276537727263,0.2766130409778513,0.3065170064186473,-0.029903965440796043,0.20400566913746726,-0.01990290376019463,0.22464921703690774,-0.01990290376019463,8.895726878369569,-0.01990290376019388,7711.954199521355,-556.1158206151049,Test
2022-02-01,8473.421,9.044807434082031,8.673228580557744,0.3715788535242872,-0.04481377107975794,0.41639262460404514,0.6256268334505563,0.17619136030382165,0.4494354731467346,0.11726604267408447,0.29912658192996067,0.07245227159432653,0.29912658192996067,8.74568085215207,0.29912658192996133,6637.295658657936,1836.1252397795643,Test
2022-03-01,9268.515,9.134486198425293,8.675379499782828,0.459106698642465,-0.05277631346942676,0.5118830121118918,0.7691004332010555,0.47239340445339284,0.29670702874766264,0.3144064784451639,0.1974765336667279,0.26163016497573716,0.19747653366672785,8.937009664758564,0.19747653366672857,8037.030296946603,1231.484351490897,Test
2022-04-01,8870.968,9.090651512145996,8.67753041900791,0.413121093138086,-0.15369930267333995,0.566820395811426,0.8516434451832707,0.48311469215699887,0.36852875302627186,0.32154214604659587,0.2452782497648301,0.16784284337325592,0.24527824976483006,8.845373262381166,0.24527824976483004,7333.195037180275,1537.772736257225,Test
2022-05-01,8212.177,9.013495445251465,8.679681338232994,0.3338141070184708,-0.2575945745593994,0.5914086815778702,0.8885871623748659,0.6042187383822205,0.2843684239926454,0.4021442381591857,0.18926444341868448,0.14454966359978633,0.18926444341868448,8.82423100183278,0.18926444341868454,7179.761258557871,1032.4154992546291,Test
2022-06-01,8234.894,9.016257286071777,8.681832257458076,0.33442502861370116,-0.11291939684103587,0.447344425454737,0.6721316849094994,0.7141079070210125,-0.041976222111513084,0.47528214864920837,-0.027937723194471353,0.3623627518081725,-0.027937723194471353,9.044195009266248,-0.027937723194471076,8946.457464438608,-711.5639097511084,Test
2022-07-01,10086.324,9.219035148620605,8.68398317668316,0.5350519719374454,0.041462823026462835,0.49358914891098254,0.7416140392793431,0.3904696822271623,0.35114435705218083,0.2598812696606069,0.23370787925037567,0.3013440926870697,0.23370787925037567,8.985327269370229,0.2337078792503764,8434.944383572227,1651.3798351777732,Test
2022-08-01,7246.706,8.888440132141113,8.686134095908242,0.20230603623287102,-0.08600444359329108,0.2883104798261621,0.4331843598713443,0.7725507857178944,-0.3393664258465501,0.514179431100783,-0.22586895127462092,0.42817498750749194,-0.22586895127462092,9.114309083415733,-0.22586895127462014,9596.316075261002,-2349.610020573502,Test
2022-09-01,7371.6494,8.905532836914062,8.688285015133326,0.21724782178073632,-0.08194367327805592,0.2991914950587922,0.44953300464186824,0.2557572683973345,0.19377573624453376,0.17022198306643402,0.1289695119923582,0.0882783097883781,0.12896951199235823,8.776563324921705,0.1289695119923575,6845.501044826996,526.1483692355041,Test
2022-10-01,12857.792,9.461783409118652,8.690435934358408,0.771347474760244,0.17780658176967062,0.5935408929905734,0.8917907942250822,0.33012856726846024,0.561662226956622,0.21972059577996192,0.3738202972106115,0.3975271775496325,0.3738202972106115,9.08796311190804,0.37382029721061194,9346.76719757099,3511.024794616509,Test
2022-11-01,16185.824,9.6919527053833,8.692586853583492,0.9993658517998085,0.20151277052449842,0.7978530812753101,1.198768343391528,0.9346440086909082,0.2641243347006197,0.6220623078182121,0.17579077345709793,0.8235750783427106,0.17579077345709793,9.516161931926202,0.17579077345709848,14343.065926599405,1842.7582921505946,Test
2022-12-01,17264.879,9.756487846374512,8.694737772808574,1.0617500735659373,0.35930904226534033,0.702441031300597,1.0554124452041658,0.8948279892734838,0.16058445593068194,0.5955623306112446,0.10687870068935235,0.954871372876585,0.10687870068935235,9.64960914568516,0.1068787006893519,16390.83829739691,874.0406088530908,Test
2023-01-01,12687.415,9.448444366455078,8.696888692033658,0.7515556744214198,0.020643547899440482,0.7309121265219793,1.0981900548344052,0.7882574490396643,0.3099326057947409,0.5246331687198245,0.20627895780215488,0.5452767166192649,0.20627895780215488,9.242165408652923,0.2062789578021551,10905.291331778815,1782.1237072836848,Test
2023-02-01,11733.303,9.370271682739258,8.69903961125874,0.6712320714805173,-0.04481377107975794,0.7160458425602753,1.07585357332496,0.9274388813170702,0.1484146920078897,0.6172668582988047,0.09877898426147058,0.5724530872190468,0.09877898426147058,9.271492698477788,0.09877898426146992,11229.879682635848,503.42305173915156,Test
2023-03-01,10688.323,9.277000427246094,8.701190530483824,0.5758098967622693,-0.05277631346942676,0.6285862102316961,0.944446123732138,0.864708592927603,0.07973753080453494,0.5755160445100237,0.053070165721672447,0.5227397310405969,0.053070165721672447,9.223930261524421,0.05307016572167278,10708.215816170767,-19.89257398326663,Test
2023-04-01,9961.381,9.206571578979492,8.703341449708907,0.5032301292705856,-0.15369930267333995,0.6569294319439256,0.9870316043622791,0.6378184833004776,0.34921312106180147,0.424506907444606,0.2324225244993196,0.2708076047712661,0.23242252449931955,8.974149054480172,0.2324225244993201,8341.17067223644,1620.2101871385603,Test
2023-05-01,9779.6455,9.18816089630127,8.70549236893399,0.48266852736727905,-0.2575945745593994,0.7402631019266784,1.112239826099396,0.9815089466955793,0.13073087940381667,0.6532537681173859,0.08700933380929254,0.3956591935579865,0.08700933380929254,9.101151562491976,0.08700933380929321,9470.86630201758,308.7792057949191,Test
2023-06-01,10676.965,9.275938034057617,8.707643288159073,0.5682947458985446,-0.11291939684103587,0.6812141427395805,1.023519202409424,0.978059192039597,0.04546001036982694,0.6509577470411767,0.03025639569840377,0.5380383502001408,0.03025639569840377,9.245681638359214,0.030256395698403438,10943.70785842978,-266.74301467977966,Test
2023-07-01,10972.285,9.303218841552734,8.709794207384157,0.5934246341685778,0.041462823026462835,0.551961811142115,0.8293185318036025,0.828728590729525,0.0005899410740775046,0.5515691695560083,0.0003926415861066346,0.5930319925824712,0.0003926415861066346,9.302826199966628,0.0003926415861066346,11587.353677361647,-615.068521111647,Test
2023-08-01,7871.422,8.971120834350586,8.711945126609239,0.25917570774134724,-0.08600444359329108,0.3451801513346383,0.5186306199703414,0.8002388319221807,-0.28160821195183927,0.5326075061332648,-0.1874273547986265,0.4466030625399737,-0.1874273547986265,9.158548189149212,-0.1874273547986256,10030.424237251847,-2159.0023622518474,Test
2023-09-01,8178.101,9.009337425231934,8.714096045834323,0.29524137939761097,-0.08194367327805592,0.3771850526756669,0.5667177471136847,0.4156624156328177,0.15105533148086703,0.2766485625944383,0.10053649008122856,0.1947048893163824,0.10053649008122856,8.908800935150705,0.10053649008122889,7813.4558741944475,364.64520002430254,Test
2023-10-01,11767.379,9.37317180633545,8.716246965059405,0.6569248412760444,0.17780658176967062,0.4791182595063738,0.7198716351624892,0.5917327890347728,0.12813884612771642,0.39383408114308993,0.08528417836328389,0.5716406629127606,0.08528417836328384,9.287887627972164,0.08528417836328472,11415.526840846887,351.85206540311265,Test
2023-11-01,18786.914,9.84096908569336,8.718397884284489,1.1225712014088707,0.20151277052449842,0.9210584308843722,1.383883468361341,0.6465281871010128,0.7373552812603282,0.43030374388307263,0.4907546870012996,0.631816514407571,0.49075468700129965,9.35021439869206,0.4907546870012993,12149.724518585097,6637.189543914903,Test
2023-12-01,18389.37,9.819581985473633,8.72054880350957,1.099033181964062,0.35930904226534033,0.7397241396987216,1.1114300393450154,1.3341023229918596,-0.22267228364684422,0.8879260576102453,-0.1482019179115237,1.2472350998755857,-0.1482019179115237,9.967783903385156,-0.14820191791152304,22531.49081603936,-4142.121675414361,Test
2024-01-01,13414.357,9.504155158996582,8.722699722734655,0.7814554362619273,0.020643547899440482,0.7608118883624868,1.1431142254750126,0.7142566197796539,0.4288576056953587,0.47538112601490307,0.28543076234758374,0.4960246739143436,0.2854307623475837,9.218724396648998,0.285430762347584,10652.609949605143,2761.747472269857,Test
2024-02-01,13743.753,9.528412818908691,8.724850641959737,0.8035621769489545,-0.04481377107975794,0.8483759480287124,1.2746785763689552,0.9123183141143721,0.36236026225458307,0.6072032032149777,0.24117274481373474,0.5623894321352197,0.24117274481373474,9.287240074094957,0.24117274481373485,11408.136417733667,2335.6165119538327,Test
2024-03-01,13641.526,9.520947456359863,8.72700156118482,0.7939458951750424,-0.05277631346942676,0.8467222086444692,1.2721938451965422,1.285946542655688,-0.013752697459145757,0.8558754634030852,-0.009153254758615947,0.8030991499336584,-0.009153254758615947,9.530100711118479,-0.009153254758615503,14544.40464239717,-902.8782752096704,Test
2024-04-01,12176.283,9.407327651977539,8.729152480409903,0.6781751715676361,-0.15369930267333995,0.831874474240976,1.2498852342608764,0.8916967399459157,0.3581884943149607,0.5934782941599872,0.23839618008098884,0.43977899148664723,0.23839618008098884,9.168931471896551,0.23839618008098817,10135.125984711149,2041.1572184138513,Test
2024-05-01,9643.344,9.174126625061035,8.731303399634987,0.44282322542604824,-0.2575945745593994,0.7004177999854476,1.0523725551431,1.2742897177033796,-0.2219171625602796,0.8481171389884,-0.1476993390029524,0.5905225644290006,-0.1476993390029524,9.321825964063988,-0.14769933900295307,11809.634619494836,-2166.2908694948364,Forecast
2024-06-01,,,8.733454318860069,,-0.11291939684103587,,,1.0657354987903884,,0.7093116499295774,,0.5963922530885415,,9.329846571948611,,11904.743996288897,,Forecast
2024-07-01,,,8.735605238085153,,0.041462823026462835,,,0.873528681376693,,0.5813863486309332,,0.6228491716573961,,9.35845440974255,,12250.260261861951,,Forecast
2024-08-01,,,8.737756157310235,,-0.08600444359329108,,,0.8720830606218166,,0.580424200289269,,0.49441975669597793,,9.232175914006213,,10796.885354852204,,Forecast
2024-09-01,,,8.739907076535317,,-0.08194367327805592,,,0.7955086074426221,,0.5294592546825614,,0.4475155814045055,,9.187422657939823,,10324.298598863703,,Forecast
2024-10-01,,,8.742057995760401,,0.17780658176967062,,,0.7472775696926438,,0.497358572099423,,0.6751651538690937,,9.417223149629494,,12991.828483199954,,Forecast
2024-11-01,,,8.744208914985485,,0.20151277052449842,,,0.6515990341455749,,0.43367870032188993,,0.6351914708463884,,9.379400385831874,,12509.58125098307,,Forecast
2024-12-01,,,8.746359834210567,,0.35930904226534033,,,0.6245778706371722,,0.41569447619412475,,0.775003518459465,,9.521363352670033,,14417.869823280693,,Forecast
2025-01-01,,,8.74851075343565,,0.020643547899440482,,,0.5998281975162028,,0.3992220667674164,,0.4198656146668569,,9.168376368102507,,10129.500944105263,,Forecast
2025-02-01,,,8.750661672660733,,-0.04481377107975794,,,0.5577569129664691,,0.3712210737513269,,0.326407302671569,,9.077068975332303,,9245.484043008846,,Forecast
2025-03-01,,,8.752812591885816,,-0.05277631346942676,,,0.5121653951721987,,0.3408771518812644,,0.28810083841183765,,9.040913430297653,,8917.14380005915,,Forecast
2025-04-01,,,8.7549635111109,,-0.15369930267333995,,,0.40809172589696474,,0.27160980913850324,,0.1179105064651633,,8.872874017576063,,7537.689933506474,,Forecast
2025-05-01,,,8.757114430335982,,-0.2575945745593994,,,0.4497012236255915,,0.29930345500103833,,0.04170888044163895,,8.798823310777621,,6999.612962223206,,Forecast
2025-06-01,,,8.759265349561066,,-0.11291939684103587,,,0.44669669753664254,,0.29730376055543933,,0.18438436371440348,,8.94364971327547,,8090.580800314495,,Forecast
2025-07-01,,,8.761416268786148,,0.041462823026462835,,,0.4341278735421561,,0.2889384454323882,,0.33040126845885104,,9.091817537245,,9382.866995596058,,Forecast
2025-08-01,,,8.763567188011232,,-0.08600444359329108,,,0.41437385359799733,,0.27579094636227525,,0.18978650276898418,,8.953353690780215,,8169.483534387143,,Forecast
2025-09-01,,,8.765718107236314,,-0.08194367327805592,,,0.3915298443676103,,0.2605868719023334,,0.17864319862427747,,8.94436130586059,,8096.340758342567,,Forecast
2025-10-01,,,8.767869026461398,,0.17780658176967062,,,0.36593720550480446,,0.24355341761800817,,0.42135999938767876,,9.189229025849077,,10342.966742597908,,Forecast
2025-11-01,,,8.77001994568648,,0.20151277052449842,,,0.332306715095905,,0.22117028534273703,,0.4226830558672354,,9.192703001553715,,10378.963922212311,,Forecast
2025-12-01,,,8.772170864911564,,0.35930904226534033,,,0.323751215807486,,0.2154760813651764,,0.5747851236305167,,9.34695598854208,,12110.19690804065,,Forecast
2026-01-01,,,8.774321784136646,,0.020643547899440482,,,0.2855389637139659,,0.19004350863888247,,0.21068705653832295,,8.985008840674968,,8432.258564452508,,Forecast
2026-02-01,,,8.77647270336173,,-0.04481377107975794,,,0.25501042543597663,,0.16972491375255613,,0.1249111426727982,,8.901383846034529,,7755.709777287499,,Forecast
2026-03-01,,,8.778623622586812,,-0.05277631346942676,,,0.24984288517060232,,0.16628560210733984,,0.11350928863791307,,8.892132911224724,,7684.283848488731,,Forecast
2026-04-01,,,8.780774541811896,,-0.15369930267333995,,,0.2589591963891752,,0.17235306045798754,,0.01865375778464759,,8.799428299596544,,7003.849536201681,,Forecast
2026-05-01,,,8.782925461036978,,-0.2575945745593994,,,0.34306986887147556,,0.22833381735575603,,-0.02926075720364335,,8.753664703833335,,6690.506959531256,,Forecast
2026-06-01,,,8.785076380262062,,-0.11291939684103587,,,0.3009202074335861,,0.2002806597641999,,0.08736126292316403,,8.872437643185226,,7534.400959943139,,Forecast
2026-07-01,,,8.787227299487144,,0.041462823026462835,,,0.26718710443653615,,0.17782923258434205,,0.2192920556108049,,9.006519355097948,,8615.627403083567,,Forecast
2026-08-01,,,8.789378218712228,,-0.08600444359329108,,,0.2502836998800568,,0.16657899104787083,,0.08057454745457975,,8.869952766166808,,7515.69966011107,,Forecast
2026-09-01,,,8.79152913793731,,-0.08194367327805592,,,0.23630204057052773,,0.15727334828299014,,0.07532967500493422,,8.866858812942244,,7492.479282863297,,Forecast
2026-10-01,,,8.793680057162394,,0.17780658176967062,,,0.22887228494290035,,0.15232839502884085,,0.33013497679851145,,9.123815033960906,,9687.982686101279,,Forecast
2026-11-01,,,8.795830976387476,,0.20151277052449842,,,0.22768829158642562,,0.15154037559799713,,0.35305314612249555,,9.148884122509973,,9933.946817909407,,Forecast
2026-12-01,,,8.79798189561256,,0.35930904226534033,,,0.21051945993059568,,0.14011347621913436,,0.4994225184844747,,9.297404414097034,,11524.694121981558,,Forecast
2027-01-01,,,8.800132814837642,,0.020643547899440482,,,0.21615854279571584,,0.1438666280806308,,0.16451017598007128,,8.964642990817714,,8262.24519638453,,Forecast
2027-02-01,,,8.802283734062726,,-0.04481377107975794,,,0.2117772414239181,,0.1409506061329751,,0.09613683505321717,,8.898420569115943,,7732.758520499643,,Forecast
2027-03-01,,,8.804434653287808,,-0.05277631346942676,,,0.1963648983087708,,0.13069275647262887,,0.07791644300320211,,8.88235109629101,,7609.474307218537,,Forecast
