,DataOriginal,DataLog,Linear,DataLinear,MonthlyAverage,DataSeasons,DataNormalised,ModelledNormalised,ResidualsNormalised,ModelledSeasons,ResidualsSeasons,ModelledLinear,ResidualsLinear,ModelledLog,ResidualsLog,ModelledOriginal,ResidualsOriginal,Purpose
2010-04-01,142.75517,4.968111515045166,4.920229581991832,0.047881933053334436,-0.20448535900210865,0.25236729205544306,0.37738517721775633,0.37738517721775633,0.0,0.25236729205544306,0.0,0.04788193305333441,2.7755575615628914e-17,4.968111515045166,0.0,232.79237291261703,-90.03720018312484,Train
2010-05-01,214.13277,5.371255397796631,4.929610397210761,0.4416450005858694,-0.06979626417160034,0.5114412647574698,0.7647993952186496,0.6289750228833644,0.13582437233528522,0.42061197121156163,0.09082929354590813,0.3508157070399613,0.09082929354590813,5.280426104250723,0.09082929354590785,318.49704196160525,-104.36427523797244,Train
2010-06-01,142.75517,4.968111515045166,4.938991212429692,0.029120302615473825,-0.09449906924470741,0.12361937186018124,0.18485802251566386,1.1522133021706231,-0.9673552796549593,0.7705150294529867,-0.6468956575928054,0.6760159602082793,-0.6468956575928054,5.615007172637972,-0.6468956575928058,445.45074640369086,-302.69557367419867,Train
2010-07-01,190.34024,5.254053115844727,4.948372027648622,0.3056810881961045,-0.13822283322106985,0.4439039214171744,0.6638053556277568,-0.3950784539038248,1.0588838095315816,-0.26419924676487333,0.7081031681820478,-0.40242207998594315,0.7081031681820477,4.545949947662679,0.7081031681820473,152.28084988293642,38.0593905955792,Train
2010-08-01,118.96265,4.787180423736572,4.957752842867553,-0.17057241913098053,-0.04877151800787112,-0.12180090112310941,-0.18213871647649466,1.1427466846222787,-1.3248854010987734,0.7641844558644493,-0.8859853569875586,0.7154129378565781,-0.8859853569875586,5.673165780724131,-0.8859853569875584,472.1855959202708,-353.2229494358958,Train
2010-09-01,118.96265,4.787180423736572,4.967133658086483,-0.1799532343499104,-0.3568871715391239,0.17693393718921352,0.26458359440381596,-1.0280750641727272,1.2926586585765432,-0.68750055815067,0.8644344953398835,-1.0443877296897939,0.8644344953398835,3.922745928396689,0.8644344953398835,81.19281089873652,37.769835585638475,Train
2010-10-01,95.17012,4.5661187171936035,4.9765144733054125,-0.410395756111809,0.22570362738601116,-0.6360993834978201,-0.9512107397684972,0.7112983829988775,-1.6625091227673747,0.47566374515357107,-1.1117631286513912,0.7013673725395823,-1.1117631286513912,5.677881845844995,-1.1117631286513916,474.42244041117436,-379.25232017191655,Train
2010-11-01,118.96265,4.787180423736572,4.985895288524343,-0.198714864787771,0.1984344829212534,-0.39714934770902444,-0.5938894685851741,-2.166996520635018,1.5731070520498438,-1.4491269843666115,1.051977636657587,-1.250692501445358,1.051977636657587,3.7352027870789852,1.051977636657587,67.13729394409387,51.82535254028113,Train
2010-12-01,142.75517,4.968111515045166,4.995276103743273,-0.027164588698107117,0.5994784637200566,-0.6266430524181638,-0.9370699248028959,-0.23657634271391065,-0.7004935820889853,-0.1582047589024409,-0.46843829351572286,0.44127370481761574,-0.46843829351572286,5.436549808560889,-0.46843829351572275,372.48271301826077,-229.72754028876858,Train
2011-01-01,166.5477,5.121268272399902,5.004656918962204,0.11661135343769846,0.10101877998195029,0.015592573455748174,0.023316833369934665,-1.2802464460336638,1.3035632794035985,-0.8561341256990919,0.87172669915484,-0.7551153457171416,0.87172669915484,4.249541573245063,0.8717266991548396,112.96182050311705,53.58587847149232,Train
2011-02-01,214.13277,5.371255397796631,5.014037734181134,0.3572176636154971,-0.042768558508020374,0.3999862221235175,0.5981316758258128,0.9836972268074349,-0.38556555098162204,0.6578239430654585,-0.2578377209419411,0.6150553845574381,-0.257837720941941,5.629093118738572,-0.25783772094194113,451.78392726063606,-237.65116053700325,Train
2011-03-01,166.5477,5.121268272399902,5.023418549400064,0.09784972299983874,-0.1356835711007741,0.23353329410061283,0.34922118021952026,1.1729484567704407,-0.8237272765509205,0.7843811671091763,-0.5508478730085634,0.6486975960084022,-0.5508478730085634,5.672116145408466,-0.5508478730085633,471.68918417915233,-305.14148520454296,Train
2011-04-01,166.5477,5.121268272399902,5.032799364618994,0.08846890778090799,-0.20448535900210865,0.2929542667830166,0.4380781557949205,0.2532739123720803,0.1848042434228402,0.16937085840217805,0.12358340838083856,-0.0351145005999306,0.12358340838083859,4.997684864019064,0.12358340838083848,239.8096470680011,-73.26194809339174,Train
2011-05-01,261.71783,5.571080684661865,5.042180179837924,0.528900504823941,-0.06979626417160034,0.5986967689955414,0.8952795920060966,0.5468260504627863,0.3484535415433103,0.36567681486079673,0.23301995413474463,0.2958805506891964,0.23301995413474463,5.33806073052712,0.23301995413474508,337.45212234550416,-75.73428787284791,Train
2011-06-01,166.5477,5.121268272399902,5.051560995056855,0.06970727734304738,-0.09449906924470741,0.1642063465877548,0.24555100109282807,0.38512941332657824,-0.13957841223375017,0.2575460643385252,-0.09333971775077043,0.16304699509381781,-0.09333971775077043,5.214607990150673,-0.09333971775077021,298.1454474211164,-131.597748446507,Train
2011-07-01,47.58506,3.8833160400390625,5.060941810275785,-1.1776257702367223,-0.13822283322106985,-1.0394029370156526,-1.5543030889285492,0.736249307406202,-2.290552396334751,0.49234907782450216,-1.5317520148401547,0.35412624460343234,-1.5317520148401547,5.415068054879217,-1.5317520148401549,364.5452103495437,-316.9601502299148,Train
2011-08-01,237.9253,5.476150989532471,5.070322625494715,0.405828364037756,-0.04877151800787112,0.4545998820456271,0.6797998886926675,-2.8116453084527175,3.491445197145385,-1.8802204102075089,2.334820292253136,-1.92899192821538,2.334820292253136,3.1413306972793347,2.334820292253136,36.62439369299131,201.3008992757587,Train
2011-09-01,214.13277,5.371255397796631,5.079703440713645,0.2915519570829854,-0.3568871715391239,0.6484391286221094,0.9696633564393168,0.6272560897311199,0.3424072667081969,0.41946247586557467,0.22897665275653473,0.06257530432645075,0.22897665275653467,5.142278745040096,0.22897665275653445,277.2724462399348,-63.13967951630201,Train
2011-10-01,214.13277,5.371255397796631,5.089084255932575,0.28217114186405556,0.22570362738601116,0.056467514478044406,0.08444043118575512,-0.3555442771505857,0.4399847083363408,-0.23776171362058857,0.29422922809863294,-0.012058086234577409,0.29422922809863294,5.077026169697998,0.29422922809863294,259.69420208250386,-45.56143535887105,Train
2011-11-01,190.34024,5.254053115844727,5.098465071151506,0.15558804469322052,0.1984344829212534,-0.042846438228032885,-0.06407173668243629,0.13366984566572992,-0.19774158234816622,0.0893885054755724,-0.13223494370360528,0.2878229883968258,-0.13223494370360528,5.386288059548332,-0.13223494370360545,354.1747673526605,-163.8345268741449,Train
2011-12-01,404.473,6.005054473876953,5.107845886370436,0.8972085875065172,0.5994784637200566,0.2977301237864606,0.4452198801718473,-0.43086710342596535,0.8760869835978127,-0.28813204834656453,0.585862172133025,0.3113464153734921,0.585862172133025,5.419192301743928,0.5858621721330248,366.05592217012327,38.41706977323611,Train
2012-01-01,237.9253,5.476150989532471,5.117226701589367,0.35892428794310405,0.10101877998195029,0.25790550796115375,0.38566691838169315,1.6651178897790024,-1.2794509713973092,1.1135076790632061,-0.8556021711020524,1.2145264590451563,-0.8556021711020523,6.331753160634523,-0.8556021711020527,913.2235006584614,-675.2982076897114,Train
2012-02-01,71.37759,4.281896591186523,5.1266075168082965,-0.8447109256217731,-0.042768558508020374,-0.8019423671137527,-1.1992091362820612,1.7106363387982813,-2.9098454750803424,1.143947050853717,-1.9458894179674697,1.1011784923456966,-1.9458894179674697,6.227786009153993,-1.9458894179674697,822.948411331283,-751.5708249665369,Train
2012-03-01,166.5477,5.121268272399902,5.135988332027226,-0.014720059627324034,-0.1356835711007741,0.12096351147345005,0.18088650015811536,-0.30214102416223065,0.483027524320346,-0.20204956815959618,0.32301307963304626,-0.3377331392603703,0.32301307963304626,4.798255192766856,0.3230130796330464,196.2707407894883,-29.72304181487891,Train
2012-04-01,214.13277,5.371255397796631,5.145369147246157,0.22588625055047373,-0.20448535900210865,0.43037160955258236,0.6435693976730188,0.3154080958927663,0.3281613017802525,0.21092160439277516,0.2194500051598072,0.006436245390666506,0.21945000515980723,5.151805392636824,0.21945000515980695,279.9361175545651,-65.80335083093229,Train
2012-05-01,214.13277,5.371255397796631,5.154749962465087,0.21650543533154387,-0.06979626417160034,0.2863016995031442,0.42813003509583986,1.0442608769679254,-0.6161308418720854,0.6983244325141391,-0.4120227330109949,0.6285281683425388,-0.4120227330109949,5.783278130807625,-0.41202273301099446,527.2660513838862,-313.13328466025337,Train
2012-06-01,166.5477,5.121268272399902,5.164130777684017,-0.042862505284114505,-0.09449906924470741,0.05163656396059291,0.0772163210314245,-0.2357021196293907,0.3129184406608152,-0.15762014316814207,0.20925670712873498,-0.2521192124128495,0.209256707128735,4.912011565271167,0.209256707128735,220.03774448483915,-53.49004551022978,Train
2012-07-01,95.17012,4.5661187171936035,5.173511592902948,-0.6073928757093441,-0.13822283322106985,-0.4691700424882742,-0.7015878253779474,-0.9047067386772576,0.2031189132993102,-0.6050009473810045,0.1358309048927303,-0.7432237806020744,0.1358309048927303,4.4302878123008735,0.13583090489272998,135.538922908269,-40.36880266901119,Train
2012-08-01,71.37759,4.281896591186523,5.1828924081218775,-0.900995816935354,-0.04877151800787112,-0.8522242989274829,-1.2743997665488667,0.09347977735257285,-1.3678795439014395,0.06251236057107269,-0.9147366594985555,0.013740842563201572,-0.9147366594985555,5.196633250685079,-0.9147366594985558,292.8164233305397,-221.4388369657936,Train
2012-09-01,0.0,0.0,5.192273223340808,-5.192273223340808,-0.3568871715391239,-4.8353860518016845,-7.230742966780938,-0.4065047965558066,-6.824238170225131,-0.27184033954556397,-4.56354571225612,-0.6287275110846879,-4.56354571225612,4.56354571225612,-4.56354571225612,155.0018121368604,-155.0018121368604,Train
2012-10-01,214.13277,5.371255397796631,5.201654038559738,0.1696013592368928,0.22570362738601116,-0.05610226814911837,-0.08389424887564975,-5.854019361702205,5.770125112826555,-3.9147351383662334,3.858632870217115,-3.689031510980222,3.858632870217115,1.512622527579516,3.858632870217115,6.381260612797331,207.7515061108355,Train
2012-11-01,237.9253,5.476150989532471,5.211034853778669,0.2651161357538019,0.1984344829212534,0.06668165283254848,0.0997144565225819,-1.7783704173972623,1.8780848739198441,-1.1892425924590302,1.2559242452915786,-0.9908081095377768,1.2559242452915786,4.220226744240892,1.2559242452915784,109.6695412906305,128.2557516781195,Train
2012-12-01,333.0954,5.811426639556885,5.220415668997599,0.5910109705592861,0.5994784637200566,-0.008467493160770556,-0.01266212582875246,-1.0968505196714997,1.0841883938427472,-0.7334924955978841,0.7250250024371135,-0.13401403187782746,0.7250250024371135,5.086401637119772,0.7250250024371132,262.14982540210065,70.9455725471181,Train
2013-01-01,285.51035,5.657774448394775,5.2297964842165285,0.42797796417824685,0.10101877998195029,0.32695918419629655,0.48892845291451126,-1.1393435661799112,1.6282720190944224,-0.7619087019724287,1.088867886168725,-0.6608899219904784,1.088867886168725,4.56890656222605,1.0888678861687255,155.84036010345255,129.66998535553182,Train
2013-02-01,142.75517,4.968111515045166,5.239177299435459,-0.2710657843902933,-0.042768558508020374,-0.22829722588227291,-0.3413912648750692,-1.4368761502728002,1.095484885397731,-0.9608764862912449,0.732579260408972,-1.0036450447992653,0.732579260408972,4.235532254636194,0.732579260408972,111.37642414102696,31.37874858846523,Train
2013-03-01,71.37759,4.281896591186523,5.248558114654389,-0.9666615234678657,-0.1356835711007741,-0.8309779523670916,-1.2426283900102555,0.44311750691465845,-1.685745896924914,0.2963242120606262,-1.127302164427718,0.16064064095985212,-1.127302164427718,5.409198755614241,-1.127302164427718,362.40600008880534,-291.02841372405925,Train
2013-04-01,214.13277,5.371255397796631,5.25793892987332,0.11331646792331096,-0.20448535900210865,0.3178018269254196,0.47523471761161395,-0.2718807286650371,0.747115446276651,-0.18181372082789835,0.49961554775331796,-0.386299079830007,0.49961554775331796,4.871639850043313,0.49961554775331773,211.2918037906342,2.8409629329986217,Train
2013-05-01,261.71783,5.571080684661865,5.26731974509225,0.3037609395696155,-0.06979626417160034,0.3735572037412158,0.558610231883287,0.5436827238190491,0.014927508064237816,0.363574790507392,0.009982413233823817,0.29377852633579166,0.009982413233823817,5.561098271428041,0.009982413233823983,422.0203059973329,-160.30247152467666,Train
2013-06-01,237.9253,5.476150989532471,5.27670056031118,0.19945042922129108,-0.09449906924470741,0.2939494984659985,0.439566406043183,-0.02349624936023742,0.4630626554034204,-0.015712553599001162,0.30966205206499964,-0.11021162284370857,0.30966205206499964,5.166488937467471,0.30966205206499975,284.0916902363425,-46.166397267592515,Train
2013-07-01,166.5477,5.121268272399902,5.28608137553011,-0.16481310313020803,-0.13822283322106985,-0.02659026990913818,-0.039762576363198174,-0.41742600876995894,0.37766343240676076,-0.27914363845297735,0.25255336854383914,-0.41736647167404717,0.25255336854383914,4.8687149038560635,0.2525533685438388,210.67176891492443,-44.12406994031505,Train
2013-08-01,190.34024,5.254053115844727,5.29546219074904,-0.04140907490431367,-0.04877151800787112,0.007362443103557451,0.011009655303434736,-0.2632035482603231,0.27421320356375783,-0.17601106440784858,0.18337350751140602,-0.2247825824157197,0.18337350751140602,5.070679608333321,0.1833735075114058,258.0449294723807,-67.70468899386509,Train
2013-09-01,166.5477,5.121268272399902,5.304843005967971,-0.18357473356806864,-0.3568871715391239,0.17331243797105528,0.25916807437700373,-1.486822326930235,1.7459904013072387,-0.9942767948155155,1.1675892327865707,-1.3511639663546393,1.1675892327865707,3.9536790396133314,1.167589232786571,83.77502227798306,82.77267669662632,Train
2013-10-01,261.71783,5.571080684661865,5.314223821186901,0.2568568634749644,0.22570362738601116,0.031153236088953234,0.04658594791179733,0.9494177615359686,-0.9028318136241712,0.6349003722791137,-0.6037471361901604,0.8606039996651248,-0.6037471361901604,6.174827820852026,-0.6037471361901607,780.44887764457,-518.7310431719137,Train
2013-11-01,237.9253,5.476150989532471,5.323604636405831,0.15254635312664,0.1984344829212534,-0.0458881297946134,-0.06862022353882163,0.5224881068193942,-0.5911083303582159,0.34940139838375583,-0.39528952817836926,0.5478358813050093,-0.39528952817836926,5.87144051771084,-0.3952895281783695,575.9539355382474,-338.0286425694974,Train
2013-12-01,356.88794,5.88021993637085,5.3329854516247615,0.5472344847460882,0.5994784637200566,-0.052243978973968486,-0.07812463771779256,0.25017866389524734,-0.3283033016130399,0.16730098517054784,-0.21954496414451632,0.7667794488906045,-0.2195449641445163,6.099764900515366,-0.21954496414451619,723.9384913245415,-367.0505518714165,Train
2014-01-01,475.8506,6.167203426361084,5.342366266843691,0.8248371595173927,0.10101877998195029,0.7238183795354424,1.0823840332464376,0.88379775712581,0.19858627612062763,0.5910185671172156,0.1327998124182268,0.6920373470991659,0.1327998124182268,6.034403613942857,0.13279981241822725,678.070889651701,-202.220303714201,Train
2014-02-01,261.71783,5.571080684661865,5.351747082062622,0.21933360259924317,-0.042768558508020374,0.26210216110726353,0.39194251249045015,0.8958011499737926,-0.5038586374833425,0.5990455483856799,-0.3369433872784164,0.5562769898776595,-0.33694338727841633,5.9080240719402815,-0.3369433872784162,597.4517976320619,-335.7339631594057,Train
2014-03-01,237.9253,5.476150989532471,5.361127897281552,0.11502309225091878,-0.1356835711007741,0.2507066633516929,0.374901905108469,0.4079190205297002,-0.0330171154212312,0.2727860679318314,-0.022079404580138517,0.13710249683105732,-0.022079404580138545,5.49823039411261,-0.022079404580138906,396.24463711498316,-158.31934414623316,Train
2014-04-01,333.0954,5.811426639556885,5.370508712500482,0.440917927056403,-0.20448535900210865,0.6454032860585116,0.9651236160690914,0.9604563592567366,0.004667256812354803,0.6422821699305677,0.003121116127943857,0.4377968109284591,0.003121116127943857,5.808305523428941,0.003121116127943857,540.6540072635238,-207.55860931430504,Train
2014-05-01,285.51035,5.657774448394775,5.3798895277194125,0.27788492067536286,-0.06979626417160034,0.3476811848469632,0.519915732700912,1.2993065897804839,-0.7793908570795719,0.8688801399941816,-0.5211989551472184,0.7990838758225812,-0.5211989551472184,6.178973403541994,-0.5211989551472183,783.6951628074358,-498.1848173484515,Train
2014-06-01,214.13277,5.371255397796631,5.389270342938342,-0.018014945141711536,-0.09449906924470741,0.07648412410299588,0.11437288284811797,0.4723435630532492,-0.35797068020513123,0.31586843661001973,-0.23938431250702386,0.22136936736531232,-0.23938431250702386,5.610639710303655,-0.23938431250702408,443.5051413556835,-229.3723746320507,Train
2014-07-01,261.71783,5.571080684661865,5.398651158157273,0.1724295265045921,-0.13822283322106985,0.31065235972566196,0.46454354236375217,-0.30024901132777876,0.764792553691531,-0.20078432992452566,0.5114366896501876,-0.33900716314559554,0.5114366896501876,5.059643995011678,0.5114366896501874,255.20192579523626,6.515908677419986,Train
2014-08-01,261.71783,5.571080684661865,5.408031973376203,0.16304871128566223,-0.04877151800787112,0.21182022929353334,0.31675188222364475,0.6161324776399358,-0.2993805954162911,0.41202382689153855,-0.2002035975980052,0.36325230888366744,-0.2002035975980052,5.77128428225987,-0.200203597598005,520.9679530887462,-259.25011861608994,Train
2014-09-01,309.3029,5.737548828125,5.417412788595133,0.32013603952986713,-0.3568871715391239,0.6770232110689911,1.012407441585872,-0.4470144897676083,1.4594219313534802,-0.298930225940228,0.9759534370092191,-0.655817397479352,0.9759534370092191,4.761595391115781,0.9759534370092187,189.1697895464836,120.13309741640703,Train
2014-10-01,309.3029,5.737548828125,5.426793603814064,0.3107552243109364,0.22570362738601116,0.08505159692492523,0.12718451633230896,0.9024390247228052,-0.7752545083904963,0.603484468026779,-0.5184328711018538,0.8291880954127901,-0.5184328711018538,6.2559816992268535,-0.5184328711018535,846.5108236273186,-537.207936664428,Train
2014-11-01,166.5477,5.121268272399902,5.4361744190329935,-0.31490614663309113,0.1984344829212534,-0.5133406295543446,-0.7676396686733898,0.4873029390741954,-1.2549426077475854,0.32587216077607767,-0.8392127903304223,0.524306643697331,-0.8392127903304222,5.960481062730325,-0.8392127903304223,629.6827570544976,-463.13505807988827,Train
2014-12-01,261.71783,5.571080684661865,5.445555234251924,0.125525450409941,0.5994784637200566,-0.47395301331011563,-0.7087401876215912,0.011930062258949992,-0.7206702498805412,0.007977943194644364,-0.48193095650476,0.607456406914701,-0.48193095650476003,6.053011641166625,-0.48193095650476003,690.8253589827947,-429.10752451013843,Train
2015-01-01,214.13277,5.371255397796631,5.454936049470854,-0.08368065167422323,0.10101877998195029,-0.18469943165617353,-0.27619596493618026,0.43432390123685427,-0.7105198661730345,0.29044369902969097,-0.4751431306858645,0.3914624790116413,-0.4751431306858645,5.846398528482496,-0.4751431306858649,561.6852648980937,-347.5524981744609,Train
2015-02-01,142.75517,4.968111515045166,5.464316864689785,-0.4962053496446188,-0.042768558508020374,-0.45343679113659846,-0.678060624997879,-0.26895769816219095,-0.40910292683568805,-0.17985901423863265,-0.2735777768979658,-0.222627572746653,-0.2735777768979658,5.241689291943132,-0.2735777768979659,306.3573887145756,-163.60221598508343,Train
2015-03-01,166.5477,5.121268272399902,5.473697679908715,-0.35242940750881235,-0.1356835711007741,-0.21674583640803827,-0.3241175400260992,-0.4284022363527624,0.1042846963266632,-0.2864837275695619,0.06973789116152365,-0.422167298670336,0.06973789116152362,5.051530381238379,0.06973789116152318,253.13161253993667,-86.5839135653273,Train
2015-04-01,118.96265,4.787180423736572,5.483078495127645,-0.6958980713910723,-0.20448535900210865,-0.49141271238896367,-0.7348490846081001,0.05209295995481367,-0.7869420445629137,0.03483591840005741,-0.5262486307890211,-0.16964944060205123,-0.5262486307890211,5.313429054525593,-0.5262486307890208,329.2173142358259,-210.25466775145088,Train
2015-05-01,285.51035,5.657774448394775,5.492459310346575,0.16531513804820008,-0.06979626417160034,0.23511140221980042,0.351581052639507,-0.351408438758956,0.702989491398463,-0.23499597082441018,0.4701073730442106,-0.3047922349960105,0.4701073730442106,5.187667075350565,0.47010737304421024,290.1937888331142,-4.6834433741298085,Train
2015-06-01,237.9253,5.476150989532471,5.501840125565505,-0.025689136033034465,-0.09449906924470741,0.06880993321167295,0.10289704592037323,-0.3838908745887839,0.48678792050915715,-0.2567178212430563,0.32552775445472926,-0.3512168904877637,0.32552775445472926,5.150623235077742,0.32552775445472903,279.60420302586743,-41.678910057117434,Train
2015-07-01,166.5477,5.121268272399902,5.511220940784435,-0.3899526683845327,-0.13822283322106985,-0.2517298351634628,-0.37643193648600654,-0.8594408657538473,0.4830089292678407,-0.5747304798008344,0.32300064463737155,-0.7129533130219042,0.32300064463737155,4.798267627762531,0.32300064463737144,196.27319386554876,-29.725494890939387,Train
2015-08-01,237.9253,5.476150989532471,5.520601756003366,-0.044450766470895076,-0.04877151800787112,0.004320751536976045,0.006461168447048066,-0.3946235903647774,0.4010847588118255,-0.2638950676753541,0.2682158192123301,-0.3126665856832252,0.2682158192123301,5.20793517032014,0.2682158192123305,296.15594891201914,-58.23065594326914,Train
2015-09-01,214.13277,5.371255397796631,5.529982571222296,-0.15872717342566478,-0.3568871715391239,0.19815999811345913,0.29632463619369853,-1.872027805512439,2.1683524417061375,-1.2518737259706,1.4500337240840593,-1.608760897509724,1.4500337240840593,3.9212216737125716,1.4500337240840593,81.06762355465902,133.0651431689738,Train
2015-10-01,285.51035,5.657774448394775,5.539363386441226,0.118411061953549,0.22570362738601116,-0.10729256543246216,-0.16044323133198254,0.9417403664015829,-1.1021835977335654,0.629766298295634,-0.7370588637280961,0.8554699256816451,-0.7370588637280961,6.394833312122872,-0.7370588637280964,972.7506096901767,-687.2402642311923,Train
2015-11-01,309.3029,5.737548828125,5.548744201660156,0.18880462646484375,0.1984344829212534,-0.009629856456409652,-0.014400301464523065,0.14297110706179794,-0.157371408526321,0.09560850110054912,-0.10523835755695878,0.2940429840218025,-0.10523835755695876,5.842787185681959,-0.1052383575569591,559.6568803182416,-250.353993355351,Train
2015-12-01,475.8506,6.167203426361084,5.558125016879087,0.609078409481997,0.5994784637200566,0.009599945761940343,0.01435557358936507,0.22241591555163087,-0.2080603419622658,0.1487353126363231,-0.13913536687438277,0.7482137763563798,-0.13913536687438277,6.306338793235467,-0.13913536687438288,890.2818473332642,-414.4312613957642,Train
2016-01-01,237.9253,5.476150989532471,5.567505832098017,-0.09135484256554616,0.10101877998195029,-0.19237362254749646,-0.28767180186392505,0.8258558042636928,-1.1135276061276178,0.5522712748996964,-0.7446448974471929,0.6532900548816467,-0.7446448974471929,6.220795886979664,-0.7446448974471931,817.2089942538619,-579.2837012851119,Train
2016-02-01,309.3029,5.737548828125,5.576886647316947,0.16066218080805328,-0.042768558508020374,0.20343073931607364,0.3042064008495582,-0.30311417436902177,0.60732057521858,-0.20270033903581786,0.4061310783518915,-0.24546889754383822,0.4061310783518915,5.331417749773109,0.40613107835189144,335.21124271142736,-25.908355748536735,Train
2016-03-01,237.9253,5.476150989532471,5.5862674625358775,-0.11011647300340677,-0.1356835711007741,0.02556709809736732,0.0382325449856592,0.07202051075606952,-0.03378796577041032,0.04816199037269448,-0.022594892275327162,-0.08752158072807961,-0.022594892275327155,5.498745881807798,-0.022594892275327183,396.44946462589047,-158.52417165714047,Train
2016-04-01,285.51035,5.657774448394775,5.595648277754807,0.06212617063996806,-0.20448535900210865,0.2666115296420767,0.3986857351552825,0.7088271441608334,-0.31014140900555087,0.4740111634115501,-0.2073996337694734,0.2695258044094414,-0.20739963376947335,5.865174082164248,-0.207399633769473,572.3497952382949,-286.8394497793105,Train
2016-05-01,380.68048,5.944583892822266,5.605029092973737,0.33955479984852843,-0.06979626417160034,0.4093510640201288,0.6121356796330594,0.5589525136740277,0.05318316595903172,0.37378609648492656,0.03556496753520222,0.3039898323133262,0.03556496753520222,5.9090189252870635,0.03556496753520211,598.0474656578591,-217.36698470082786,Train
2016-06-01,309.3029,5.737548828125,5.614409908192668,0.12313891993233206,-0.09449906924470741,0.21763798917703947,0.3254516480560767,0.2582871643355724,0.06716448372050426,0.17272335049459564,0.04491463868244383,0.07822428124988823,0.04491463868244383,5.692634189442556,0.04491463868244416,481.48802442691374,-172.18513746402311,Train
2016-07-01,214.13277,5.371255397796631,5.623790723411598,-0.25253532561496694,-0.13822283322106985,-0.1143124923938971,-0.17094069460790826,-0.22823433388430636,0.057293639276398106,-0.15262624043981707,0.03831374804591997,-0.2908490736608869,0.03831374804591997,5.332941649750711,0.038313748045919915,335.72398560187725,-121.59121887824443,Train
2016-08-01,214.13277,5.371255397796631,5.6331715386305286,-0.2619161408338977,-0.04877151800787112,-0.2131446228260266,-0.3187323547480169,0.013047948918933683,-0.3317803036669506,0.00872550310487953,-0.2218701259309061,-0.04004601490299159,-0.2218701259309061,5.593125523727537,-0.22187012593090571,435.78777435081946,-221.65500762718665,Train
2016-09-01,214.13277,5.371255397796631,5.642552353849458,-0.27129695605282755,-0.3568871715391239,0.08559021548629636,0.12798995613229366,-1.730767650580684,1.8587576067129776,-1.1574093830987306,1.242999598585027,-1.5142965546378546,1.242999598585027,4.128255799211604,1.242999598585027,99.94519142594932,114.1875752976835,Train
2016-10-01,380.68048,5.944583892822266,5.651933169068389,0.29265072375387646,0.22570362738601116,0.0669470963678653,0.10011139566156843,1.0245004875644708,-0.9243890919029023,0.685110145719739,-0.6181630493518737,0.9108137731057502,-0.6181630493518737,6.562746942174139,-0.6181630493518737,1150.7857618697826,-770.1052809127514,Train
2016-11-01,356.88794,5.88021993637085,5.661313984287319,0.21890595208353059,0.1984344829212534,0.020471469162277184,0.03061263983454934,0.2700901209596264,-0.23947748112507708,0.18061629484238498,-0.1601448256801078,0.3790507777636384,-0.1601448256801078,6.040364762050958,-0.16014482568010813,682.131021300709,-325.243081847584,Train
2016-12-01,523.43567,6.262322902679443,5.670694799506249,0.5916281031731945,0.5994784637200566,-0.007850360546862167,-0.011739277630121756,0.242223817384725,-0.25396309501484676,0.16198137222926148,-0.16983173277612365,0.7614598359493181,-0.16983173277612362,6.432154635455567,-0.16983173277612362,1009.7789463968617,-486.34327745154917,Train
2017-01-01,261.71783,5.571080684661865,5.68007561472518,-0.1089949300633144,0.10101877998195029,-0.2100137100452647,-0.31405044821013806,0.7795677236727628,-1.093618171882901,0.521317230442257,-0.7313309404875217,0.6223360104242073,-0.7313309404875217,6.302411625149387,-0.7313309404875215,886.7884976820706,-625.0706632094143,Train
2017-02-01,309.3029,5.737548828125,5.6894564299441095,0.048092398180890505,-0.042768558508020374,0.09086095668891088,0.13587172078815335,-0.27581905822717656,0.4116907790153299,-0.18444738432826824,0.2753083410171791,-0.2272159428362886,0.2753083410171791,5.462240487107821,0.2753083410171788,382.20205096814146,-72.89916400525084,Train
2017-03-01,499.6431,6.215893268585205,5.698837245163039,0.5170560234221657,-0.1356835711007741,0.6527395945229398,0.9760941901376364,-0.10427393664217344,1.0803681267798098,-0.06973069588041038,0.7224702904033502,-0.20541426698118448,0.7224702904033502,5.493422978181854,0.7224702904033506,394.3394999805879,105.30359694324022,Train
2017-04-01,285.51035,5.657774448394775,5.70821806038197,-0.050443611987194714,-0.20448535900210865,0.15404174701491394,0.23035105509387768,1.1816402856973416,-0.9512892306034639,0.7901936193773411,-0.6361518723624272,0.5857082603752325,-0.6361518723624272,6.293926320757203,-0.6361518723624275,879.2872123957538,-593.7768669367695,Train
2017-05-01,309.3029,5.737548828125,5.7175988756009,0.019949952524100034,-0.06979626417160034,0.08974621669570038,0.13420476011958524,0.43346533250681596,-0.2992605723872307,0.28986955176974644,-0.20012333507404606,0.2200732875981461,-0.20012333507404606,5.937672163199046,-0.20012333507404634,615.4603922463019,-306.1575052834113,Train
2017-06-01,214.13277,5.371255397796631,5.726979690819831,-0.35572429302319986,-0.09449906924470741,-0.26122522377849244,-0.3906311573360966,0.035297678275675815,-0.4259288356117724,0.023604476328270115,-0.28482970010676256,-0.0708945929164373,-0.28482970010676256,5.656085097903393,-0.2848297001067621,464.17189739430125,-250.03913067066844,Train
2017-07-01,309.3029,5.737548828125,5.736360506038761,0.001188322086239424,-0.13822283322106985,0.13941115530730927,0.20847275066145535,-0.3093457397953574,0.5178184904568127,-0.2068675490558426,0.3462787043631519,-0.34509038227691247,0.3462787043631519,5.391270123761848,0.34627870436315167,355.9486860699155,-46.64579910702486,Train
2017-08-01,428.26553,6.062075614929199,5.745741321257691,0.3163342936715079,-0.04877151800787112,0.365105811679379,0.5459721833270884,0.15559407434590555,0.39037810898118286,0.10404980792314471,0.2610560037562343,0.05527828991527359,0.2610560037562343,5.801019611172965,0.2610560037562344,536.7219055619549,-108.45637211468932,Train
2017-09-01,452.05804,6.116020202636719,5.755122136476621,0.36089806616009756,-0.3568871715391239,0.7177852376992215,1.0733621893993284,-0.656422849324257,1.7297850387235854,-0.4389670472714221,1.1567522849706435,-0.795854218810546,1.1567522849706435,4.959267917666075,1.1567522849706435,230.7339227642408,221.32412166935296,Train
2017-10-01,404.473,6.005054473876953,5.764502951695551,0.24055152218140208,0.22570362738601116,0.01484789479539092,0.022203255275403053,1.1319600521031319,-1.1097567968277289,0.7569711539024501,-0.7421232591070591,0.9826747812884612,-0.7421232591070591,6.747177732984012,-0.7421232591070588,1384.0612537418494,-979.5882617984901,Train
2017-11-01,666.1908,6.503076076507568,5.773883766914482,0.7291923095930866,0.1984344829212534,0.5307578266718331,0.7936850090472762,0.002591644023486772,0.7910933650237895,0.0017330998239012479,0.5290247268479319,0.20016758274515464,0.5290247268479319,5.974051349659637,0.5290247268479318,638.2996375648412,27.89115833359631,Train
2017-12-01,523.43567,6.262322902679443,5.783264582133412,0.4790583205460317,0.5994784637200566,-0.12042014317402494,-0.18007395769152662,0.6691527224474753,-0.8492266801390018,0.4474798448115922,-0.5678999879856171,1.0469583085316487,-0.567899987985617,6.830222890665061,-0.5678999879856175,1503.994920136861,-980.5592511915486,Train
2018-01-01,428.26553,6.062075614929199,5.792645397352342,0.2694302175768568,0.10101877998195029,0.1684114375949065,0.2518392130161153,0.7979444505156437,-0.5461052374995283,0.5336062260630479,-0.36519478846814135,0.6346250060449982,-0.36519478846814135,6.4272704033973405,-0.36519478846814124,1004.8541042894095,-576.5885708421439,Train
2018-02-01,618.6058,6.429083347320557,5.802026212571272,0.6270571347492844,-0.042768558508020374,0.6698256932573048,1.0016444123804293,0.18009897208682257,0.8215454402936068,0.12043687095133139,0.5493888223059734,0.07766831244331102,0.5493888223059733,5.879694525014584,0.5493888223059731,580.7358252638593,37.86994866192197,Train
2018-03-01,285.51035,5.657774448394775,5.811407027790202,-0.15363257939542674,-0.1356835711007741,-0.017949008294652652,-0.026840600542927525,0.5831707179950774,-0.6100113185380048,0.38998144016007597,-0.4079304484547286,0.25429786905930185,-0.4079304484547286,6.065704896849504,-0.4079304484547288,699.662844728617,-414.1524992696326,Train
2018-04-01,428.26553,6.062075614929199,5.820787843009133,0.24128777192006634,-0.20448535900210865,0.44577313092217496,0.6666005354411011,0.6336003594521094,0.03300017598899174,0.42370505418134036,0.022068076740834608,0.2192196951792317,0.022068076740834636,6.040007538188364,0.022068076740834996,681.8870341802278,-253.6215007329622,Train
2018-05-01,214.13277,5.371255397796631,5.830168658228063,-0.4589132604314319,-0.06979626417160034,-0.38911699625983154,-0.581878045272588,0.7030836799610634,-1.2849617252336514,0.47017035938792784,-0.8592873556477594,0.4003740952163275,-0.8592873556477594,6.23054275344439,-0.8592873556477594,825.2229601440496,-611.0901934204168,Train
2018-06-01,261.71783,5.571080684661865,5.8395494734469935,-0.26846878878512825,-0.09449906924470741,-0.17396971954042084,-0.26015096054864956,-0.08673925750380973,-0.17341170304483983,-0.058004799479724437,-0.1159649200606964,-0.15250386872443183,-0.11596492006069642,5.687045604722561,-0.11596492006069603,478.7991198100301,-217.08128533737386,Train
2018-07-01,309.3029,5.737548828125,5.848930288665923,-0.11138146054092335,-0.13822283322106985,0.026841372680146497,0.040138070600050445,-0.023518032238027953,0.0636561028380784,-0.0157271203764292,0.0425684930565757,-0.15394995359749905,0.0425684930565757,5.694980335068425,0.042568493056575285,482.62134053742267,-173.31845357453204,Train
2018-08-01,404.473,6.005054473876953,5.858311103884853,0.14674336999209991,-0.04877151800787112,0.19551488799997102,0.2923691895872505,0.0007939928474446356,0.29157519673980586,0.0005309636862217761,0.19498392431374925,-0.048240554321649344,0.19498392431374925,5.8100705495632035,0.19498392431374967,541.6108849507198,-137.1378930073604,Train
2018-09-01,523.43567,6.262322902679443,5.867691919103784,0.3946309835756594,-0.3568871715391239,0.7515181551147834,1.1238057429726138,0.22865679035141828,0.8951489526211955,0.15290874807671564,0.5986094070380678,-0.20397842346240827,0.5986094070380676,5.6637134956413755,0.5986094070380679,467.73398287270265,55.701686072609846,Validate
2018-10-01,452.05804,6.116020202636719,5.877072734322714,0.23894746831400493,0.22570362738601116,0.013243840927993772,0.01980458408436174,0.46680621367699304,-0.4470016295926313,0.3121654669344399,-0.2989216260064461,0.537869094320451,-0.2989216260064461,6.4149418286431645,-0.2989216260064458,992.5294853707414,-540.4714409371477,Validate
2018-11-01,713.7759,6.571969032287598,5.886453549541645,0.6855154827459531,0.1984344829212534,0.48708099982469966,0.7283715252524209,-0.15172338863245116,0.880094913884872,-0.1014613796252878,0.5885423794499874,0.0969731032959656,0.5885423794499874,5.98342665283761,0.5885423794499873,644.3214495371849,69.45442936906511,Validate
2018-12-01,856.53107,6.75405740737915,5.895834364760574,0.858223042618576,0.5994784637200566,0.2587445788985193,0.3869216488652552,0.34908041387699074,0.03784123498826447,0.2334391599829492,0.025305418915570116,0.8329176237030058,0.025305418915570144,6.72875198846358,0.025305418915570144,1358.7741512079438,-502.2430843134125,Validate
2019-01-01,689.98334,6.538115501403809,5.905215179979505,0.6329003214243034,0.10101877998195029,0.5318815414423531,0.7953653904245973,0.5758383384868755,0.21952705193772182,0.38507808710723473,0.14680345433511838,0.48609686708918504,0.14680345433511838,6.39131204706869,0.1468034543351182,969.3278055338178,-279.34446813147406,Validate
2019-02-01,594.81323,6.389927387237549,5.914595995198435,0.4753313920391138,-0.042768558508020374,0.5180999505471342,0.7747566654191707,0.7018454925827389,0.07291117283643178,0.46934235125568297,0.04875759929145124,0.4265737927476626,0.04875759929145118,6.3411697879460975,0.04875759929145129,921.8730635838467,-327.0598311619717,Validate
2019-03-01,761.36096,6.636420249938965,5.923976810417365,0.7124434395215999,-0.1356835711007741,0.8481270106223741,1.2682727607053517,0.5877134959786232,0.6805592647267285,0.39301931405477597,0.4551076965675981,0.25733574295400186,0.4551076965675981,6.181312553371367,0.4551076965675982,785.5328308161126,-24.17186890205005,Validate
2019-04-01,309.3029,5.737548828125,5.933357625636296,-0.19580879751129565,-0.20448535900210865,0.008676561490813,0.012974762573954546,1.116543019973468,-1.1035682573995136,0.7466613831828386,-0.7379848216920256,0.54217602418073,-0.7379848216920256,6.4755336498170255,-0.7379848216920255,1054.5904535933882,-745.2875666304976,Validate
2019-05-01,452.05804,6.116020202636719,5.9427384408552255,0.17328176178149324,-0.06979626417160034,0.24307802595309358,0.36349418799444644,0.6892140690943838,-0.3257198810999373,0.4608953895491761,-0.2178173635960825,0.39109912537757574,-0.2178173635960825,6.333837566232801,-0.21781736359608228,915.1311006566988,-463.073056223105,Validate
2019-06-01,333.0954,5.811426639556885,5.952119256074155,-0.1406926165172706,-0.09449906924470741,-0.046193547272563196,-0.0690769389400241,0.48933086786998614,-0.5584078068100102,0.327228289552645,-0.3734218368252082,0.23272922030793758,-0.3734218368252082,6.184848476382093,-0.3734218368252078,788.3188730639675,-455.2234751147488,Validate
2019-07-01,356.88794,5.88021993637085,5.961500071293086,-0.08128013492223651,-0.13822283322106985,0.05694269829883333,0.08515101189912286,0.3760921160314309,-0.290941104132308,0.25150258837931894,-0.1945598900804856,0.11327975515824909,-0.1945598900804856,6.074779826451335,-0.1945598900804857,706.0502495076829,-349.1623100545579,Validate
2019-08-01,237.9253,5.476150989532471,5.970880886512016,-0.4947298969795453,-0.04877151800787112,-0.4459583789716742,-0.6668775517985701,0.26080271104484926,-0.9276802628434193,0.1744055620635277,-0.6203639410352019,0.1256340440556566,-0.6203639410352019,6.096514930567673,-0.620363941035202,721.5862873802665,-483.6609944115165,Validate
2019-09-01,333.0954,5.811426639556885,5.980261701730947,-0.16883506217406197,-0.3568871715391239,0.18805210936506195,0.28120949446696003,0.6762340247748946,-0.39502453030793455,0.4522152960176303,-0.2641631866525683,0.09532812447850636,-0.2641631866525683,6.075589826209453,-0.264163186652568,706.6231920490955,-373.5277940998767,Validate
2019-10-01,666.1908,6.503076076507568,5.989642516949877,0.5134335595576918,0.22570362738601116,0.28772993217168064,0.4302657866598951,-0.3165267041250974,0.7467924907849925,-0.21166964683722295,0.4993995790089036,0.01403398054878821,0.4993995790089035,6.003676497498665,0.4993995790089034,657.5223152989621,8.668480599475402,Validate
2019-11-01,642.3983,6.466763973236084,5.999023332168807,0.46774064106727664,0.1984344829212534,0.2693061581460232,0.40271523060699294,-0.0725578604808027,0.47527309108779564,-0.04852133012185318,0.3178274882678764,0.1499131527994002,0.31782748826787643,6.148936484968208,0.3178274882678762,760.4758028240379,-118.07748739435044,Validate
2019-12-01,689.98334,6.538115501403809,6.008404147387737,0.5297113540160714,0.5994784637200566,-0.06976710970398525,-0.10432838917106914,-0.08635525517622106,-0.01797313399484808,-0.057748007126959024,-0.01201910257702623,0.5417304565930976,-0.012019102577026208,6.550134603980835,-0.01201910257702643,1136.350274295686,-446.3669368933422,Validate
2020-01-01,380.68048,5.944583892822266,6.017784962606667,-0.07320106978440144,0.10101877998195029,-0.17421984976635174,-0.26052500046036564,-0.40685472487955554,0.1463297244191899,-0.272074345724951,0.09785449595859924,-0.17105556574300068,0.09785449595859924,5.846729396863666,0.09785449595859941,561.8714704638674,-181.1909895068361,Validate
2020-02-01,380.68048,5.944583892822266,6.027165777825598,-0.08258188500333219,-0.042768558508020374,-0.039813326495311815,-0.05953607994399205,0.20977883661070595,-0.269314916554698,0.1402845689814607,-0.18009789547677252,0.09751601047344031,-0.18009789547677252,6.124681788299038,-0.18009789547677268,742.2286226601034,-361.54814170307213,Validate
2020-03-01,356.88794,5.88021993637085,6.036546593044528,-0.15632665667367807,-0.1356835711007741,-0.02064308557290398,-0.030869271702373365,0.30940242960476716,-0.3402717013071405,0.20690545900713786,-0.22754854458004184,0.07122188790636377,-0.22754854458004184,6.107768480950892,-0.22754854458004203,729.7638757204569,-372.8759362673319,Validate
2020-04-01,23.79253,3.2105424404144287,6.0459274082634575,-2.835384967849029,-0.20448535900210865,-2.6308996088469203,-3.9341964921060253,-0.16349608373437796,-3.7707004083716473,-0.10933408730546601,-2.5215655215414543,-0.31381944630757463,-2.5215655215414543,5.732107961955883,-2.5215655215414543,500.91454350746085,-477.1220134476464,Validate
2020-05-01,23.79253,3.2105424404144287,6.055308223482388,-2.8447657830679596,-0.06979626417160034,-2.7749695188963592,-4.149635854683205,-1.8934430387973649,-2.25619281588584,-1.266194649947256,-1.5087748689491032,-1.3359909141188564,-1.5087748689491032,4.719317309363532,-1.5087748689491036,181.29736375447723,-157.50483369466278,Validate
2020-06-01,356.88794,5.88021993637085,6.064689038701318,-0.18446910233046854,-0.09449906924470741,-0.08997003308576113,-0.1345394508290642,-2.7789765716430463,2.6444371208139823,-1.8583739754738746,1.7684039423881135,-1.952873044718582,1.7684039423881135,4.111815993982736,1.7684039423881135,98.2992387809824,258.5887006721426,Validate
2020-07-01,951.7012,6.8593010902404785,6.074069853920249,0.7852312363202296,-0.13822283322106985,0.9234540695412995,1.380915390611472,-0.7198505416725514,2.1007659322840233,-0.4813827962875222,1.4048368658288217,-0.619605629508592,1.4048368658288215,5.454464224411657,1.4048368658288215,379.23372734416506,572.4674445308349,Validate
2020-08-01,618.6058,6.429083347320557,6.083450669139179,0.3456326781813779,-0.04877151800787112,0.394404196189249,0.5897844219908142,-0.1533093343854679,0.743093756376282,-0.10252194283549762,0.4969261390247466,-0.15129346084336875,0.49692613902474664,5.93215720829581,0.4969261390247466,612.0699985108639,6.535775414917339,Validate
2020-09-01,1046.8713,6.9545159339904785,6.0928314843581095,0.861684449632369,-0.3568871715391239,1.218571621171493,1.8222284808100353,0.7790035522498583,1.0432249285601771,0.5209399543253116,0.6976316668461814,0.16405278278618768,0.6976316668461813,6.256884267144297,0.6976316668461813,847.2761050136729,199.59523287695208,Validate
2020-10-01,713.7759,6.571969032287598,6.102212299577039,0.4697567327105583,0.22570362738601116,0.24405310532454713,0.36495230286503966,-0.5102917793386688,0.8752440822037084,-0.34124539670392295,0.5852985020284701,-0.1155417693179118,0.5852985020284701,5.986670530259127,0.5852985020284702,646.4181921663732,67.35768673987684,Validate
2020-11-01,380.68048,5.944583892822266,6.111593114795969,-0.1670092219737036,0.1984344829212534,-0.36544370489495703,-0.5464774623194769,0.613102974200278,-1.159580436519755,0.409997919077735,-0.775441623972692,0.6084324019989884,-0.775441623972692,6.720025516794958,-0.775441623972692,1346.959744617347,-966.2792636603158,Validate
2020-12-01,1832.0248,7.513722896575928,6.1209739300149,1.3927489665610278,0.5994784637200566,0.7932705028409711,1.1862413978372828,-0.260559986654348,1.4468013844916308,-0.17424324594502452,0.9675137487859956,0.42523521777503215,0.9675137487859956,6.5462091477899325,0.9675137487859953,1131.8944069979423,700.1303732754952,Validate
2021-01-01,142.75517,4.968111515045166,6.13035474523383,-1.1622432301886638,0.10101877998195029,-1.263262010170614,-1.8890576258826803,0.3164430627097041,-2.2055006885923847,0.2116137136454052,-1.4748757238160193,0.3126324936273555,-1.4748757238160193,6.4429872388611855,-1.4748757238160195,1020.787833655515,-878.0326609260228,Validate
2021-02-01,237.9253,5.476150989532471,6.13973556045276,-0.663584570920289,-0.042768558508020374,-0.6208160124122686,-0.9283562816545731,0.02205785770390989,-0.950414139358483,0.01475066365435966,-0.6355666760666282,-0.028017894853660713,-0.6355666760666283,6.111717665599099,-0.6355666760666283,732.6555032272304,-494.7302102584804,Validate
2021-03-01,142.75517,4.968111515045166,6.1491163756716904,-1.1810048606265244,-0.1356835711007741,-1.0453212895257504,-1.5631532790330964,-0.3476655678867836,-1.215487711146313,-0.23249301563818062,-0.8128282738875698,-0.3681765867389547,-0.8128282738875697,5.780939788932736,-0.8128282738875701,526.032227867646,-383.27705513815386,Validate
2021-04-01,523.43567,6.262322902679443,6.15849719089062,0.10382571178882305,-0.20448535900210865,0.3083110707909317,0.4610424240835075,-1.3569441681278347,1.817986592211342,-0.9074238890502321,1.2157349598411638,-1.1119092480523407,1.2157349598411638,5.046587942838279,1.2157349598411642,251.87868151715708,271.5569874281554,Validate
2021-05-01,475.8506,6.167203426361084,6.167878006109551,-0.0006745797484670746,-0.06979626417160034,0.06912168442313327,0.1033632326644104,-0.35161320001997565,0.45497643268438603,-0.23513290000997691,0.30425458443311015,-0.30492916418157723,0.30425458443311015,5.862948841927974,0.30425458443311015,571.075372678529,-95.22478674102899,Validate
2021-06-01,285.51035,5.657774448394775,6.177258821328481,-0.5194843729337055,-0.09449906924470741,-0.4249853036889981,-0.635514819853833,-0.7370026445326379,0.1014878246788049,-0.49285285397174006,0.06786755028274194,-0.5873519232164475,0.06786755028274194,5.589906898112034,0.06786755028274172,434.38417806894745,-148.87383260996307,Validate
2021-07-01,356.88794,5.88021993637085,6.186639636547412,-0.30641970017656206,-0.13822283322106985,-0.1681968669554922,-0.25151834822368685,-0.4287814310855942,0.17726308286190734,-0.2867373049585626,0.11854043800307038,-0.4249601381796324,0.11854043800307035,5.761679498367779,0.11854043800307057,515.9785630638587,-159.0906236107337,Test
2021-08-01,571.0207,6.349174976348877,6.1960204517663415,0.15315452458253542,-0.04877151800787112,0.20192604259040653,0.3019563064104179,-0.41236339267476874,0.7143196990851866,-0.2757581352806516,0.4776841778710581,-0.3245296532885227,0.4776841778710581,5.871490798477819,0.4776841778710583,575.9829459539643,-4.962255035995554,Test
2021-09-01,452.05804,6.116020202636719,6.205401266985271,-0.08938106434855264,-0.3568871715391239,0.2675061071905713,0.40002346915371007,1.7696843864227803,-1.3696609172690701,1.1834340174325795,-0.9159279102420081,0.8265468458934555,-0.9159279102420081,7.031948112878727,-0.9159279102420079,1840.3789956619478,-1388.320951228354,Test
2021-10-01,404.473,6.005054473876953,6.214782082204202,-0.20972760832724902,0.22570362738601116,-0.43543123571326015,-0.6511354649702163,-0.21902836735540898,-0.43210709761480737,-0.14646997097322295,-0.2889612647400372,0.0792336564127882,-0.28896126474003725,6.294015738616991,-0.28896126474003747,879.3659293135814,-474.89293737022206,Test
2021-11-01,452.05804,6.116020202636719,6.224162897423132,-0.10814269478641325,0.1984344829212534,-0.3065771777076667,-0.45844959383528006,0.26879177836594303,-0.7272413722012231,0.17974805935167557,-0.4863252370593423,0.37818254227292897,-0.4863252370593422,6.602345439696061,-0.48632523705934183,1197.3098095581756,-745.2517651245819,Test
2021-12-01,880.3236,6.7814249992370605,6.233543712642062,0.5478812865949987,0.5994784637200566,-0.05159717712505796,-0.07715742271783034,-0.4478632358775392,0.37070581315970885,-0.29949780455840525,0.2479006274333473,0.2999806591616514,0.2479006274333473,6.533524371803713,0.2479006274333475,1117.6146544317364,-237.29104603329893,Test
2022-01-01,927.9086,6.834010601043701,6.242924527860993,0.5910860731827086,0.10101877998195029,0.49006729320075826,0.7328371707240238,-0.6202972599333041,1.3531344306573279,-0.41480892522827406,0.9048762184290323,-0.31379014524632376,0.9048762184290323,5.929134382614669,0.904876218429032,610.2195929108152,317.68903746027854,Test
2022-02-01,499.6431,6.215893268585205,6.252305343079923,-0.03641207449471828,-0.042768558508020374,0.006356484013302091,0.009505363497401371,0.5101954623693481,-0.5006900988719467,0.34118098703922534,-0.33482450302592326,0.298412428531205,-0.33482450302592326,6.5507177716111284,-0.33482450302592337,1137.0137335951517,-637.3706366713236,Test
2022-03-01,261.71783,5.571080684661865,6.261686158298853,-0.690605473636988,-0.1356835711007741,-0.5549219025362139,-0.8298195016675768,0.47620850950839344,-1.3060280111759703,0.31845302691644084,-0.8733749294526547,0.18276945581566675,-0.8733749294526547,6.44445561411452,-0.8733749294526545,1022.2893037155728,-760.5714692429166,Test
2022-04-01,499.6431,6.215893268585205,6.271066973517783,-0.055173704932578005,-0.20448535900210865,0.14931165406953065,0.22327776540601366,-0.7109618262378694,0.934239591643883,-0.47543868088627594,0.6247503349558066,-0.6799240398883846,0.6247503349558066,5.591142933629398,0.6247503349558068,434.92266110025827,64.72043582356986,Test
2022-05-01,261.71783,5.571080684661865,6.280447788736714,-0.7093671040748486,-0.06979626417160034,-0.6395708399032483,-0.9564018886693556,-1.1512503052170286,0.19484841654767304,-0.769871048321486,0.13030020841823775,-0.8396673124930863,0.13030020841823775,5.440780476243628,0.13030020841823742,374.06614138013293,-112.34830690747668,Test
2022-06-01,237.9253,5.476150989532471,6.289828603955644,-0.813677614423173,-0.09449906924470741,-0.7191785451784656,-1.0754457145094596,-0.8557497489782844,-0.2196959655311752,-0.5722621339262646,-0.146916411252201,-0.666761203170972,-0.146916411252201,5.623067400784672,-0.14691641125220123,449.0637826635077,-211.1384896947577,Test
2022-07-01,214.13277,5.371255397796631,6.2992094191745736,-0.9279540213779427,-0.13822283322106985,-0.7897311881568728,-1.180948774976336,-0.10920888428210662,-1.0717398906942295,-0.07303082383325447,-0.7167003643236184,-0.2112536570543243,-0.7167003643236184,6.08795576212025,-0.7167003643236187,715.427942381207,-501.2951756575742,Test
2022-08-01,190.34024,5.254053115844727,6.308590234393504,-1.0545371185487777,-0.04877151800787112,-1.0057656005409066,-1.5040024652492077,-0.3059482398023654,-1.1980542254468423,-0.20459555236717816,-0.8011700481737284,-0.2533670703750493,-0.8011700481737285,6.055223164018455,-0.801170048173728,692.3570396227625,-502.0167991442469,Test
2022-09-01,333.0954,5.811426639556885,6.317971049612434,-0.5065444100555494,-0.3568871715391239,-0.14965723851642548,-0.22379454571725327,1.4796779429786036,-1.7034724886958568,0.9894991592852328,-1.1391563978016583,0.6326119877461089,-1.1391563978016583,6.950583037358543,-1.1391563978016581,1696.4882688108141,-1363.3928708615954,Test
2022-10-01,666.1908,6.503076076507568,6.327351864831365,0.17572421167620345,0.22570362738601116,-0.04997941570980771,-0.07473825352431956,-0.31968802974365307,0.2449497762193335,-0.21378370757363613,0.16380429186382842,0.01191991981237503,0.16380429186382842,6.33927178464374,0.16380429186382806,920.123108696924,-253.93231279848646,Test
2022-11-01,689.98334,6.538115501403809,6.336732680050295,0.20138282135351382,0.1984344829212534,0.0029483384322604167,0.004408888381272768,0.3429266353911383,-0.33851774700986553,0.22932396811496678,-0.22637562968270636,0.4277584510362202,-0.22637562968270636,6.764491131086515,-0.22637562968270597,1408.2501625044379,-718.2668251020941,Test
2022-12-01,1070.6638,6.976967811584473,6.3461134952692255,0.6308543163152471,0.5994784637200566,0.03137585259519049,0.04691884433816738,-0.2317178083582736,0.278636652696441,-0.15495573050198796,0.18633158309717845,0.4445227332180687,0.18633158309717845,6.790636228487294,0.18633158309717857,1445.5810283415028,-374.9172099821278,Test
2023-01-01,713.7759,6.571969032287598,6.355494310488155,0.21647472179944227,0.10101877998195029,0.11545594181749198,0.1726505868045091,-0.6205306475823158,0.7931812343868249,-0.4149649976246901,0.530420939442182,-0.3139462176427398,0.530420939442182,6.0415480928454155,0.5304209394421822,682.9398697481174,30.836009158132583,Test
2023-02-01,689.98334,6.538115501403809,6.364875125707085,0.17324037569672335,-0.042768558508020374,0.2160089342047437,0.32301559069535407,0.31223744788964025,0.01077814280571382,0.20880130953512044,0.007207624669623269,0.16603275102710008,0.007207624669623269,6.530907876734186,0.007207624669622881,1114.6916304102813,-424.7082930079375,Test
2023-03-01,856.53107,6.75405740737915,6.374255940926016,0.3798014664531344,-0.1356835711007741,0.5154850375539085,0.7708463750034829,0.23140657877150655,0.5394397962319764,0.15474760317542205,0.3607374343784865,0.019064032074647963,0.36073743437848643,6.393319973000664,0.3607374343784864,971.2781092745284,-114.7470423799972,Test
2023-04-01,808.946,6.696967601776123,6.383636756144946,0.3133308456311772,-0.20448535900210865,0.5178162046332858,0.7743323572566099,-1.8038578974072204,2.5781902546638302,-1.2062867338289995,1.7241029384622855,-1.4107720928311083,1.7241029384622855,4.972864663313837,1.724102938462286,233.90626788199674,575.039716004722,Test
2023-05-01,666.1908,6.503076076507568,6.393017571363876,0.11005850514369264,-0.06979626417160034,0.17985476931529298,0.26895135038576645,-2.3406647974285804,2.609616147814347,-1.5652634819721787,1.7451182512874717,-1.635059746143779,1.7451182512874717,4.757957825220097,1.7451182512874714,188.47929103394287,477.7115048644946,Test
2023-06-01,428.26553,6.062075614929199,6.4023983865828065,-0.34032277165360725,-0.09449906924470741,-0.24582370240889984,-0.36760001956801436,-0.9345144530169338,0.5669144334489195,-0.6249341419111271,0.3791104395022272,-0.7194332111558345,0.3791104395022272,5.682965175426972,0.37911043950222734,476.84532230273004,-48.579788855464415,Test
2023-07-01,452.05804,6.116020202636719,6.411779201801736,-0.2957589991650176,-0.13822283322106985,-0.15753616594394773,-0.23557654170930162,0.10168740237029184,-0.3372639440795935,0.06800101308042406,-0.2255371790243718,-0.07022182014064579,-0.2255371790243718,6.34155738166109,-0.22553717902437143,922.230832713082,-470.17278827948826,Test
2023-08-01,618.6058,6.429083347320557,6.421160017020667,0.007923330299889564,-0.04877151800787112,0.056694848307760684,0.08478038180659953,-0.40919156757170716,0.4939719493783067,-0.2736370532656278,0.3303319015733885,-0.3224085712734989,0.3303319015733885,6.098751445747168,0.33033190157338854,723.2041711168677,-104.5983971910864,Test
2023-09-01,428.26553,6.062075614929199,6.430540832239597,-0.3684652173103977,-0.3568871715391239,-0.011578045771273804,-0.017313586161028925,1.2583328074063447,-1.2756463935673736,0.8414799050955438,-0.8530579508668177,0.4845927335564199,-0.8530579508668177,6.915133565796017,-0.8530579508668179,1637.3673013663488,-1209.1017679190832,Test
2023-10-01,666.1908,6.503076076507568,6.439921647458528,0.06315442904904067,0.22570362738601116,-0.16254919833697049,-0.24307293358572443,-0.2726593282646348,0.02958639467891036,-0.1823343906485695,0.019785192311599004,0.04336923673744167,0.019785192311599004,6.483290884195969,0.019785192311599253,1062.8107583442506,-396.61996244581314,Test
2023-11-01,1118.2489,7.020412921905518,6.4493024626774575,0.57111045922806,0.1984344829212534,0.3726759763068066,0.557292461387772,0.062267748493449404,0.4950247128943226,0.04164006436483285,0.33103591194197374,0.24007454728608624,0.3310359119419738,6.689377009963544,0.33103591194197346,1306.2734628422907,-188.02456147510316,Test
2023-12-01,880.3236,6.7814249992370605,6.458683277896387,0.32274172134067314,0.5994784637200566,-0.2767367423793835,-0.41382678284064006,0.0713878273828743,-0.48521461022351436,0.04773889853109401,-0.32447564091047754,0.6472173622511507,-0.32447564091047754,7.105900640147538,-0.3244756409104772,1981.7153068815735,-1101.391698483136,Test
2024-01-01,927.9086,6.834010601043701,6.468064093115318,0.365946507928383,0.10101877998195029,0.2649277279464327,0.3961678106012141,-1.1243351839276168,1.5205029945288309,-0.7518722060637433,1.016799934010176,-0.650853426081793,1.016799934010176,5.8172106670335255,1.0167999340101757,545.499054886344,382.4095754847498,Test
2024-02-01,666.1908,6.503076076507568,6.477444908334248,0.02563116817332034,-0.042768558508020374,0.06839972668134071,0.1022836309929297,-0.29031011420425357,0.39259374519718326,-0.19413793068973434,0.26253765737107504,-0.2369064891977547,0.26253765737107504,6.240538419136493,0.26253765737107493,833.5230218547108,-167.3322259562733,Test
2024-03-01,333.0954,5.811426639556885,6.486825723553178,-0.6753990839962931,-0.1356835711007741,-0.539715512895519,-0.8070801601203562,-0.525764403940455,-0.28131575617990123,-0.3515923435568199,-0.1881231693386991,-0.487275914657594,-0.1881231693386991,5.999549808895583,-0.18812316933869866,654.8103982327294,-321.7150002835107,Test
2024-04-01,547.22815,6.306691646575928,6.496206538772109,-0.1895148921961809,-0.20448535900210865,0.014970466805927757,0.02238654709401249,-2.2681786574515432,2.2905652045455556,-1.516790113218214,1.5317605800241418,-1.7212754722203227,1.5317605800241418,4.774931066551786,1.5317605800241418,191.72281747773116,355.50533193633134,Test
2024-05-01,309.3029,5.737548828125,6.5055873539910385,-0.7680385258660385,-0.06979626417160034,-0.6982422616944381,-1.0441380003102476,-2.8529346318860807,1.808796631575833,-1.9078316556265802,1.209589393932142,-1.9776279197981805,1.209589393932142,4.527959434192858,1.2095893939321423,149.54790593226127,159.75498103062935,Forecast
2024-06-01,,,6.514968169209969,,-0.09449906924470741,,,0.0,,1.3158198810372226e-17,,-0.0944990692447074,,6.420469099965262,,998.0361969278263,,Forecast
2024-07-01,,,6.524348984428899,,-0.13822283322106985,,,0.0,,1.3158198810372226e-17,,-0.13822283322106985,,6.386126151207829,,964.308811820976,,Forecast
2024-08-01,,,6.53372979964783,,-0.04877151800787112,,,0.0,,1.3158198810372226e-17,,-0.048771518007871106,,6.484958281639959,,1064.5860333167752,,Forecast
2024-09-01,,,6.54311061486676,,-0.3568871715391239,,,0.0,,1.3158198810372226e-17,,-0.3568871715391239,,6.186223443327636,,789.404906883127,,Forecast
2024-10-01,,,6.55249143008569,,0.22570362738601116,,,0.0,,1.3158198810372226e-17,,0.22570362738601116,,6.7781950574717005,,1427.6953564303221,,Forecast
2024-11-01,,,6.56187224530462,,0.1984344829212534,,,0.0,,1.3158198810372226e-17,,0.1984344829212534,,6.760306728225873,,1402.3656123435167,,Forecast
2024-12-01,,,6.57125306052355,,0.5994784637200566,,,0.0,,1.3158198810372226e-17,,0.5994784637200566,,7.170731524243607,,2114.514735082876,,Forecast
2025-01-01,,,6.58063387574248,,0.10101877998195029,,,0.0,,1.3158198810372226e-17,,0.1010187799819503,,6.68165265572443,,1296.2145189651935,,Forecast
2025-02-01,,,6.590014690961411,,-0.042768558508020374,,,0.0,,1.3158198810372226e-17,,-0.04276855850802036,,6.547246132453391,,1133.0698104556668,,Forecast
2025-03-01,,,6.599395506180341,,-0.1356835711007741,,,0.0,,1.3158198810372226e-17,,-0.1356835711007741,,6.463711935079567,,1042.1850355024908,,Forecast
2025-04-01,,,6.608776321399271,,-0.20448535900210865,,,0.0,,1.3158198810372226e-17,,-0.20448535900210865,,6.4042909623971624,,982.0036896363505,,Forecast
2025-05-01,,,6.618157136618201,,-0.06979626417160034,,,0.0,,1.3158198810372226e-17,,-0.06979626417160033,,6.548360872446601,,1134.3347083136036,,Forecast
2025-06-01,,,6.627537951837132,,-0.09449906924470741,,,0.0,,1.3158198810372226e-17,,-0.0944990692447074,,6.533038882592424,,1117.0717108927001,,Forecast
2025-07-01,,,6.636918767056062,,-0.13822283322106985,,,0.0,,1.3158198810372226e-17,,-0.13822283322106985,,6.498695933834992,,1079.3256959972284,,Forecast
2025-08-01,,,6.646299582274992,,-0.04877151800787112,,,0.0,,1.3158198810372226e-17,,-0.048771518007871106,,6.597528064267121,,1191.5509836756416,,Forecast
2025-09-01,,,6.6556803974939225,,-0.3568871715391239,,,0.0,,1.3158198810372226e-17,,-0.3568871715391239,,6.298793225954799,,883.581929317869,,Forecast
2025-10-01,,,6.665061212712852,,0.22570362738601116,,,0.0,,1.3158198810372226e-17,,0.22570362738601116,,6.890764840098863,,1597.9249102491794,,Forecast
2025-11-01,,,6.674442027931782,,0.1984344829212534,,,0.0,,1.3158198810372226e-17,,0.1984344829212534,,6.872876510853035,,1569.5771182525534,,Forecast
2025-12-01,,,6.683822843150713,,0.5994784637200566,,,0.0,,1.3158198810372226e-17,,0.5994784637200566,,7.2833013068707695,,2366.5790592437415,,Forecast
2026-01-01,,,6.693203658369644,,0.10101877998195029,,,0.0,,1.3158198810372226e-17,,0.1010187799819503,,6.794222438351594,,1450.7780847925035,,Forecast
2026-02-01,,,6.702584473588574,,-0.042768558508020374,,,0.0,,1.3158198810372226e-17,,-0.04276855850802036,,6.659815915080554,,1268.1946269285475,,Forecast
2026-03-01,,,6.711965288807503,,-0.1356835711007741,,,0.0,,1.3158198810372226e-17,,-0.1356835711007741,,6.576281717706729,,1166.4808990991878,,Forecast
2026-04-01,,,6.721346104026434,,-0.20448535900210865,,,0.0,,1.3158198810372226e-17,,-0.20448535900210865,,6.516860745024325,,1099.1289247229863,,Forecast
2026-05-01,,,6.730726919245364,,-0.06979626417160034,,,0.0,,1.3158198810372226e-17,,-0.06979626417160033,,6.660930655073764,,1269.6102378107928,,Forecast
2026-06-01,,,6.740107734464294,,-0.09449906924470741,,,0.0,,1.3158198810372226e-17,,-0.0944990692447074,,6.645608665219586,,1250.2903481802857,,Forecast
2026-07-01,,,6.749488549683225,,-0.13822283322106985,,,0.0,,1.3158198810372226e-17,,-0.13822283322106985,,6.611265716462155,,1208.046882344574,,Forecast
2026-08-01,,,6.7588693649021545,,-0.04877151800787112,,,0.0,,1.3158198810372226e-17,,-0.048771518007871106,,6.710097846894284,,1333.643852490285,,Forecast
2026-09-01,,,6.768250180121085,,-0.3568871715391239,,,0.0,,1.3158198810372226e-17,,-0.3568871715391239,,6.4113630085819615,,988.9801770732495,,Forecast
2026-10-01,,,6.777630995340015,,0.22570362738601116,,,0.0,,1.3158198810372226e-17,,0.22570362738601116,,7.003334622726026,,1788.4373752309668,,Forecast
2026-11-01,,,6.787011810558946,,0.1984344829212534,,,0.0,,1.3158198810372226e-17,,0.1984344829212534,,6.985446293480199,,1756.7119338554066,,Forecast
2026-12-01,,,6.796392625777876,,0.5994784637200566,,,0.0,,1.3158198810372226e-17,,0.5994784637200566,,7.395871089497932,,2648.6769362137697,,Forecast
2027-01-01,,,6.805773440996806,,0.10101877998195029,,,0.0,,1.3158198810372226e-17,,0.1010187799819503,,6.906792220978756,,1623.757953807899,,Forecast
2027-02-01,,,6.815154256215736,,-0.042768558508020374,,,0.0,,1.3158198810372226e-17,,-0.04276855850802036,,6.772385697707716,,1419.4196127723892,,Forecast
2027-03-01,,,6.824535071434666,,-0.1356835711007741,,,0.0,,1.3158198810372226e-17,,-0.1356835711007741,,6.688851500333892,,1305.5866585259253,,Forecast
