,DataOriginal,DataLog,Linear,DataLinear,MonthlyAverage,DataSeasons,DataNormalised,ModelledNormalised,ResidualsNormalised,ModelledSeasons,ResidualsSeasons,ModelledLinear,ResidualsLinear,ModelledLog,ResidualsLog,ModelledOriginal,ResidualsOriginal,Purpose
2010-04-01,1352.265,7.210275650024414,6.668546014076071,0.541729635948343,0.01898584365844703,0.522743792289896,1.4512176543147404,1.4468058692806378e-06,1.451216207508871,5.21154621142905e-07,0.5227432711352749,0.01898636481306817,0.5227432711352749,6.68753237888914,0.5227432711352744,819.4849943474018,532.7800203010357,Train
2010-05-01,1183.2319,7.076849937438965,6.670079899245602,0.406770038193363,0.05908221260389641,0.3476878255894666,0.9652352034166681,2.0347564396077314e-06,0.9652331686602286,7.329405719945851e-07,0.3476870926488946,0.0590829455444684,0.3476870926488946,6.72916284479007,0.3476870926488944,854.3631262510771,328.8688073426729,Train
2010-06-01,777.5524,6.657436370849609,6.671613784415133,-0.014177413565523267,0.05480344839296641,-0.06898086195848968,-0.19150154657119828,1.4184989556078255e-06,-0.19150296507015388,5.109581744849185e-07,-0.06898137291666416,0.05480395935114089,-0.06898137291666416,6.726417743766273,-0.06898137291666373,852.0182879389886,-74.46585873976983,Train
2010-07-01,709.93915,6.566586971282959,6.673147669584663,-0.10656069830170445,0.02841871788652168,-0.13497941618822612,-0.37472374541909376,7.867928423206025e-07,-0.3747245322119361,2.8341101896991584e-07,-0.13497969959924508,0.028419001297540648,-0.1349796995992451,6.701566670882204,-0.13497969959924472,831.0811015799884,-121.14195363076965,Train
2010-08-01,1115.6187,7.018060207366943,6.674681554754194,0.34337865261274914,0.08903698001008177,0.2543416726026674,0.7060918387802441,1.2006146441066907e-06,0.7060906381655999,4.324739643900804e-07,0.254341240128703,0.08903741248404616,0.25434124012870296,6.7637189672382405,0.25434124012870285,884.4377985231612,231.18085382058882,Train
2010-09-01,777.5524,6.657436370849609,6.676215439923725,-0.01877906907411564,0.03901131033606932,-0.05779037941018496,-0.16043503545442014,5.406853945983662e-07,-0.16043557613981474,1.9476053973228714e-07,-0.05779057417072469,0.03901150509660905,-0.05779057417072469,6.715226945020334,-0.05779057417072497,842.5255466980498,-64.97311749883102,Train
2010-10-01,1217.0386,7.104997158050537,6.677749325093255,0.4272478329572822,0.12692052977425705,0.30032730318302514,0.8337550648717017,1.0956561077828101e-06,0.833753969215594,3.94666800765786e-07,0.3003269085162244,0.12692092444105782,0.30032690851622434,6.804670249534313,0.3003269085162241,921.4502939659039,295.58828025284606,Train
2010-11-01,845.16565,6.740715026855469,6.679283210262786,0.06143181659268304,-0.03668570739591897,0.09811752398860202,0.27238942883695627,8.309013948614172e-07,0.2723885979355614,2.992993813799578e-07,0.09811722468922064,-0.036685408096537586,0.09811722468922063,6.642597802166248,0.09811722468922035,783.4329069706769,61.73274244338563,Train
2010-12-01,642.32587,6.466651439666748,6.6808170954323165,-0.21416565576556845,-0.004575495373502848,-0.2095901603920656,-0.5818547162449063,-2.7287261838284905e-07,-0.5818544433722879,-9.829157391116883e-08,-0.2095900621004917,-0.0045755936650767595,-0.2095900621004917,6.676241501767239,-0.20959006210049136,810.2731021311912,-167.94723543197244,Train
2011-01-01,709.93915,6.566586971282959,6.682350980601847,-0.1157640093188883,-0.17135089447648783,0.05558688515759952,0.15431779445089672,-3.511341575335254e-07,0.15431814558505424,-1.264821996553041e-07,0.05558701163979918,-0.17135102095868748,0.05558701163979918,6.51099995964316,0.0555870116397994,686.7072252660456,23.23192268317314,Train
2011-02-01,912.77893,6.817588806152344,6.683884865771378,0.13370394038096567,-0.14667797973015986,0.2803819201111255,0.7783835952092573,-7.94820262241685e-08,0.7783836746912834,-2.8630257955118548e-08,0.28038194874138345,-0.1466780083604178,0.28038194874138345,6.53720685741096,0.28038194874138345,704.9681339736137,207.8107966904488,Train
2011-03-01,743.7458,6.613042831420898,6.685418750940909,-0.07237591952001043,-0.05832349656560159,-0.014052422954408846,-0.03901170052733309,1.4512159264282107,-1.490227626955544,0.5227431698870783,-0.5367955928414871,0.46441967332147666,-0.5367955928414871,7.149838424262385,-0.5367955928414867,1301.7095808827823,-557.9637923085636,Train
2011-04-01,676.1325,6.517867088317871,6.68695263611044,-0.16908554779256857,0.01898584365844703,-0.1880713914510156,-0.5221152839513645,0.09686952549748018,-0.6189848094488447,0.03489341723849593,-0.22296480868951152,0.053879260896942956,-0.22296480868951152,6.740831897007383,-0.22296480868951196,864.4028664393182,-188.2703591150995,Train
2011-05-01,946.5855,6.853917121887207,6.6884865212799705,0.16543060060723658,0.05908221260389641,0.10634838800334018,0.2952395809470893,-0.7622409990366944,1.0574805799837836,-0.27456718796838947,0.38091557597172965,-0.21548497536449307,0.38091557597172965,6.473001545915477,0.38091557597172976,661.0656955236539,285.5198147302524,Train
2011-06-01,878.9723,6.779890537261963,6.690020406449501,0.08987013081246165,0.05480344839296641,0.03506668241949524,0.09735053645017419,-0.5601945764881733,0.6575451129383475,-0.20178795128559612,0.23685463370509136,-0.1469845028926297,0.23685463370509136,6.543035903556872,0.2368546337050912,709.0952717564744,169.8770182825881,Train
2011-07-01,1014.1988,6.922839641571045,6.691554291619032,0.2312853499520129,0.02841871788652168,0.20286663206549121,0.5631891612431571,0.9244960728043077,-0.3613069115611506,0.33301316423347954,-0.13014653216798833,0.3614318821200012,-0.13014653216798833,7.052986173739034,-0.13014653216798866,1181.456598815338,-167.25780731143186,Train
2011-08-01,743.7458,6.613042831420898,6.693088176788563,-0.08004534536766439,0.08903698001008177,-0.16908232537774615,-0.46939869825311603,-0.3959080108926789,-0.07349068736043712,-0.14261021039584407,-0.02647211498190208,-0.0535732303857623,-0.026472114981902092,6.639514946402801,-0.026472114981902273,781.0183372597978,-37.27254868557907,Train
2011-09-01,1419.8783,7.259030342102051,6.694622061958093,0.564408280143958,0.03901131033606932,0.5253969698078887,1.45858328564491,1.4458862871741616,0.012696998470748344,0.5208233780302777,0.004573591777611075,0.559834688366347,0.004573591777611075,7.25445675032444,0.0045735917776106305,1445.3812023250873,-25.502906426649815,Train
2011-10-01,1555.1049,7.349941253662109,6.6961559471276235,0.6537853065344859,0.12692052977425705,0.5268647767602288,1.4626581448661562,0.7515894244937633,0.7110687203723929,0.2707303793036964,0.2561343974565324,0.3976509090779535,0.2561343974565324,7.093806856205577,0.256134397456532,1230.7240076768617,324.3808507215758,Train
2011-11-01,845.16565,6.740715026855469,6.697689832297154,0.04302519455831444,-0.03668570739591897,0.07971090195423342,0.22128979791535014,-0.2781570247892538,0.49944682270460394,-0.10019507243320352,0.17990597438743694,-0.1368807798291225,0.17990597438743694,6.560809052468032,0.17990597438743716,721.8287223288847,123.33692708517776,Train
2011-12-01,845.16565,6.740715026855469,6.699223717466685,0.04149130938878365,-0.004575495373502848,0.046066804762286494,0.12788857818100327,0.7287349427123851,-0.6008463645313818,0.2624979556960472,-0.21643115093376072,0.2579224603225444,-0.21643115093376075,6.957146177789229,-0.21643115093376064,1073.3911637722535,-228.22551435819105,Train
2012-01-01,507.0994,6.230677127838135,6.700757602636216,-0.4700804747980811,-0.17135089447648783,-0.2987295803215933,-0.8293195389842393,0.7360397207618372,-1.5653592597460766,0.26512921322523547,-0.5638587935468288,0.09377831874874765,-0.5638587935468288,6.794535921384964,-0.5638587935468289,912.1490903166086,-405.0496945646555,Train
2012-02-01,811.359,6.699942588806152,6.702291487805747,-0.00234889899959434,-0.14667797973015986,0.14432908073056552,0.4006798609117841,0.024539569484910997,0.3761402914268731,0.008839409840118773,0.13548967089044675,-0.1378385698900411,0.13548967089044675,6.564452917915705,0.13548967089044694,724.4674175402572,86.8915912488053,Train
2012-03-01,1183.2319,7.076849937438965,6.7038253729752775,0.37302456446368737,-0.05832349656560159,0.43134806102928896,1.1974889621893186,0.7132831262527037,0.4842058359366148,0.2569320496378582,0.17441601139143076,0.1986085530722566,0.17441601139143076,6.902433926047534,0.17441601139143081,1016.187931551506,167.04400204224396,Train
2012-04-01,777.5524,6.657436370849609,6.705359258144808,-0.04792288729519889,0.01898584365844703,-0.06690873095364591,-0.18574899026993746,0.3511521730088675,-0.536901163278805,0.12648868902864238,-0.1933974199822883,0.1454745326870894,-0.1933974199822883,6.8508337908318975,-0.1933974199822881,965.0320714119446,-187.47964221272582,Train
2012-05-01,676.1325,6.517867088317871,6.706893143314339,-0.18902605499646796,0.05908221260389641,-0.24810826760036436,-0.6887869419660523,-0.641093677449547,-0.04769326451650524,-0.2309286544073209,-0.017179613193043453,-0.1718464418034245,-0.017179613193043453,6.535046701510915,-0.017179613193043508,703.4447786785967,-27.312271354377913,Train
2012-06-01,946.5855,6.853917121887207,6.70842702848387,0.14549009340333718,0.05480344839296641,0.09068664501037077,0.2517601589740917,-0.07521209143270702,0.3269722504067987,-0.027092182750597,0.11777882776096776,0.027711265642369406,0.11777882776096778,6.736138294126239,0.11777882776096771,860.3505265285758,86.2349837253305,Train
2012-07-01,709.93915,6.566586971282959,6.7099609136534,-0.14337394237044077,0.02841871788652168,-0.17179266025696244,-0.4769230072623035,-0.07946907685519056,-0.39745393040711297,-0.028625593467353085,-0.14316706678960936,-0.000206875580831406,-0.14316706678960936,6.709754038072568,-0.14316706678960944,837.9216197963401,-127.98247184712136,Train
2012-08-01,743.7458,6.613042831420898,6.7114947988229305,-0.0984519674020321,0.08903698001008177,-0.18748894741211386,-0.5204983291747197,0.1685868989306265,-0.6890852281053462,0.06072676597846567,-0.24821571339057952,0.14976374598854744,-0.24821571339057955,6.861258544811478,-0.24821571339057957,975.1553929816258,-231.40960440740707,Train
2012-09-01,743.7458,6.613042831420898,6.713028683992461,-0.0999858525715629,0.03901131033606932,-0.1389971629076322,-0.38587763199941255,0.7060059246931162,-1.0918835566925287,0.25431072544902517,-0.39330788835665736,0.29332203578509447,-0.39330788835665736,7.006350719777556,-0.39330788835665764,1127.5782828880522,-383.8324943138334,Train
2012-10-01,845.16565,6.740715026855469,6.714562569161992,0.026152457693476627,0.12692052977425705,-0.10076807208078042,-0.2797477604742002,-0.3948872679624075,0.11513950748820728,-0.1422425281059155,0.04147445602513508,-0.015321998331658454,0.04147445602513508,6.699240570830334,0.041474456025135,829.1478470298927,16.01780238416984,Train
2012-11-01,709.93915,6.566586971282959,6.716096454331523,-0.14950948304856393,-0.03668570739591897,-0.11282377565264495,-0.31321625903261574,-0.7153928074723815,0.4021765484397658,-0.2576919789000321,0.14486820324738714,-0.29437768629595107,0.14486820324738714,6.421718768035571,0.14486820324738758,627.9690252702526,81.97012267896616,Train
2012-12-01,439.48615,6.087879180908203,6.717630339501054,-0.6297511585928506,-0.004575495373502848,-0.6251756632193477,-1.7355843778412674,-0.93606487050566,-0.7995195073356074,-0.3371803662825031,-0.2879952969368446,-0.3417558616560059,-0.28799529693684467,6.375874477845048,-0.28799529693684445,599.7853529413197,-160.29920792178848,Train
2013-01-01,642.32587,6.466651439666748,6.7191642246705845,-0.25251278500383645,-0.17135089447648783,-0.08116189052734862,-0.22531796671347148,0.3817368986282566,-0.607054865341728,0.13750562739683972,-0.21866751792418834,-0.033845267079648106,-0.21866751792418834,6.685318957590936,-0.21866751792418793,817.6709237779037,-175.34505707868493,Train
2013-02-01,777.5524,6.657436370849609,6.720698109840115,-0.06326173899050591,-0.14667797973015986,0.08341624073965395,0.2315763917303894,0.2840334618817246,-0.05245707015133522,0.10231182659598399,-0.01889558585633004,-0.04436615313417587,-0.01889558585633004,6.67633195670594,-0.01889558585633022,810.3464891089709,-32.79405990975215,Train
2013-03-01,980.39215,6.888972282409668,6.722231995009646,0.1667402874000219,-0.05832349656560159,0.2250637839656235,0.6248118896009025,-0.0703539884566875,0.69516587805759,-0.025342243197788543,0.25040602716341204,-0.08366573976339013,0.25040602716341204,6.638566255246256,0.25040602716341187,780.2767951818062,200.11535569710009,Train
2013-04-01,709.93915,6.566586971282959,6.723765880179177,-0.15717890889621788,0.01898584365844703,-0.1761647525546649,-0.4890606119977428,-0.03352630626763409,-0.4555343057301087,-0.012076526513930189,-0.16408822604073472,0.006909317144516839,-0.16408822604073472,6.730675197323694,-0.16408822604073503,855.6577155331717,-145.7185675839529,Train
2013-05-01,405.6795,6.008025169372559,6.725299765348708,-0.7172745959761491,0.05908221260389641,-0.7763568085800455,-2.155286630422581,-0.8859537911879585,-1.2693328392346226,-0.3191298308852857,-0.45722697769475984,-0.2600476182813893,-0.4572269776947598,6.465252147067319,-0.4572269776947602,655.9549127091244,-250.27540831459316,Train
2013-06-01,608.5193,6.412670612335205,6.726833650518238,-0.3141630381830325,0.05480344839296641,-0.3689664865759989,-1.0243080588752922,-0.688933233249279,-0.3353748256260132,-0.24816096325214723,-0.12080552332385167,-0.19335751485918082,-0.12080552332385167,6.533476135659057,-0.12080552332385164,702.3392701289174,-93.8199830195424,Train
2013-07-01,574.71265,6.3556084632873535,6.728367535687768,-0.37275907240041484,0.02841871788652168,-0.4011777902869365,-1.1137316222026268,-0.9389757365996431,-0.17475588560298372,-0.3382288907242315,-0.062948899562705,-0.30981017283770984,-0.062948899562705,6.418557362850058,-0.06294889956270477,625.9837391326732,-51.271092648298236,Train
2013-08-01,811.359,6.699942588806152,6.729901420857299,-0.0299588320511468,0.08903698001008177,-0.11899581206122857,-0.3303507871347547,0.09461513184275477,-0.42496591897750946,0.03408136104218269,-0.15307717310341126,0.12311834105226446,-0.15307717310341126,6.853019761909564,-0.1530771731034113,967.1460993402853,-155.78709055122283,Train
2013-09-01,473.29276,6.161824703216553,6.73143530602683,-0.5696106028102772,0.03901131033606932,-0.6086219131463465,-1.6896286061891177,-0.09445091026097774,-1.59517769592814,-0.03402220670914466,-0.5745997064372018,0.00498910362692466,-0.5745997064372018,6.736424409653755,-0.5745997064372022,860.5970075481913,-387.3042524212382,Train
2013-10-01,439.48615,6.087879180908203,6.732969191196361,-0.6450900102881576,0.12692052977425705,-0.7720105400624147,-2.143220716496471,-1.2599835088752542,-0.8832372076212167,-0.4538592510185467,-0.31815128904386797,-0.32693872124428963,-0.31815128904386797,6.406030469952071,-0.31815128904386825,618.1785703080425,-178.69242528851123,Train
2013-11-01,507.0994,6.230677127838135,6.7345030763658915,-0.5038259485277568,-0.03668570739591897,-0.4671402411318378,-1.2968535924677518,-1.553529329837366,0.25667573736961424,-0.5595975289428483,0.09245728781101054,-0.5962832363387672,0.09245728781101048,6.138219840027125,0.09245728781101015,472.7042032280636,34.395192523889534,Train
2013-12-01,540.906,6.295092582702637,6.736036961535422,-0.4409443788327856,-0.004575495373502848,-0.43636888345928276,-1.2114275421534506,-1.1497613235986606,-0.06166621855479004,-0.41415606593486387,-0.022212817524418893,-0.4187315613083667,-0.022212817524418893,6.317305400227055,-0.022212817524418504,565.6085307255711,-24.702524866196086,Train
2014-01-01,540.906,6.295092582702637,6.737570846704953,-0.4424782640023164,-0.17135089447648783,-0.27112736952582855,-0.7526915307788036,0.0151721138507879,-0.7678636446295914,0.005465154250180335,-0.2765925237760089,-0.16588574022630748,-0.2765925237760089,6.571685106478646,-0.2765925237760092,729.7331531447768,-188.8271472854018,Train
2014-02-01,777.5524,6.657436370849609,6.739104731874484,-0.08166836102487451,-0.14667797973015986,0.06500961870528535,0.18047676080878328,0.5344614002911547,-0.35398463948237147,0.1925185918115719,-0.12750897310628656,0.04584061208141205,-0.12750897310628656,6.784945343955896,-0.12750897310628684,903.4333246798833,-125.88089548066455,Train
2014-03-01,743.7458,6.613042831420898,6.740638617044015,-0.12759578562311624,-0.05832349656560159,-0.06927228905751465,-0.19231059329215144,-0.3842846837080909,0.19197409041593944,-0.13842336625607451,0.06915107719855987,-0.1967468628216761,0.06915107719855987,6.543891754222338,0.06915107719856017,709.7032674069807,34.04252116723808,Train
2014-04-01,473.29276,6.161824703216553,6.7421725022135455,-0.5803477989969927,0.01898584365844703,-0.5993336426554398,-1.6638429300830313,-1.1283597610641225,-0.5354831690189088,-0.40644699905094667,-0.1928866436044931,-0.38746115539249965,-0.1928866436044931,6.354711346821046,-0.19288664360449292,587.2044490146114,-113.91169388765832,Train
2014-05-01,878.9723,6.779890537261963,6.743706387383075,0.03618414987888752,0.05908221260389641,-0.02289806272500889,-0.06356856526325029,-0.4103749999376638,0.3468064346744135,-0.14782137130882425,0.12492330858381537,-0.08873915870492785,0.12492330858381537,6.654967228678148,0.12492330858381528,793.1961505456807,85.77613949338183,Train
2014-06-01,574.71265,6.3556084632873535,6.745240272552606,-0.38963180926525265,0.05480344839296641,-0.44443525765821906,-1.2338210450825366,-0.9375901453092642,-0.29623089977327244,-0.3377297862352922,-0.10670547142292686,-0.2829263378423258,-0.10670547142292686,6.462313934710281,-0.10670547142292719,654.0274726673067,-79.31482618293171,Train
2014-07-01,709.93915,6.566586971282959,6.746774157722137,-0.18018718643917797,0.02841871788652168,-0.20860590432569964,-0.5791222691055158,-0.43970486165827716,-0.13941740744723863,-0.15838629456315953,-0.05021960976254011,-0.12996757667663786,-0.05021960976254011,6.616806581045499,-0.05021960976254025,763.4600931670886,-53.520945217869894,Train
2014-08-01,608.5193,6.412670612335205,6.748308042891668,-0.33563743055646267,0.08903698001008177,-0.4246744105665444,-1.1789618758554272,-0.6211911634764185,-0.5577707123790088,-0.22375956050918433,-0.2009148500573601,-0.13472258049910257,-0.2009148500573601,6.613585462392566,-0.20091485005736054,761.0016381149406,-152.48235100556565,Train
2014-09-01,676.1325,6.517867088317871,6.7498419280611985,-0.23197483974332744,0.03901131033606932,-0.27098615007939675,-0.7522994837438753,-0.3313143429223415,-0.4209851408215338,-0.11934289494365387,-0.1516432551357429,-0.08033158460758455,-0.1516432551357429,6.669510343453614,-0.15164325513574273,804.83063205816,-128.6981247339412,Train
2014-10-01,777.5524,6.657436370849609,6.751375813230729,-0.09393944238111995,0.12692052977425705,-0.220859972155377,-0.6131414575375729,-0.5956172457103417,-0.017524211827231184,-0.21454756758930665,-0.006312404566070351,-0.0876270378150496,-0.006312404566070351,6.66374877541568,-0.0063124045660707395,800.2011334367506,-22.648704237531888,Train
2014-11-01,1048.0054,6.955597877502441,6.75290969840026,0.2026881791021813,-0.03668570739591897,0.23937388649810026,0.6645389485090791,-0.7734713358736333,1.4380102843827123,-0.27861247287060936,0.5179863593687096,-0.31529818026652834,0.5179863593687096,6.437611518133732,0.5179863593687095,638.0449276278039,409.9604434659461,Train
2014-12-01,912.77893,6.817588806152344,6.754443583569791,0.06314522258255284,-0.004575495373502848,0.06772071795605569,0.18800319183168007,0.13326155590991207,0.054741635921768006,0.048002207591454245,0.019718510364601448,0.0434267122179514,0.01971851036460144,6.797870295787742,0.01971851036460137,915.1989531358284,-2.4200224717659466,Train
2015-01-01,507.0994,6.230677127838135,6.755977468739322,-0.5253003409011869,-0.17135089447648783,-0.3539494464246991,-0.9826184317490576,0.44768716276433823,-1.4303055945133958,0.16126160299051776,-0.5152110494152169,-0.01008929148597007,-0.5152110494152169,6.745888177253351,-0.5152110494152167,868.7896669580392,-361.6902712060861,Train
2015-02-01,1217.0386,7.104997158050537,6.7575113539088525,0.3474858041416846,-0.14667797973015986,0.49416378387184445,1.3718751286100273,0.9480645464383015,0.42381058217172574,0.3415027751814224,0.15266100869042204,0.19482479545126255,0.15266100869042207,6.952336149360115,0.15266100869042187,1068.2357205845199,148.80285363423013,Train
2015-03-01,676.1325,6.517867088317871,6.759045239078383,-0.2411781507605122,-0.05832349656560159,-0.1828546541949106,-0.507632814115008,-0.5166256367056303,0.008992822590622285,-0.18609396304044135,0.003239308845530753,-0.24441745960604294,0.003239308845530753,6.51462777947234,0.0032393088455311414,689.2066341358238,-13.074126811605083,Train
2015-04-01,1048.0054,6.955597877502441,6.760579124247913,0.19501875325452822,0.01898584365844703,0.1760329095960812,0.48869459554395456,-0.3438722429237487,0.8325668384677032,-0.12386638199634731,0.2998992915924285,-0.10488053833790029,0.2998992915924285,6.655698585910013,0.29989929159242834,793.7772040968607,254.22816699688929,Train
2015-05-01,946.5855,6.853917121887207,6.762113009417444,0.09180411246976306,0.05908221260389641,0.03272189986586665,0.09084105726066725,-0.16618690277031045,0.2570279600309777,-0.05986226223528508,0.09258416210115172,-0.0007800496313886754,0.09258416210115172,6.761332959786055,0.09258416210115161,882.3276557467259,64.25785450718035,Train
2015-06-01,980.39215,6.888972282409668,6.763646894586975,0.1253253878226932,0.05480344839296641,0.07052193942972679,0.19577981609043862,-0.09229377776207304,0.28807359385251163,-0.03324518499941244,0.10376712442913923,0.02155826339355397,0.10376712442913924,6.785205157980529,0.10376712442913938,903.6683396707533,76.72381120815294,Train
2015-07-01,811.359,6.699942588806152,6.765180779756506,-0.06523819095035321,0.02841871788652168,-0.09365690883687489,-0.26000607096113415,-0.044077475259775456,-0.2159285957013587,-0.01587716804805483,-0.07777974078882005,0.012541549838466847,-0.07777974078882006,6.7777223295949725,-0.0777797407888201,896.9241261043835,-85.565117315321,Train
2015-08-01,1183.2319,7.076849937438965,6.766714664926036,0.3101352725129285,0.08903698001008177,0.22109829250284674,0.6138030716987195,0.14817722757614404,0.46562584412257546,0.05337498868199218,0.16772330382085454,0.14241196869207395,0.16772330382085454,6.9091266336181105,0.16772330382085432,1023.0185049403904,160.21342865335964,Train
2015-09-01,878.9723,6.779890537261963,6.768248550095567,0.01164198716639575,0.03901131033606932,-0.027369323169673568,-0.0759814761194697,0.05370813115207573,-0.12968960727154544,0.019346231126506228,-0.046715554296179795,0.058357541462575546,-0.046715554296179795,6.826606091558142,-0.04671555429617946,941.9085824425473,-62.9362924034848,Train
2015-10-01,1081.812,6.987316608428955,6.769782435265098,0.21753417316385715,0.12692052977425705,0.0906136433896001,0.2515574951789046,0.10451154049817313,0.14704595468073145,0.03764615104814961,0.052967492341450484,0.16456668082240666,0.052967492341450484,6.934349116087505,0.05296749234145004,1049.1752764118985,32.636735306851506,Train
2015-11-01,980.39215,6.888972282409668,6.771316320434629,0.11765596197503925,-0.03668570739591897,0.15434166937095822,0.4284763562784302,-0.22347992229685273,0.6519562785752829,-0.08049980768547867,0.23484147705643688,-0.11718551508139763,0.23484147705643688,6.6541308053532315,0.23484147705643643,792.5321440947592,187.860006784147,Train
2015-12-01,1115.6187,7.018060207366943,6.7728502056041595,0.24521000176278385,-0.004575495373502848,0.2497854971362867,0.6934431906843895,0.14237939005766143,0.5510638006267281,0.05128654690864333,0.19849895022764336,0.046711051535140484,0.19849895022764336,6.8195612571393,0.19849895022764308,935.2892908897085,180.32936145404153,Train
2016-01-01,1352.265,7.210275650024414,6.77438409077369,0.43589155925072376,-0.17135089447648783,0.6072424537272116,1.685799013390531,1.6234502554602086,0.06234875793032235,0.5847837783740294,0.022458675353182245,0.41343288389754157,0.02245867535318219,7.1878169746712315,0.022458675353182578,1352.1361045055055,0.12891014293199987,Train
2016-02-01,912.77893,6.817588806152344,6.77591797594322,0.041670830209123544,-0.14667797973015986,0.1883488099392834,0.5228854406012292,0.8224223692022383,-0.2995369286010091,0.29624514755770653,-0.10789633761842313,0.14956716782754667,-0.10789633761842313,6.925485143770767,-0.10789633761842321,1039.9076863444318,-127.1287556803693,Train
2016-03-01,845.16565,6.740715026855469,6.777451861112751,-0.03673683425728225,-0.05832349656560159,0.021586662308319342,0.059927914786581986,-0.13801614371946025,0.19794405850604224,-0.04971485989757031,0.07130152220588964,-0.10803835646317189,0.07130152220588964,6.6694135046495795,0.07130152220588926,804.752600161816,40.41304925224654,Train
2016-04-01,1081.812,6.987316608428955,6.778985746282282,0.2083308621466733,0.01898584365844703,0.18934501848822627,0.5256510696817241,0.2024266493085231,0.32322442037320104,0.07291619834244696,0.11642882014577931,0.091902042000894,0.1164288201457793,6.870887788283175,0.11642882014577971,984.6004322377639,97.21157948098607,Train
2016-05-01,1622.718,7.3924736976623535,6.780519631451813,0.6119540662105409,0.05908221260389641,0.5528718536066445,1.5348578144046674,0.29046199130077743,1.2443958231038899,0.10462745019480911,0.44824440341183536,0.16370966279870552,0.4482444034118354,6.944229294250518,0.44824440341183536,1059.602622438982,563.115395139143,Train
2016-06-01,878.9723,6.779890537261963,6.782053516621343,-0.002162979359380479,0.05480344839296641,-0.056966427752346886,-0.15814761815785397,-0.00035511777240671005,-0.15779250038544726,-0.00012791713944871005,-0.05683851061289818,0.0546755312535177,-0.05683851061289818,6.8367290478748615,-0.056838510612898574,951.5020801888483,-72.52979014978575,Train
2016-07-01,1453.6849,7.2825446128845215,6.783587401790874,0.4989572110936473,0.02841871788652168,0.47053849320712565,1.3062876660583083,0.5283025420510455,0.7779851240072627,0.19030010659466567,0.28023838661246,0.21871882448118735,0.28023838661246,7.0023062262720615,0.28023838661246003,1123.02297352166,330.6619630017774,Train
2016-08-01,1183.2319,7.076849937438965,6.785121286960405,0.2917286504785599,0.08903698001008177,0.20269167046847814,0.5627034407771134,0.4199666082779676,0.14273683249914582,0.15127636905024672,0.05141530141823142,0.24031334906032847,0.05141530141823142,7.025434636020734,0.05141530141823125,1149.3228016654693,33.90913192828066,Train
2016-09-01,1183.2319,7.076849937438965,6.786655172129936,0.2901947653090291,0.03901131033606932,0.2511834549729598,0.6973241379524205,0.594225031888409,0.10309910606401151,0.21404607759516847,0.037137377377791325,0.2530573879312378,0.037137377377791325,7.039712560061173,0.03713737737779166,1165.864835179222,17.367098414528073,Train
2016-10-01,1318.4584,7.184976577758789,6.7881890572994665,0.39678752045932253,0.12692052977425705,0.2698669906850655,0.7491925240917461,0.7187769747851862,0.030415549306559875,0.2589109913959036,0.010955999289161855,0.3858315211701607,0.010955999289161855,7.174020578469627,0.010955999289161689,1333.595890838363,-15.137516814925448,Train
2016-11-01,507.0994,6.230677127838135,6.789722942468997,-0.5590458146308626,-0.03668570739591897,-0.5223601072349436,-1.4501524852325702,-0.6814269984784959,-0.7687254867540744,-0.24545713890282844,-0.2769029683321152,-0.2821428462987474,-0.27690296833211514,6.5075800961702495,-0.2769029683321147,684.3593773941546,-177.25998164220152,Train
2016-12-01,1183.2319,7.076849937438965,6.791256827638528,0.28559310980043673,-0.004575495373502848,0.29016860517393955,0.8055529472892871,0.10266181546524433,0.7028911318240427,0.03697986072599712,0.2531887444479424,0.032404365352494274,0.2531887444479425,6.823661192991023,0.25318874444794215,939.1358969517777,244.09603664197232,Train
2017-01-01,709.93915,6.566586971282959,6.792790712808058,-0.22620374152509903,-0.17135089447648783,-0.05485284704861121,-0.15227999107873758,0.8406658186894381,-0.9929458097681757,0.3028166290587989,-0.3576694761074101,0.1314657345823111,-0.3576694761074101,6.924256447390369,-0.35766947610740996,1038.6295122426425,-328.6903642934237,Train
2017-02-01,540.906,6.295092582702637,6.794324597977589,-0.4992320152749521,-0.14667797973015986,-0.35255403554479225,-0.9787445552271138,-0.31237731202294516,-0.6663672432041686,-0.11252157815658945,-0.2400324573882028,-0.2591995578867493,-0.24003245738820278,6.53512504009084,-0.2400324573882031,703.4999660438158,-162.5939601844408,Train
2017-03-01,676.1325,6.517867088317871,6.79585848314712,-0.2779913948292485,-0.05832349656560159,-0.2196678982636469,-0.6098320759582179,-0.42791048053170766,-0.1819215954265102,-0.15413783500267644,-0.06553006326097047,-0.21246133156827804,-0.06553006326097047,6.583397151578842,-0.06553006326097055,738.3418470907353,-62.209339766516564,Train
2017-04-01,1622.718,7.3924736976623535,6.79739236831665,0.5950813293457031,0.01898584365844703,0.5760954856872561,1.5993302105761429,0.1338488983134687,1.4654813122626742,0.04821377447426813,0.527881711212988,0.06719961813271516,0.527881711212988,6.864591986449366,0.5278817112129879,978.4147794828319,644.3032380952931,Train
2017-05-01,1149.4253,7.047886848449707,6.798926253486181,0.24896059496352585,0.05908221260389641,0.18987838235962945,0.5271317703189585,0.011001414030713363,0.5161303562882451,0.003962824510760209,0.18591555784886923,0.06304503711465662,0.18591555784886923,6.861971290600838,0.18591555784886893,975.8513916333245,173.5739013354255,Train
2017-06-01,1487.4916,7.305518627166748,6.800460138655712,0.5050584885110361,0.05480344839296641,0.45025504011806966,1.2499776617168719,0.47992008107366224,0.7700575806432096,0.1728722376210224,0.2773828024970473,0.22767568601398883,0.2773828024970473,7.028135824669701,0.27738280249704683,1152.4342409603657,335.05733618807176,Train
2017-07-01,743.7458,6.613042831420898,6.801994023825243,-0.18895119240434433,0.02841871788652168,-0.217369910290866,-0.6034525057659176,0.2228259013875019,-0.8262784071534195,0.08026422250680171,-0.2976341327976677,0.10868294039332338,-0.2976341327976677,6.910676964218566,-0.2976341327976675,1024.6073034272617,-280.861514853043,Train
2017-08-01,1487.4916,7.305518627166748,6.8035279089947736,0.5019907181719745,0.08903698001008177,0.41295373816189274,1.146423475658343,0.40673575218710845,0.7396877234712345,0.1465104761687661,0.2664432619931266,0.23554745617884787,0.2664432619931266,7.0390753651736215,0.2664432619931265,1165.1215517051457,322.37002544329175,Train
2017-09-01,1217.0386,7.104997158050537,6.805061794164304,0.29993536388623276,0.03901131033606932,0.26092405355016346,0.7243655468171897,0.5426493047770218,0.1817162420401679,0.19546796072885583,0.06545609282130763,0.23447927106492517,0.0654560928213076,7.03954106522923,0.06545609282130727,1165.6647410484575,51.37383317029253,Train
2017-10-01,1859.3644,7.528527736663818,6.806595679333835,0.7219320573299832,0.12692052977425705,0.5950115275557262,1.6518440697824461,0.6824068186499883,0.9694372511324578,0.24581008038661295,0.3492014471691132,0.37273061016087,0.3492014471691132,7.179326289494705,0.34920144716911317,1340.695689053969,518.6686908288434,Train
2017-11-01,1115.6187,7.018060207366943,6.808129564503366,0.20993064286357743,-0.03668570739591897,0.2466163502594964,0.6846451485755242,0.4444588533462056,0.24018629522931856,0.16009873214002723,0.08651761811946918,0.12341302474410826,0.08651761811946918,6.931542589247474,0.08651761811946912,1046.2320633470172,69.38658899673283,Train
2017-12-01,1419.8783,7.259030342102051,6.809663449672896,0.44936689242915495,-0.004575495373502848,0.4539423878026578,1.260214309452142,0.9111045500178054,0.34910975943433664,0.3281893975261635,0.12575299027649428,0.32361390215266067,0.12575299027649428,7.133277351825557,0.125752990276494,1280.3129775320253,139.56531836641216,Train
2018-01-01,1521.2982,7.327976226806641,6.811197334842427,0.516778891964214,-0.17135089447648783,0.6881297864407019,1.9103547651289456,1.5087076333817153,0.4016471317472303,0.5434522846285782,0.1446775018121237,0.37210139015209037,0.14467750181212363,7.183298724994517,0.14467750181212402,1346.036088813172,175.2621289602655,Train
2018-02-01,642.32587,6.466651439666748,6.812731220011957,-0.34607978034520936,-0.14667797973015986,-0.1994018006150495,-0.5535702530049939,0.313465436221976,-0.8670356892269698,0.1129135318849586,-0.3123153325000081,-0.03376444784520126,-0.3123153325000081,6.778966772166756,-0.31231533250000787,898.0422366810444,-255.71636998182566,Train
2018-03-01,811.359,6.699942588806152,6.814265105181488,-0.11432251637533586,-0.05832349656560159,-0.05599901980973427,-0.15546194401700225,0.0325629503324143,-0.18802489434941655,0.011729515620419845,-0.06772853543015411,-0.046593980945181745,-0.06772853543015411,6.767671124236307,-0.06772853543015422,887.9441119015075,-76.58510311244504,Train
2018-04-01,1453.6849,7.2825446128845215,6.815798990351019,0.4667456225335025,0.01898584365844703,0.44775977887505547,1.2430504304012653,0.584947765185834,0.6581026652154313,0.21070430900258696,0.2370554698724685,0.22969015266103399,0.2370554698724685,7.045489143012053,0.23705546987246873,1172.6248327376186,281.0601037858189,Train
2018-05-01,1115.6187,7.018060207366943,6.81733287552055,0.20072733184639358,0.05908221260389641,0.14164511924249718,0.393228768517318,-0.10730903290959004,0.500537801426908,-0.03865383710247671,0.1802989563449739,0.020428375501419696,0.1802989563449739,6.83776125102197,0.1802989563449735,952.4857634267752,163.13288891697482,Train
2018-06-01,1318.4584,7.184976577758789,6.818866760690081,0.3661098170687085,0.05480344839296641,0.3113063686757421,0.8642346495284865,0.4884882511994739,0.3757463983290126,0.17595858220292232,0.13534778647281975,0.23076203059588873,0.13534778647281975,7.049628791285969,0.13534778647281964,1177.4932966623846,140.96507736105286,Train
2018-07-01,1521.2982,7.327976226806641,6.820400645859611,0.5075755809470293,0.02841871788652168,0.4791568630605076,1.330213594337349,0.7037131751260444,0.6265004192113046,0.25348485305152596,0.22567201000898163,0.28190357093804763,0.22567201000898163,7.102304216797659,0.22567201000898152,1241.2350053430994,280.0632124303381,Train
2018-08-01,1183.2319,7.076849937438965,6.821934531029142,0.2549154064098227,0.08903698001008177,0.16587842639974093,0.46050417893390116,0.4694099320984801,-0.008905753164578922,0.16908637192645656,-0.003207945526715633,0.25812335193653835,-0.003207945526715661,7.08005788296568,-0.003207945526715328,1213.904954559268,-30.673020965517935,Train
2018-09-01,1115.6187,7.018060207366943,6.823468416198673,0.1945917911682704,0.03901131033606932,0.1555804808322011,0.4319154885827047,0.6271044747574401,-0.19518898617473546,0.22588959714072707,-0.07030911630852596,0.2649009074767964,-0.07030911630852599,7.08836932367547,-0.07030911630852632,1224.044644401801,-108.42599205805095,Validate
2018-10-01,878.9723,6.779890537261963,6.825002301368203,-0.04511176410623996,0.12692052977425705,-0.172032293880497,-0.47758826728101633,-0.27475116579095715,-0.20283710149005918,-0.09896824636512144,-0.07306404751537557,0.02795228340913561,-0.07306404751537557,6.852954584777338,-0.07306404751537521,967.083000410281,-88.11071037121849,Validate
2018-11-01,1318.4584,7.184976577758789,6.826536186537734,0.3584403912210554,-0.03668570739591897,0.3951260986169744,1.0969311897164804,0.386539234352286,0.7103919553641944,0.1392354790016383,0.2558906196153361,0.10254977160571932,0.2558906196153361,6.929085958143453,0.2558906196153359,1043.6625579427744,274.79581608066314,Validate
2018-12-01,1284.6517,7.159020900726318,6.828070071707264,0.3309508290190539,-0.004575495373502848,0.33552632439255675,0.9314729942804995,0.37681608991047266,0.5546569043700268,0.1357331005793637,0.19979322381319306,0.13115760520586084,0.1997932238131931,6.959227676913125,0.19979322381319342,1075.629837128401,209.02189627003645,Validate
2019-01-01,980.39215,6.888972282409668,6.829603956876795,0.059368325532872745,-0.17135089447648783,0.23071922000936057,0.6405122551539145,0.7444728090104259,-0.10396055385651137,0.2681668999007495,-0.03744767989138892,0.09681600542426166,-0.03744767989138892,6.926419962301057,-0.03744767989138875,1040.8812010968677,-60.48905021796145,Validate
2019-02-01,1048.0054,6.955597877502441,6.831137842046326,0.12446003545611539,-0.14667797973015986,0.2711380151862752,0.752721084779463,0.5190290118268495,0.23369207295261352,0.1869596839207145,0.08417833126556074,0.04028170419055463,0.08417833126556076,6.871419546236881,0.0841783312655604,985.1246724788879,62.880698614862126,Validate
2019-03-01,878.9723,6.779890537261963,6.832671727215857,-0.052781189953893914,-0.05832349656560159,0.005542306611707674,0.015386300744581671,0.511386854878356,-0.4960005541337743,0.18420689897997697,-0.1786645923682693,0.12588340241437537,-0.1786645923682693,6.958555129630232,-0.17866459236826948,1074.9059960927043,-195.9337060536418,Validate
2019-04-01,912.77893,6.817588806152344,6.834205612385388,-0.016616806233043846,0.01898584365844703,-0.035602649891490874,-0.0988384650855222,-0.020465927275851725,-0.07837253780967048,-0.007372041268309748,-0.028230608623181126,0.01161380239013728,-0.028230608623181126,6.845819414775525,-0.02823060862318094,960.2001479884018,-47.421217324339295,Validate
2019-05-01,1217.0386,7.104997158050537,6.835739497554918,0.2692576604956187,0.05908221260389641,0.21017544789172232,0.5834795649085907,0.24193116545138071,0.34154839945720994,0.08714613864099302,0.1230293092507293,0.14622835124488942,0.1230293092507293,6.981967848799808,0.12302930925072886,1100.3930777451524,116.64549647359763,Validate
2019-06-01,1690.3313,7.433271408081055,6.837273382724449,0.5959980253566055,0.05480344839296641,0.5411945769636392,1.5024398875567695,0.29854814948379005,1.2038917380729794,0.10754016902859422,0.43365440793504495,0.16234361742156062,0.4336544079350449,6.99961700014601,0.4336544079350446,1120.0042823657934,570.3270164623316,Validate
2019-07-01,743.7458,6.613042831420898,6.83880726789398,-0.22576443647308153,0.02841871788652168,-0.2541831543596032,-0.7056517676091298,0.2310289338744978,-0.9366807014836276,0.08321904068847155,-0.3374021950480748,0.11163775857499322,-0.3374021950480748,6.950445026468973,-0.33740219504807456,1066.2155752109368,-322.469786636718,Validate
2019-08-01,1352.265,7.210275650024414,6.840341153063511,0.3699344969609033,0.08903698001008177,0.28089751695082155,0.7798149718172857,0.3749272788526669,0.40488769296461874,0.13505273106184792,0.14584478588897362,0.2240897110719297,0.1458447858889736,7.06443086413544,0.14584478588897376,1195.0671844047788,157.1978302436587,Validate
2019-09-01,1386.0717,7.234950065612793,6.8418750382330416,0.3930750273797514,0.03901131033606932,0.3540637170436821,0.982935664669053,0.7846658750756124,0.19826978959344066,0.2826448630899412,0.07141885395374092,0.3216561734260105,0.07141885395374092,7.163531211659052,0.07141885395374103,1319.6699896234582,66.40166564997935,Validate
2019-10-01,946.5855,6.853917121887207,6.8434089234025715,0.010508198484635578,0.12692052977425705,-0.11641233128962147,-0.32317864475709884,0.011476889486120356,-0.3346555342432192,0.004134095747684061,-0.12054642703730553,0.1310546255219411,-0.12054642703730553,6.974463548924512,-0.12054642703730511,1092.1588285889127,-145.57331833500643,Validate
2019-11-01,980.39215,6.888972282409668,6.844942808572102,0.044029473837565725,-0.03668570739591897,0.0807151812334847,0.22407783259200817,0.20373228832747858,0.020345544264529586,0.07338650318617677,0.007328678047307927,0.036700795790257805,0.00732867804730792,6.88164360436236,0.007328678047308301,995.2585850289339,-14.866434150027658,Validate
2019-12-01,912.77893,6.817588806152344,6.846476693741633,-0.028887887589289285,-0.004575495373502848,-0.024312392215786436,-0.06749496277634807,0.33084582509319643,-0.3983407878695445,0.11917412991655092,-0.14348652213233737,0.11459863454304807,-0.14348652213233737,6.961075328284681,-0.1434865221323376,1077.6209125638293,-164.84198189976678,Validate
2020-01-01,912.77893,6.817588806152344,6.848010578911164,-0.030421772758820076,-0.17135089447648783,0.14092912171766775,0.391241048598299,0.2377705657082686,0.1534704828900304,0.0856474470550353,0.05528167466263245,-0.08570344742145253,0.05528167466263245,6.762307131489711,0.05528167466263234,883.188587833764,29.590342830298482,Validate
2020-02-01,912.77893,6.817588806152344,6.849544464080695,-0.03195565792835087,-0.14667797973015986,0.114722321801809,0.3184869169148047,0.13415992401030716,0.18432699290449753,0.04832580918648484,0.06639651261532416,-0.09835217054367502,0.06639651261532416,6.751192293537019,0.06639651261532453,873.4153893337397,39.363541330322846,Validate
2020-03-01,1149.4253,7.047886848449707,6.851078349250225,0.19680849919948162,-0.05832349656560159,0.2551319957650832,0.7082858981700028,0.4671919961300397,0.24109390203996306,0.16828744817042895,0.08684454759465426,0.10996395160482736,0.08684454759465426,6.961042300855053,0.08684454759465421,1077.585289075823,71.84000389292692,Validate
2020-04-01,405.6795,6.008025169372559,6.852612234419756,-0.8445870650471976,0.01898584365844703,-0.8635729087056446,-2.39741201978074,-0.6935296946590395,-1.7038823251217003,-0.24981665677359002,-0.6137562519320546,-0.230830813115143,-0.6137562519320546,6.621781421304613,-0.6137562519320543,767.2726355466627,-361.5931311521315,Validate
2020-05-01,439.48615,6.087879180908203,6.854146119589287,-0.7662669386810839,0.05908221260389641,-0.8253491512849803,-2.29129695461637,-1.0933243271544517,-1.1979726274619182,-0.39382686896087316,-0.43152228232410716,-0.33474465635697676,-0.4315222823241071,6.5194014632323105,-0.4315222823241074,692.5093390988951,-253.02319407936386,Validate
2020-06-01,405.6795,6.008025169372559,6.855680004758818,-0.8476548353862592,0.05480344839296641,-0.9024582837792255,-2.5053638379252128,-1.2891197616189172,-1.2162440763062956,-0.46435443429243756,-0.438103849486788,-0.40955098589947114,-0.43810384948678804,6.446129018859347,-0.4381038494867884,643.5112398744589,-237.8317354799276,Validate
2020-07-01,845.16565,6.740715026855469,6.857213889928349,-0.11649886307287982,0.02841871788652168,-0.1449175809594015,-0.4023136286087928,-0.8382586993962258,0.435945070787433,-0.30194955948857505,0.15703197852917355,-0.2735308416020534,0.15703197852917355,6.583683048326296,0.15703197852917317,738.5532527387287,106.6123966753338,Validate
2020-08-01,845.16565,6.740715026855469,6.8587477750978785,-0.11803274824240972,0.08903698001008177,-0.20706972825249148,-0.574857606625623,-0.6443902987857049,0.06953269216008184,-0.23211613192586078,0.0250464036733693,-0.14307915191577902,0.0250464036733693,6.7156686231821,0.025046403673369078,842.8981958003448,2.2674536137177483,Validate
2020-09-01,1048.0054,6.955597877502441,6.860281660267409,0.09531621723503214,0.03901131033606932,0.05630490689896282,0.15631113390823143,-0.23451935179475725,0.3908304857029887,-0.08447632576551574,0.14078123266447856,-0.04546501542944642,0.14078123266447856,6.814816644837963,0.1407812326644784,930.8574831211973,117.14788797255267,Validate
2020-10-01,709.93915,6.566586971282959,6.86181554543694,-0.29522857415398107,0.12692052977425705,-0.4221491039282381,-1.1719512338734064,-0.4428136369800356,-0.7291375968933708,-0.1595061079807,-0.26264299594753815,-0.03258557820644295,-0.26264299594753815,6.829229967230497,-0.26264299594753826,944.3859060064817,-234.44675805726297,Validate
2020-11-01,540.906,6.295092582702637,6.863349430606471,-0.5682568479038341,-0.03668570739591897,-0.5315711405079152,-1.4757237388703444,-0.6262989722100591,-0.8494247666602852,-0.22559944669012774,-0.30597169381778744,-0.2622851540860467,-0.30597169381778744,6.601064276520424,-0.30597169381778766,751.519958781775,-210.61395292240002,Validate
2020-12-01,507.0994,6.230677127838135,6.864883315776002,-0.6342061879378669,-0.004575495373502848,-0.629630692564364,-1.7479522286533389,-0.8417981993997217,-0.9061540292536172,-0.3032245244458551,-0.32640616811850887,-0.30780001981935795,-0.3264061681185089,6.557083295956644,-0.32640616811850887,719.1406491725687,-212.0412534206156,Validate
2021-01-01,202.83975,5.317334175109863,6.866417200945532,-1.5490830258356691,-0.17135089447648783,-1.3777321313591813,-3.8247975804489807,-1.4660065529603874,-2.3587910274885933,-0.5280709084111969,-0.8496612229479844,-0.6994218028876846,-0.8496612229479845,6.166995398057848,-0.8496612229479847,486.5333220898479,-283.6935698925823,Validate
2021-02-01,270.453,5.60378885269165,6.867951086115063,-1.2641622334234128,-0.14667797973015986,-1.117484253693253,-3.1023092025147068,-1.9124115720723338,-1.189897630442373,-0.6888706698350006,-0.42861358385825243,-0.8355486495651604,-0.42861358385825243,6.032402436549903,-0.42861358385825277,425.13904068391327,-154.68603775422577,Validate
2021-03-01,338.06625,5.82619571685791,6.869484971284594,-1.0432892544266839,-0.05832349656560159,-0.9849657578610823,-2.734417352795275,-1.8056196579504924,-0.9287976948447825,-0.6504031043337329,-0.3345626535273494,-0.7087266008993345,-0.3345626535273494,6.16075837038526,-0.3345626535273496,483.5020262333094,-145.4357725712,Validate
2021-04-01,912.77893,6.817588806152344,6.871018856454125,-0.05343005030178105,0.01898584365844703,-0.07241589396022807,-0.20103772692873442,-0.9901525475047741,0.7891148205760397,-0.35666331379668476,0.2842474198364567,-0.33767747013823773,0.2842474198364567,6.533341386315887,0.28424741983645685,702.2445020093562,210.5344286547063,Validate
2021-05-01,811.359,6.699942588806152,6.872552741623656,-0.17261015281750325,0.05908221260389641,-0.23169236542139965,-0.6432138573976831,-0.6040818113821653,-0.039132046015517785,-0.21759659276221588,-0.01409577265918377,-0.15851438015831948,-0.01409577265918377,6.714038361465336,-0.014095772659183936,841.523541706315,-30.164532917252473,Validate
2021-06-01,1014.1988,6.922839641571045,6.874086626793186,0.04875301477785854,0.05480344839296641,-0.006050433615107868,-0.01679693993120543,-0.6549408768537697,0.6381439369225642,-0.2359165606029465,0.22986612698783862,-0.18111311220998008,0.22986612698783862,6.6929735145832066,0.22986612698783837,823.9615322172425,190.23725928666374,Validate
2021-07-01,1217.0386,7.104997158050537,6.875620511962716,0.22937664608782082,0.02841871788652168,0.20095792820129915,0.5578903039722932,0.3873631444215204,0.1705271595507728,0.13953226003432276,0.061425668166976394,0.16795097792084443,0.061425668166976394,7.04357148988356,0.0614256681669767,1170.3763839668889,46.66219025186115,Test
2021-08-01,676.1325,6.517867088317871,6.877154397132247,-0.359287308814376,0.08903698001008177,-0.44832428882445774,-1.2446175973704228,-0.28650883737692906,-0.9581087599934937,-0.10320348276475878,-0.34512080605969897,-0.014166502754677013,-0.34512080605969897,6.86298789437757,-0.34512080605969864,976.8449673982317,-300.71246007401294,Test
2021-09-01,1115.6187,7.018060207366943,6.878688282301778,0.1393719250651655,0.03901131033606932,0.10036061472909617,0.27861659581788867,0.03282242972366656,0.2457941660942221,0.011822982813711625,0.08853763191538455,0.05083429314978094,0.08853763191538455,6.929522575451559,0.08853763191538455,1044.1187752856486,71.49987705810145,Test
2021-10-01,1250.8452,7.132373809814453,6.880222167471309,0.25215164234314447,0.12692052977425705,0.12523111256888741,0.3476609461651158,0.046093376362781324,0.30156756980233446,0.016603316730393114,0.1086277958384943,0.14352384650465017,0.1086277958384943,7.023746013975959,0.10862779583849402,1147.381980341985,103.4632345017651,Test
2021-11-01,878.9723,6.779890537261963,6.8817560526408394,-0.10186551537887656,-0.03668570739591897,-0.06517980798295758,-0.18094923257789058,-0.12489679045439028,-0.0560524421235003,-0.044989131501293425,-0.020190676481664158,-0.08167483889721239,-0.02019067648166417,6.800081213743627,-0.02019067648166395,917.2268347663833,-38.25454472732076,Test
2021-12-01,1352.265,7.210275650024414,6.88328993781037,0.3269857122140438,-0.004575495373502848,0.33156120758754665,0.9204652164862495,0.5303030207712567,0.3901621957149928,0.19102069997326002,0.14054050761428663,0.18644520459975716,0.14054050761428666,7.069735142410128,0.14054050761428627,1201.4283132705214,150.83670137791614,Test
2022-01-01,1318.4584,7.184976577758789,6.884823822979901,0.30015275477888803,-0.17135089447648783,0.47150364925537586,1.3089670885919622,0.7525956757684678,0.5563714128234944,0.2710928415475725,0.20041080770780334,0.09974194707108469,0.20041080770780334,6.9845657700509856,0.2004108077078035,1103.2581302066642,215.2002438167733,Test
2022-02-01,1081.812,6.987316608428955,6.886357708149432,0.10095890027952326,-0.14667797973015986,0.24763688000968312,0.6874782970740204,0.5463039456038432,0.1411743514701772,0.19678440061613947,0.05085247939354365,0.05010642088597961,0.05085247939354365,6.936464129035412,0.050852479393543426,1051.3987612398255,30.41325047892451,Test
2022-03-01,1183.2319,7.076849937438965,6.887891593318963,0.18895834412000223,-0.05832349656560159,0.24728184068560383,0.6864926529732597,0.20831313197008527,0.4781795210031744,0.075036571024384,0.17224526966121984,0.016713074458782416,0.1722452696612198,6.904604667777745,0.17224526966121978,1018.3983821326592,164.8335514610908,Test
2022-04-01,845.16565,6.740715026855469,6.889425478488493,-0.14871045163302465,0.01898584365844703,-0.16769629529147168,-0.4655508642658357,-0.1842337138101513,-0.2813171504556844,-0.06636291250897557,-0.10133338278249611,-0.04737706885052854,-0.10133338278249612,6.842048409637965,-0.10133338278249582,956.5822830730189,-111.41663365895636,Test
2022-05-01,1284.6517,7.159020900726318,6.890959363658023,0.26806153706829505,0.05908221260389641,0.20897932446439865,0.5801589411918218,-0.007899178396833427,0.5880581195886552,-0.0028453667572593904,0.21182469122165803,0.05623684584663702,0.21182469122165803,6.947196209504661,0.2118246912216577,1062.7540131810133,221.8977202174242,Test
2022-06-01,1318.4584,7.184976577758789,6.892493248827554,0.29248332893123496,0.05480344839296641,0.23767988053826855,0.6598361258420644,0.4315532703101112,0.2282828555319532,0.155450006018248,0.08222987452002056,0.2102534544112144,0.08222987452002056,7.102746703238768,0.08222987452002073,1241.78479911881,76.67357490462746,Test
2022-07-01,946.5855,6.853917121887207,6.894027133997085,-0.04011001210987786,0.02841871788652168,-0.06852872999639953,-0.19024635828366082,0.15457365585416172,-0.34482001413782254,0.05567904911374056,-0.12420777911014008,0.08409776700026224,-0.1242077791101401,6.978124900997347,-0.12420777911014014,1096.1686040523377,-149.5830937984315,Test
2022-08-01,1115.6187,7.018060207366943,6.895561019166616,0.12249918820032768,0.08903698001008177,0.03346220819024591,0.09289626772097541,0.2852275762612771,-0.19233130854030167,0.10274195909701804,-0.06927975090677213,0.1917789391070998,-0.06927975090677213,7.0873399582737155,-0.06927975090677219,1222.7842746310573,-107.16562228730731,Test
2022-09-01,405.6795,6.008025169372559,6.8970949043361465,-0.8890697349635879,0.03901131033606932,-0.9280810452996572,-2.5764965886516444,-0.9692297382152564,-1.607266850436388,-0.3491266988438262,-0.578954346455831,-0.3101153885077569,-0.578954346455831,6.586979515828389,-0.5789543464558307,740.9951886723586,-335.31568427782736,Test
2022-10-01,980.39215,6.888972282409668,6.898628789505677,-0.009656507096009292,0.12692052977425705,-0.13657703687026634,-0.37915898764075434,-0.6298188554605226,0.2506598678197683,-0.22686734548759227,0.09029030861732593,-0.09994681571333522,0.09029030861732593,6.798681973792342,0.0902903086173259,915.9429135612381,64.44923731766812,Test
2022-11-01,1250.8452,7.132373809814453,6.900162674675208,0.23221113513924507,-0.03668570739591897,0.26889684253516405,0.7464992427114538,-0.172431998955068,0.9189312416665218,-0.062111811262702925,0.331008653797867,-0.0987975186586219,0.331008653797867,6.801365156016586,0.33100865379786715,918.4065421917587,332.4386726519913,Test
2022-12-01,777.5524,6.657436370849609,6.901696559844739,-0.24426018899512947,-0.004575495373502848,-0.23968469362162662,-0.6654017971768221,-0.7350248426994805,0.06962304552265841,-0.2647636435221308,0.02507894990050416,-0.2693391388956336,0.025078949900504133,6.632357420949106,0.025078949900503744,775.441004865513,2.1114243337057133,Test
2023-01-01,709.93915,6.566586971282959,6.90323044501427,-0.33664347373131065,-0.17135089447648783,-0.16529257925482282,-0.45887777660837425,-0.18817410195646667,-0.2707036746519076,-0.06778228157230995,-0.09751029768251288,-0.23913317604879777,-0.09751029768251288,6.664097268965472,-0.09751029768251307,800.4803955215307,-90.54124757231193,Test
2023-02-01,777.5524,6.657436370849609,6.9047643301838,-0.24732795933419105,-0.14667797973015986,-0.10064997960403119,-0.27941991748566936,-0.34118968304339714,0.061769765557727785,-0.12290009584297092,0.02225011623893973,-0.2695780755731308,0.022250116238939743,6.6351862546106695,0.02225011623893991,777.6405369046549,-0.08810770543618673,Test
2023-03-01,1014.1988,6.922839641571045,6.906298215353331,0.016541426217713706,-0.05832349656560159,0.0748649227833153,0.20783660989283634,0.21746630289039415,-0.00962969299755781,0.07833363901699963,-0.0034687162336843325,0.020010142451398046,-0.0034687162336843394,6.9263083578047295,-0.00346871623368461,1040.7649289585538,-26.56613745464756,Test
2023-04-01,1555.1049,7.349941253662109,6.907832100522862,0.44210915313924737,0.01898584365844703,0.42312330948080035,1.1746557792313084,0.40208273592049537,0.772573043310813,0.1448344109957963,0.27828889848500404,0.16382025465424332,0.27828889848500404,7.071652355177106,0.2782888984850036,1203.735835482808,351.36902291562956,Test
2023-05-01,1453.6849,7.2825446128845215,6.909365985692392,0.3731786271921296,0.05908221260389641,0.3140964145882332,0.8719802487001556,0.6023047220569692,0.2696755266431864,0.21695646658243234,0.09713994800580084,0.27603867918632874,0.09713994800580084,7.185404664878721,0.09713994800580039,1348.8758549769534,104.8090815464841,Test
2023-06-01,1183.2319,7.076849937438965,6.910899870861923,0.16595006657704214,0.05480344839296641,0.11114661818407573,0.30856021038440196,0.31002162056990545,-0.0014614101855034978,0.1116730334328083,-0.0005264152487325646,0.1664764818257747,-0.0005264152487325646,7.077376352687698,-0.000526415248732981,1210.6515141876953,-27.419580593945284,Test
2023-07-01,1453.6849,7.2825446128845215,6.9124337560314535,0.370110856853068,0.02841871788652168,0.3416921389665463,0.9485902496070678,0.4979476802323918,0.45064256937467606,0.179365967574002,0.16232617139254432,0.20778468546052367,0.16232617139254432,7.120218441491978,0.1623261713925439,1263.6892066598807,189.9957298635568,Test
2023-08-01,1081.812,6.987316608428955,6.913967641200984,0.0733489672279708,0.08903698001008177,-0.015688012782110974,-0.04355235097251832,0.3946892803480937,-0.438241631320612,0.14217121089445167,-0.15785922367656263,0.23120819090453343,-0.15785922367656263,7.145175832105518,-0.1578592236765628,1295.6497157264905,-213.8377040077405,Test
2023-09-01,1453.6849,7.2825446128845215,6.915501526370515,0.3670430865140064,0.03901131033606932,0.3280317761779371,0.9106669687655422,0.5038728572414043,0.4067941115241379,0.18150027836499266,0.14653149781294444,0.22051158870106197,0.14653149781294444,7.136013115071577,0.14653149781294417,1283.8231457879656,169.8617907354719,Test
2023-10-01,1183.2319,7.076849937438965,6.917035411540046,0.15981452589891898,0.12692052977425705,0.03289399612466193,0.09131882310444935,0.13817324590255642,-0.04685442279810707,0.04977144974866851,-0.016877453624006583,0.17669197952292556,-0.016877453624006583,7.093727391062972,-0.016877453624006833,1230.626132441827,-47.39419884807694,Test
2023-11-01,1115.6187,7.018060207366943,6.918569296709577,0.0994909106573667,-0.03668570739591897,0.13617661805328568,0.3780473630458899,0.35218920534207254,0.02585815770381733,0.12686223893204598,0.009314379121239696,0.09017653153612701,0.009314379121239696,7.008745828245703,0.009314379121240002,1130.2845899461033,-14.665937602353324,Test
2023-12-01,1487.4916,7.305518627166748,6.9201031818791074,0.3854154452876406,-0.004575495373502848,0.3899909406611434,1.0826751966408823,0.7113439179529772,0.37133127868790505,0.2562335265061797,0.13375741415496373,0.2516580311326769,0.13375741415496373,7.171761213011784,0.13375741415496378,1330.5839547958117,156.90762235262582,Test
2024-01-01,1284.6517,7.159020900726318,6.921637067048638,0.23738383367768012,-0.17135089447648783,0.40873472815416795,1.134710851047116,0.7340930629915547,0.40061778805556125,0.2644280067162721,0.14430672143789586,0.09307711223978427,0.14430672143789586,7.014714179288423,0.14430672143789547,1137.0566825185022,147.59505087993534,Test
2024-02-01,777.5524,6.657436370849609,6.923170952218169,-0.26573458136855965,-0.14667797973015986,-0.11905660163839979,-0.3305195484072755,0.19621672624440484,-0.5267362746516804,0.07067931904132069,-0.18973592067972048,-0.07599866068883918,-0.18973592067972048,6.84717229152933,-0.18973592067972067,961.501413351727,-183.94898415250827,Test
2024-03-01,1250.8452,7.132373809814453,6.924704837387699,0.2076689724267542,-0.05832349656560159,0.2659924689923558,0.7384362523475041,0.12338808608593133,0.6150481662615728,0.044445680392724236,0.22154678859963156,-0.013877816172877352,0.22154678859963156,6.910827021214821,0.22154678859963184,1024.7612145259814,226.08400031776864,Test
2024-04-01,878.9723,6.779890537261963,6.92623872255723,-0.14634818529526683,0.01898584365844703,-0.16533402895371385,-0.4589928473862274,-0.0904373165624206,-0.3685555308238068,-0.032576468239483264,-0.1327575607142306,-0.013590624581036236,-0.1327575607142306,6.912648097976193,-0.1327575607142304,1026.6309063459253,-147.65861630686277,Test
2024-05-01,1250.8452,7.132373809814453,6.9277726077267605,0.2046012020876926,0.05908221260389641,0.1455189894837962,0.40398323173164147,-0.09253635882380956,0.49651959055545103,-0.033332565237499286,0.1788515547212955,0.02574964736639712,0.1788515547212955,6.953522255093158,0.17885155472129544,1069.504699625565,181.34051521818492,Forecast
2024-06-01,,,6.929306492896291,,0.05480344839296641,,,-0.0978180435897551,,-0.03523508338563597,,0.01956836500733044,,6.948874857903622,,1064.5411817462877,,Forecast
2024-07-01,,,6.930840378065822,,0.02841871788652168,,,0.013316764603337958,,0.004796838027075843,,0.033215555913597525,,6.964055933979419,,1080.8406522017476,,Forecast
2024-08-01,,,6.932374263235353,,0.08903698001008177,,,-0.30394124894717156,,-0.1094828199171791,,-0.020445839907097335,,6.911928423328256,,1025.8916124926216,,Forecast
2024-09-01,,,6.933908148404884,,0.03901131033606932,,,-0.08707372666731611,,-0.03136486794489812,,0.007646442391171196,,6.941554590796055,,1056.7696153567997,,Forecast
2024-10-01,,,6.9354420335744145,,0.12692052977425705,,,0.008728911283863439,,0.0031442452298745486,,0.1300647750041316,,7.065506808578546,,1196.354778811228,,Forecast
2024-11-01,,,6.936975918743945,,-0.03668570739591897,,,-0.19980006185374677,,-0.0719700740427538,,-0.10865578143867277,,6.828320137305273,,943.5261567904016,,Forecast
2024-12-01,,,6.938509803913476,,-0.004575495373502848,,,-0.27403247502861006,,-0.09870936642834832,,-0.10328486180185117,,6.8352249421116245,,950.0704932195405,,Forecast
2025-01-01,,,6.940043689083007,,-0.17135089447648783,,,-0.08051706001762177,,-0.029003087974091242,,-0.20035398245057906,,6.7396897066324275,,863.4149759017441,,Forecast
2025-02-01,,,6.941577574252537,,-0.14667797973015986,,,-0.11146265746527984,,-0.040150016152899703,,-0.18682799588305957,,6.754749578369477,,876.5314730481703,,Forecast
2025-03-01,,,6.9431114594220675,,-0.05832349656560159,,,0.17670627368857994,,0.06365144977029813,,0.005327953204696541,,6.948439412626764,,1064.0772978767488,,Forecast
2025-04-01,,,6.944645344591598,,0.01898584365844703,,,0.06379152463045029,,0.022978375023298664,,0.04196421868174569,,6.986609563273344,,1105.5173133541161,,Forecast
2025-05-01,,,6.946179229761129,,0.05908221260389641,,,0.04861597603905421,,0.01751198354359201,,0.07659419614748841,,7.022773425908618,,1146.2656206981883,,Forecast
2025-06-01,,,6.94771311493066,,0.05480344839296641,,,0.09937381822759539,,0.03579548969802826,,0.09059893809099467,,7.038312053021655,,1164.2317765853418,,Forecast
2025-07-01,,,6.949247000100191,,0.02841871788652168,,,-0.01684899349563139,,-0.006069183853977504,,0.022349534032544173,,6.971596534132735,,1089.0292145262183,,Forecast
2025-08-01,,,6.9507808852697215,,0.08903698001008177,,,0.22358608519076095,,0.08053804867131363,,0.1695750286813954,,7.1203559139511166,,1263.863078546191,,Forecast
2025-09-01,,,6.952314770439252,,0.03901131033606932,,,0.07217192702073277,,0.02599708370106773,,0.06500839403713704,,7.017323164476389,,1140.0297321811117,,Forecast
2025-10-01,,,6.953848655608783,,0.12692052977425705,,,0.032426379196022585,,0.011680321267289918,,0.13860085104154696,,7.09244950665033,,1229.0532617924603,,Forecast
2025-11-01,,,6.955382540778314,,-0.03668570739591897,,,0.19771926357592445,,0.07122054871861991,,0.03453484132270094,,6.989917382101015,,1109.1835324077008,,Forecast
2025-12-01,,,6.956916425947844,,-0.004575495373502848,,,0.24376219243801023,,0.0878056937311134,,0.08323019835761054,,7.0401466243054545,,1166.3714394235226,,Forecast
2026-01-01,,,6.9584503111173746,,-0.17135089447648783,,,0.08244138484754288,,0.029696249924126637,,-0.14165464455236118,,6.816795666565014,,932.7034753536872,,Forecast
2026-02-01,,,6.959984196286905,,-0.14667797973015986,,,0.16168890431877275,,0.05824203610223054,,-0.08843594362792932,,6.871548252658976,,985.2516012253195,,Forecast
2026-03-01,,,6.961518081456436,,-0.05832349656560159,,,-0.120606819016298,,-0.04344383887637519,,-0.10176733544197678,,6.859750746014459,,973.6846561206576,,Forecast
2026-04-01,,,6.963051966625967,,0.01898584365844703,,,-0.04636326901604779,,-0.016700534889681755,,0.0022853087687652734,,6.965337275394732,,1082.2277479159934,,Forecast
2026-05-01,,,6.964585851795498,,0.05908221260389641,,,-0.03273230655292683,,-0.011790519504086338,,0.04729169309981007,,7.011877544895308,,1133.8330061487945,,Forecast
2026-06-01,,,6.9661197369650285,,0.05480344839296641,,,-0.05700001486952502,,-0.020532002105187803,,0.034271446287778604,,7.000391183252807,,1120.8724809728321,,Forecast
2026-07-01,,,6.967653622134559,,0.02841871788652168,,,0.024534994633308896,,0.008837761930676287,,0.037256479817197964,,7.004910101951757,,1125.9536034479809,,Forecast
2026-08-01,,,6.96918750730409,,0.08903698001008177,,,-0.146493877108465,,-0.052768628220064735,,0.036268351790017035,,7.005455859094107,,1126.5688142887452,,Forecast
2026-09-01,,,6.970721392473621,,0.03901131033606932,,,-0.027145669864530292,,-0.00977815448085537,,0.02923315585521395,,6.999954548328835,,1120.3827391943585,,Forecast
2026-10-01,,,6.972255277643152,,0.12692052977425705,,,0.011207827696331468,,0.004037176874118562,,0.1309577066483756,,7.1032129842915275,,1242.3644212462023,,Forecast
2026-11-01,,,6.9737891628126825,,-0.03668570739591897,,,-0.09714131288769257,,-0.03499131790186902,,-0.071677025297788,,6.902112137514894,,1015.8606647977615,,Forecast
2026-12-01,,,6.975323047982212,,-0.004575495373502848,,,-0.1341931655875463,,-0.04833778315062177,,-0.05291327852412461,,6.9224097694580875,,1036.7114229563063,,Forecast
2027-01-01,,,6.976856933151743,,-0.17135089447648783,,,-0.009070586217088422,,-0.0032673201179131265,,-0.17461821459440094,,6.8022387185573425,,919.2100522137748,,Forecast
2027-02-01,,,6.978390818321274,,-0.14667797973015986,,,-0.04099868370165838,,-0.014768155096086436,,-0.1614461348262463,,6.816944683495028,,932.8426233465738,,Forecast
2027-03-01,,,6.979924703490805,,-0.05832349656560159,,,0.0,,1.0510987215386097e-17,,-0.058323496565601575,,6.921601206925203,,1035.8727075023976,,Forecast
