,DataOriginal,DataLog,Linear,DataLinear,MonthlyAverage,DataSeasons,DataRolled,DataNormalised,ConfLowerNormalised,ConfUpperNormalised,ModelledNormalised,ResidualsNormalised,ModelledSeasons,ResidualsSeasons,ModelledLinear,ResidualsLinear,ModelledLog,ResidualsLog,ModelledOriginal,ResidualsOriginal,ConfLowerSeasons,ConfUpperSeasons,ConfLowerLinear,ConfUpperLinear,ConfLowerLog,ConfUpperLog,ConfLowerOriginal,ConfUpperOriginal,Purpose
2010-04-01,2704.53,7.903053283691406,7.414959636389041,0.4880936473023656,0.029384742817196125,0.4587089044851695,0.0818090511830859,0.34225008723320355,0.0,0.0,0.34225008723320355,0.0,0.0818090511830859,0.3768998533020836,0.11119379400028202,0.3768998533020836,7.526153430389322,0.376899853302084,1927.695464803949,776.8345644929259,0.0012264137477177087,0.0012264137477177087,0.030611156564913835,0.030611156564913835,7.445570792953954,7.445570792953954,1778.3732792009712,1778.3732792009712,Train
2010-05-01,2366.4639,7.7695746421813965,7.4154057678577665,0.35416887432363,0.03449165821075425,0.31967721611287575,0.10400160034909438,0.43650614697169865,0.0,0.0,0.43650614697169865,0.0,0.10400160034909438,0.21567561576378136,0.13849325855984862,0.21567561576378136,7.553899026417615,0.21567561576378136,1981.9575561142362,384.50631107326376,0.0012264137477177087,0.0012264137477177087,0.03571807195847196,0.03571807195847196,7.451123839816239,7.451123839816239,1788.281707928782,1788.281707928782,Train
2010-06-01,1555.1049,7.349941253662109,7.415851899326493,-0.06591064566438387,0.04583206709135249,-0.11174271275573636,0.0989772096154576,0.4151665852297527,0.0,0.0,0.4151665852297527,0.0,0.0989772096154576,-0.21071992237119397,0.1448092767068101,-0.21071992237119397,7.560661176033303,-0.21071992237119375,1995.4120511754807,-440.30719277704316,0.0012264137477177087,0.0012264137477177087,0.0470584808390702,0.0470584808390702,7.462910380165564,7.462910380165564,1809.495924491518,1809.495924491518,Train
2010-07-01,1419.8783,7.259030342102051,7.416298030795219,-0.15726768869316832,-2.9796163225303086e-05,-0.15723789252994302,0.06229308592675615,0.2593619983843341,-0.11630653287408907,0.5056707458096088,0.19468210646775988,0.06467989191657422,0.04706423289180957,-0.20430212542175258,0.04703443672858427,-0.20430212542175258,7.463332467523803,-0.2043021254217523,1810.2602732330126,-390.38197733457514,-0.026157909937118435,0.12028637572073755,-0.02618770610034374,0.12025657955751225,7.390110324694875,7.536554610352732,1682.3750621535016,1947.860863600566,Train
2010-08-01,2231.2373,7.71075963973999,7.416744162263946,0.2940154774760444,0.1440012230250086,0.1500142544510358,0.06160951759713292,0.2564587511354333,-0.04595957491290187,0.5759752398316662,0.2650078324593822,-0.008549081323948882,0.06362239515781515,0.08639185929322066,0.20762361818282374,0.08639185929322066,7.62436778044677,0.08639185929322046,2126.735352804503,104.50195188299722,-0.009594748612911529,0.1368395389285418,0.13440647441209705,0.2808407619535504,7.551150636676043,7.697584924217496,1976.5150983324738,2288.3669612897934,Train
2010-09-01,1555.1049,7.349941253662109,7.417190293732672,-0.06724904007056232,0.10131642259432395,-0.16856546266488626,0.07581168626564735,0.3167781154600161,0.030388998574594484,0.6522921108007806,0.3413405546876876,-0.024562439227671484,0.08159490213218723,-0.2501603647970735,0.18291132472651117,-0.2501603647970735,7.600101618459183,-0.2501603647970736,2075.7248003228074,-520.6199419243699,0.008381490533693454,0.154808313730681,0.10969791312801741,0.25612473632500493,7.526888206860689,7.673315030057677,1929.1131456273922,2233.4730960701863,Train
2010-10-01,2434.0771,7.797733783721924,7.417636425201398,0.3800973585205254,0.14294046317538012,0.23715689534514528,0.03176127006880763,0.12968745591044092,-0.264276538568623,0.3575941571343946,0.046658809282885794,0.08302864662755513,0.012212210543283903,0.2249446848018614,0.155152673718664,0.2249446848018614,7.572789098920063,0.22494468480186125,2019.7718005816848,414.30534785581517,-0.06099738482691534,0.08542180591348314,0.08194307834846479,0.22836226908886326,7.499579503549863,7.645998694290261,1877.1174571338054,2173.2616014325313,Train
2010-11-01,1690.3313,7.433271408081055,7.418082556670124,0.015188851410930404,-0.048617623069069686,0.0638064744800001,-0.019065959287502734,-0.08618564324161315,-0.47495001871944126,0.1468891120196532,-0.16403045334989402,0.07784481010828087,-0.03739448670992646,0.10120096118992655,-0.08601210977899615,0.10120096118992655,7.332070446891128,0.10120096118992628,1587.4534436198562,102.87785520826878,-0.11060036610146222,0.03581139268160929,-0.1592179891705319,-0.012806230387460399,7.258864567499592,7.405276326282664,1475.3236637386321,1708.0997079584038,Train
2010-12-01,1284.6517,7.159020900726318,7.418528688138851,-0.25950778741253266,-0.028327883829677235,-0.23117990358285542,-0.0006088543165776602,-0.007794739351950234,-0.2710240355165439,0.3507841296047543,0.03988004704410518,-0.047674786396055414,0.01061615385805648,-0.2417960574409119,-0.017711729971620755,-0.2417960574409119,7.40081695816723,-0.24179605744091148,1700.4951715302343,-415.8434381317968,-0.06258608011271106,0.08381838782882403,-0.09091396394238829,0.0554905039991468,7.327614724196462,7.474019192137998,1580.3914803204693,1829.720510871865,Train
2011-01-01,1419.8783,7.259030342102051,7.418974819607577,-0.1599444775055261,-0.21540188013604997,0.05545740263052387,0.014179298258091987,0.055013412252147044,-0.2339513475747727,0.3878264665713876,0.07693755949830745,-0.02192414724616041,0.019341329399995444,0.03611607323052843,-0.19606055073605452,0.03611607323052843,7.222914268871523,0.03611607323052812,1423.1920748059147,-3.3137789074771717,-0.05385733150868011,0.09253999030867098,-0.2692592116447301,-0.12286188982737899,7.149715607962847,7.296112929780198,1322.6671478156074,1531.3512933649754,Train
2011-02-01,1825.5579,7.510188579559326,7.419420951076304,0.09076762848302256,-0.12706574446776903,0.21783337295079158,0.018166405943862488,0.07194743174682548,-0.23316342450730504,0.38858463049546405,0.0777106029940795,-0.00576317124725402,0.01952334216219855,0.19831003078859302,-0.10754240230557048,0.19831003078859305,7.311878548770733,0.19831003078859322,1555.7012013466665,269.8566599814585,-0.0536718153576515,0.0927184996820486,-0.18073755982542053,-0.03434724478572043,7.238683391250883,7.385073706290584,1445.8283418890828,1673.9178600621674,Train
2011-03-01,1487.4916,7.305518627166748,7.4198670825450295,-0.11434845537828142,-0.08850278169821403,-0.02584567368006739,0.009801417481859243,0.0364197036661757,-0.2886423822484187,0.3330764889831446,0.022217053367362977,0.014202650298812725,0.006457409511247055,-0.03230308319131445,-0.08204537218696697,-0.03230308319131445,7.337821710358062,-0.03230308319131403,1596.6153789770035,-109.123801828566,-0.06673431235534565,0.07964913137783973,-0.15523709405355968,-0.008853650320374301,7.264629988491469,7.411013432224655,1483.8598749606929,1717.9331748973289,Train
2011-04-01,1352.265,7.210275650024414,7.420313214013756,-0.21003756398934215,0.029384742817196125,-0.23942230680653828,0.027147638340681065,0.11009246731653136,-0.16556308631742692,0.4561271598883955,0.14528203678548426,-0.03518956946895291,0.03543300750142333,-0.2748553143079616,0.06481775031861946,-0.2748553143079616,7.485130964332376,-0.2748553143079615,1850.1765008131847,-497.9114861647472,-0.03775534449010298,0.10862135949294964,-0.008370601672906857,0.13800610231014576,7.411942612340849,7.558319316323902,1719.5311156969503,1990.7422044266848,Train
2011-05-01,1893.171,7.546536445617676,7.420759345482482,0.12577710013519372,0.03449165821075425,0.09128544192443946,0.06469578657371994,0.2695667339476021,0.022271216633811264,0.6439333806795651,0.33310229865668817,-0.06353556470908606,0.07965520825449533,0.011630233669944132,0.11414686646524957,0.011630233669944146,7.534906211947732,0.01163023366994409,1944.6510107464248,-51.479990238612345,0.006470162229289589,0.15284025427970108,0.04096182044004384,0.18733191249045533,7.461721165922526,7.608091257972937,1807.344136673106,2092.38354290409,Train
2011-06-01,1757.9446,7.472469329833984,7.421205476951209,0.051263852882775574,0.04583206709135249,0.005431785791423081,0.09102604115900538,0.3813964309578812,0.10841886052998284,0.7300534699812499,0.41923616525561636,-0.03783973429773513,0.09993539050122298,-0.0945036047097999,0.14576745759257548,-0.0945036047097999,7.566972934543784,-0.09450360470980002,2008.052772554916,-250.10819247679092,0.026753588334791904,0.17311719266765405,0.0725856554261444,0.21894925975900653,7.493791132377353,7.640154736710215,1866.2776189556898,2160.5923641648787,Train
2011-07-01,2028.3976,7.615494251251221,7.421651608419935,0.19384264283128605,-2.9796163225303086e-05,0.19387243899451134,0.08941327966051825,0.3745467201379012,0.05425112699434986,0.6758586946886216,0.3650549108414857,0.009491809296415465,0.08717843719978419,0.10669400179472716,0.08714864103655888,0.10669400179472717,7.508800249456494,0.1066940017947271,1894.5151877496528,133.8823952581597,0.013999818518443181,0.16035705588112517,0.013970022355217878,0.16032725971789988,7.435621630775152,7.581978868137835,1760.757780901115,2038.4278180237939,Train
2011-08-01,1487.4916,7.305518627166748,7.422097739888661,-0.11657911272191335,0.1440012230250086,-0.26058033574692196,0.043602347980882875,0.1799788099455249,-0.2125619647337636,0.4090190598557331,0.09822854756098476,0.08175026238454014,0.024354283481513146,-0.2849346192284351,0.16835550650652173,-0.2849346192284351,7.5904532463951835,-0.28493461922843544,2055.7841389261775,-568.29256177774,-0.04882121041846434,0.09752977738149063,0.09518001260654424,0.24153100040649922,7.517277752495206,7.66362874029516,1910.6527298973208,2211.9338283975444,Train
2011-09-01,2839.7566,7.9518256187438965,7.422543871357387,0.5292817473865092,0.10131642259432395,0.4279653247921853,0.054566946808989304,0.22654758735004124,-0.0517785243764905,0.5697764420936144,0.25899895885856195,-0.032451371508520704,0.06220760842486125,0.36575771636732407,0.1635240310191852,0.365757716367324,7.5860679023765725,0.365757716367324,2046.7841812835309,792.9724105133441,-0.010964817788553807,0.1353800346382763,0.09035160480577015,0.23669645723260024,7.512895476163157,7.659240328589988,1902.2936686197145,2202.243841060096,Train
2011-10-01,3110.2097,8.042766571044922,7.422990002826114,0.6197765682188079,0.14294046317538012,0.47683610504342777,0.1156832259468442,0.486120276107918,0.280516120916079,0.9020455010802441,0.5912808109981615,-0.10516053489024352,0.14044322914823348,0.3363928758951943,0.2833836923236136,0.3363928758951943,7.706373695149727,0.3363928758951946,2308.5763608991065,801.6333558977685,0.0672738150772426,0.21361264321922438,0.21021427825262273,0.35655310639460447,7.633204281078736,7.779543109220718,2145.620403591362,2483.9027605904494,Train
2011-11-01,1690.3313,7.433271408081055,7.42343613429484,0.009835273786214849,-0.048617623069069686,0.058452896855284535,0.0978290693361171,0.41029021082372247,0.05007609627237941,0.6715803492448402,0.3608282227586098,0.04946198806511265,0.08618326528883385,-0.02773036843354932,0.03756564221976417,-0.02773036843354932,7.461001776514604,-0.02773036843354948,1806.0437008712597,-115.71240204313472,0.013016809311141426,0.1593497212665263,-0.03560081375792826,0.11073209819745661,7.387835320536912,7.534168232492297,1678.549729861005,1943.2156899568163,Train
2011-12-01,1690.3313,7.433271408081055,7.423882265763567,0.009389142317488108,-0.028327883829677235,0.03771702614716534,0.07457809505566612,0.3115388143814827,-0.03487613845116638,0.5866034341963027,0.2758636478725681,0.03567516650891456,0.06617839227845276,-0.02846136613128742,0.03785050844877553,-0.02846136613128742,7.461732774212342,-0.028461366131287136,1807.3651285777705,-117.03382974964552,-0.006985158213229891,0.13934194277013545,-0.035313042042907125,0.11101405894045821,7.388569223720659,7.534896324704024,1679.7828091800857,1944.6317737158129,Train
2012-01-01,1014.1988,6.922839641571045,7.424328397232292,-0.5014887556612475,-0.21540188013604997,-0.2860868755251975,0.0636938118698378,0.2653111530839927,-0.06005086790330455,0.5614044594701524,0.2506767957834239,0.014634357300568834,0.06024815866932354,-0.34633503419452105,-0.15515372146672643,-0.34633503419452105,7.269174675765566,-0.34633503419452083,1490.6234562778634,-476.42466477395715,-0.01291253755263339,0.1334088548912805,-0.22831441768868335,-0.08199302524476948,7.196013979543609,7.342335371987523,1385.3915972484676,1603.8427729467605,Train
2012-02-01,1622.718,7.3924736976623535,7.424774528701019,-0.032300831038665656,-0.12706574446776903,0.09476491342910337,0.07211520168506942,0.30107842864877604,0.007651404336551371,0.6290829100841697,0.3183671572103606,-0.017288728561584532,0.07618582546973884,0.018579087959364526,-0.05087991899803018,0.018579087959364526,7.373894609702989,0.018579087959364138,1655.2980617030885,-32.58004412496348,0.003027933643616529,0.14934371729586116,-0.1240378108241525,0.02227797282809213,7.300736717876867,7.447052501529111,1538.4529666990018,1781.0117460839506,Train
2012-03-01,2366.4639,7.7695746421813965,7.425220660169745,0.34435398201165146,-0.08850278169821403,0.4328567637098655,0.00903345276108561,0.03315800857847634,-0.39339753694993684,0.22801055981225501,-0.08269348856884093,0.11585149714731727,-0.018243732955468273,0.45110049666533375,-0.1067465146536823,0.45110049666533375,7.3184741455160625,0.451100496665334,1566.0025090155443,800.4613581719557,-0.0913988689637607,0.05491140305282416,-0.17990165066197472,-0.03359137864538987,7.24531900950777,7.391629281524355,1455.4608659810074,1684.9339791509592,Train
2012-04-01,1555.1049,7.349941253662109,7.425666791638472,-0.07572553797636239,0.029384742817196125,-0.10511028079355851,-0.05465121537101498,-0.2373231262827489,-0.6428767559733688,-0.02149166618586923,-0.33218421107961904,0.09486108479687014,-0.07698621742962163,-0.028124063363936885,-0.047601474612425504,-0.028124063363936885,7.378065317026047,-0.028124063363937246,1662.2204216925304,-107.11556329409291,-0.15013864494671234,-0.0038337899125309013,-0.12075390212951621,0.025550952904665223,7.304912889508955,7.451217744543137,1544.8954295595204,1788.449737828187,Train
2012-05-01,1352.265,7.210275650024414,7.426112923107198,-0.21583727308278355,0.03449165821075425,-0.2503289312935378,-0.07251171831650939,-0.3131801456813399,-0.6372502931051597,-0.0158878185493061,-0.3265690558272329,0.013388910145892996,-0.07566413151430666,-0.1746647997792311,-0.041172473303552413,-0.17466479977923113,7.384940449803645,-0.17466479977923122,1673.6946812625667,-321.42966661412925,-0.14881389665806247,-0.0025143663705508596,-0.11432223844730821,0.03197729184020339,7.311790684659889,7.458090214947401,1555.5644291885303,1800.7900337805008,Train
2012-06-01,1893.171,7.546536445617676,7.4265590545759235,0.11997739104175231,0.04583206709135249,0.07414532395039983,-0.08695342494338215,-0.37451687416466656,-0.7037798662710628,-0.0824396251247872,-0.393109745697925,0.018592871533258448,-0.09133110863590975,0.16547643258630956,-0.04549904154455726,0.16547643258630956,7.381060013031366,0.16547643258630984,1667.208726745936,225.96229376187648,-0.16447825635625238,-0.01818396091556712,-0.11864618926489989,0.02764810617578537,7.307912865311024,7.454207160751709,1549.54004181952,1793.8071516589873,Train
2012-07-01,1419.8783,7.259030342102051,7.42700518604465,-0.16797484394259943,-2.9796163225303086e-05,-0.16794504777937413,-0.11740165646805883,-0.5038364177670404,-0.8604515191342965,-0.23913313916431084,-0.5497923291493036,0.04595591138226329,-0.1282219562519578,-0.03972309152741632,-0.1282517524151831,-0.03972309152741632,7.298753433629467,-0.039723091527416265,1535.4028195347375,-115.52452363630005,-0.2013665303699719,-0.05507738213394371,-0.2013963265331972,-0.05510717829716901,7.225608859511453,7.371898007747482,1427.0348644875542,1651.9943929074614,Train
2012-08-01,1487.4916,7.305518627166748,7.427451317513376,-0.12193269034662801,0.1440012230250086,-0.26593391337163663,-0.1310402116883991,-0.5617620064850835,-0.8830764593091084,-0.26177957755249415,-0.5724280184308013,0.010666011945717813,-0.1335515196633696,-0.13238239370826704,0.010449703361639001,-0.13238239370826702,7.437901020875015,-0.13238239370826665,1764.7780943359094,-277.2865171874719,-0.20669356290878754,-0.06040947641795164,-0.06269233988377895,0.08359174660705695,7.364758977629597,7.511043064120433,1640.2356391415428,1898.7712480015543,Train
2012-09-01,1487.4916,7.305518627166748,7.427897448982103,-0.12237882181535475,0.10131642259432395,-0.2236952444096787,-0.16612910913437373,-0.7107913581420552,-1.0751932818422272,-0.45391754430113523,-0.7645554130716812,0.05376405492962599,-0.17878783299467538,-0.04490741141500332,-0.07747141040035142,-0.04490741141500333,7.350426038581752,-0.04490741141500365,1616.879688311562,-129.38811116312445,-0.25192738704181866,-0.10564827894753209,-0.15061096444749472,-0.004331856353208138,7.277286484534608,7.423565592628894,1502.772428963939,1739.645482943539,Train
2012-10-01,1690.3313,7.433271408081055,7.428343580450829,0.004927827630226034,0.14294046317538012,-0.13801263554515408,-0.1347974227116955,-0.5777196102742137,-0.815543483836108,-0.19428854518492206,-0.504916014510515,-0.07280359576369866,-0.11765584706201637,-0.02035678848313771,0.025284616113363745,-0.02035678848313771,7.453628196564193,-0.020356788483137933,1792.7683233458913,-102.4370245177663,-0.1907929525642697,-0.04451874155976303,-0.047852489388889585,0.09842172161561709,7.3804910910619395,7.526765302066446,1666.2599160769105,1928.8759400455128,Train
2012-11-01,1419.8783,7.259030342102051,7.428789711919555,-0.1697593698175046,-0.048617623069069686,-0.12114174674843492,-0.13034704441031317,-0.5588179906406977,-0.8647075166604372,-0.2434730399647964,-0.5540902783126168,-0.004727712328080891,-0.12923390655398043,0.008092159805545507,-0.17785152962305012,0.008092159805545507,7.2509381822965056,0.00809215980554523,1463.6680083273566,-43.789712428919074,-0.20236860317686978,-0.05609920993109106,-0.25098622624593947,-0.10471683300016074,7.177803485673616,7.324072878919394,1360.3732115288758,1574.8003436900458,Train
2012-12-01,878.9723,6.779890537261963,7.429235843388281,-0.6493453061263184,-0.028327883829677235,-0.6210174222966411,-0.20672530750912363,-0.883211284782436,-1.3239164959438114,-0.7027021523909238,-1.0133093241673676,0.13009803938493159,-0.23735683553460757,-0.3836605867620336,-0.2656847193642848,-0.3836605867620336,7.163551124023996,-0.3836605867620335,1341.1080413739699,-462.13575133490735,-0.31048916198754895,-0.1642245090816662,-0.33881704581722616,-0.19255239291134343,7.090418797571055,7.236683450476938,1246.4596664105177,1442.9376624525762,Train
2013-01-01,1284.6517,7.159020900726318,7.429681974857008,-0.2706610741306896,-0.21540188013604997,-0.05525919399463966,-0.22534371600567635,-0.9622872760243386,-1.2767408691366449,-0.6555463377763466,-0.9661436034564957,0.003856327432157136,-0.2262516866589777,0.17099249266433805,-0.44165356679502765,0.17099249266433802,6.988028408061981,0.1709924926643378,1125.05325808642,159.5984753120174,-0.2993816807257609,-0.15312169259219457,-0.5147835608618109,-0.36852357272824454,6.914898413995197,7.061158402128763,1045.6439770196198,1210.4873518478882,Train
2013-02-01,1555.1049,7.349941253662109,7.430128106325734,-0.08018685266362446,-0.12706574446776903,0.04687889180414456,-0.2361171892497488,-1.0080443060116697,-1.3263564757293311,-0.705181443225384,-1.0157689594773576,0.007724653465687847,-0.23793595562194036,0.2848148474260849,-0.3650017000897094,0.2848148474260849,7.065126406236025,0.28481484742608476,1215.3040887318043,339.8007696666332,-0.31106365419000725,-0.16480825705387345,-0.4381293986577763,-0.29187400152164245,6.991998707667958,7.1382541048040915,1129.5329137964566,1307.5825438710385,Train
2013-03-01,1960.7843,7.581609725952148,7.430574237794461,0.15103548815768786,-0.08850278169821403,0.23953826985590188,-0.23253875071257316,-0.9928459836374571,-1.2845549134361722,-0.6633990738273179,-0.9739769936317451,-0.018868990005712072,-0.22809605504317562,0.4676343248990775,-0.31659883674138967,0.4676343248990775,7.113975401053071,0.46763432489907775,1276.1944291336192,684.5898726241933,-0.30122149413175037,-0.15497061595460088,-0.3897242758299644,-0.2434733976528149,7.040849961964496,7.187100840141646,1186.1320793207517,1373.089402708501,Train
2013-04-01,1419.8783,7.259030342102051,7.431020369263186,-0.17199002716113565,0.029384742817196125,-0.20137476997833179,-0.2818694499642805,-1.2023630292381702,-1.5928147655112703,-0.9716778199815856,-1.282246292746428,0.0798832635082578,-0.3006779303725082,0.09930316039417639,-0.27129318755531207,0.09930316039417642,7.159727181707875,0.09930316039417608,1335.9856976570038,83.89259824143369,-0.3738011451596317,-0.2275547155853846,-0.3444164023424356,-0.19816997276818846,7.086603966920751,7.232850396494998,1241.7098846069496,1437.413565290625,Train
2013-05-01,811.359,6.699942588806152,7.431466500731913,-0.7315239119257608,0.03449165821075425,-0.7660155701365151,-0.3432881169861466,-1.4632200179764752,-1.8587599643478052,-1.2376416210059267,-1.548200792676866,0.08498077470039078,-0.3632968042359243,-0.4027187659005908,-0.3288051460251701,-0.40271876590059075,7.102661354706743,-0.4027187659005911,1261.8256300743956,-450.4666212853331,-0.4364178290844453,-0.29017577938740324,-0.4019261708736911,-0.255684121176649,7.029540329858222,7.175782379555264,1172.7816885474044,1357.6245104456573,Train
2013-06-01,1217.0386,7.104997158050537,7.431912632200639,-0.3269154741501019,0.04583206709135249,-0.3727475412414544,-0.32889435358682984,-1.4020869136774083,-1.658879181828821,-1.0377791554956293,-1.3483291686622252,-0.053757745015183156,-0.3162371153931993,-0.05651042584825511,-0.2704050483018468,-0.05651042584825511,7.161507583898792,-0.05651042584825472,1338.3681901904588,-121.32961597170879,-0.38935598387576903,-0.24311824691062964,-0.3435239167844165,-0.19728617981927715,7.088388715416222,7.234626452381362,1243.9297896005983,1439.9705381615076,Train
2013-07-01,1149.4253,7.047886848449707,7.432358763669366,-0.38447191521965873,-2.9796163225303086e-05,-0.38444211905643344,-0.36195669311044115,-1.5425090808615676,-1.905255652239953,-1.284173664244336,-1.5947146582421445,0.05220557738057696,-0.37424847409484335,-0.010193644961590087,-0.37427827025806865,-0.010193644961590087,7.058080493411297,-0.010193644961590032,1206.7642370095948,-57.33894404084481,-0.4473652190179591,-0.3011317291717276,-0.4473950151811844,-0.3011615253349529,6.984963748488181,7.131197238334413,1121.6075708145247,1298.3805583735648,Train
2013-08-01,1622.718,7.3924736976623535,7.432804895138092,-0.0403311974757381,0.1440012230250086,-0.1843324205007467,-0.3873381436305196,-1.6503090230211848,-1.982435117624657,-1.3613708956069785,-1.6719030066158178,0.02159398359463305,-0.3924224378811327,0.208090017380386,-0.2484212148561241,0.208090017380386,7.184383680281967,0.20809001738038635,1369.3608499707466,253.35716760737841,-0.46553709130827475,-0.31930778445399066,-0.3215358682832662,-0.17530656142898207,7.111269026854825,7.257498333709109,1272.7425362483264,1473.3080376852843,Train
2013-09-01,946.5855,6.853917121887207,7.433251026606818,-0.5793339047196113,0.10131642259432395,-0.6806503273139353,-0.4053393214192898,-1.726763515757891,-2.0492433760871918,-1.4281966538101263,-1.738720014948659,0.01195649919076791,-0.40815447406709443,-0.27249585324684084,-0.3068380514727705,-0.27249585324684084,7.1264129751340475,-0.27249585324684045,1292.1788269719011,-345.59331671799487,-0.4812670673409953,-0.33504188079319364,-0.37995064474667134,-0.2337254581988697,7.053300381860147,7.199525568407949,1201.0047656537108,1390.2685925325231,Train
2013-10-01,878.9723,6.779890537261963,7.433697158075544,-0.6538066208135813,0.14294046317538012,-0.7967470839889614,-0.3908421974716428,-1.6651914191670807,-1.9303827588832334,-1.3093532760496345,-1.619868017466434,-0.04532340170064675,-0.38017082182319145,-0.41657626216577,-0.23723035864781133,-0.41657626216577,7.196466799427733,-0.41657626216577004,1386.019525089261,-507.0472350501984,-0.45328138558727726,-0.3070602580591056,-0.31034092241189715,-0.16411979488372547,7.123356235663647,7.269577363191819,1288.2319515673134,1491.2242352433598,Train
2013-11-01,1014.1988,6.922839641571045,7.434143289544271,-0.511303647973226,-0.048617623069069686,-0.46268602490415633,-0.37682637907904065,-1.6056635206000944,-1.8808901017736679,-1.2598776038511577,-1.5703838528124128,-0.03527966778768166,-0.36851979630748427,-0.09416622859667206,-0.41713741937655396,-0.09416622859667206,7.017005870167717,-0.09416622859667179,1158.1607932252166,-143.96200172131034,-0.44162836052652515,-0.29541123208844344,-0.49024598359559485,-0.34402885515751314,6.943897305948676,7.0901144343867575,1076.4398577491127,1246.0800433887327,Train
2013-12-01,1081.812,6.987316608428955,7.434589421012997,-0.4472728125840417,-0.028327883829677235,-0.4189449287543645,-0.34283500321467186,-1.461295555924235,-1.7000851322377823,-1.0790893702897713,-1.3895872512637768,-0.0717083046604583,-0.32595131338928024,-0.09299361536508427,-0.35427919721895745,-0.09299361536508427,7.080310223794039,-0.0929936153650841,1233.9131488746607,-152.1011371559107,-0.3990579073692832,-0.25284471940927733,-0.4273857911989604,-0.28117260323895454,7.007203629814036,7.153416817774042,1146.8539273637214,1327.5753952735297,Train
2014-01-01,1081.812,6.987316608428955,7.4350355524817235,-0.44771894405276846,-0.21540188013604997,-0.2323170639167185,-0.3474503949792689,-1.480898019734329,-1.795570957447749,-1.1745916879705989,-1.485081322709174,0.004183302974844816,-0.34843535188499064,0.11611828796827214,-0.5638372320210406,0.11611828796827217,6.871198320460683,0.1161182879682725,1000.8905242677296,80.92148745102043,-0.42154000429236965,-0.27533069947761163,-0.6369418844284196,-0.49073257961366157,6.798093668053304,6.944302972868062,930.2607991699066,1076.877028123814,Train
2014-02-01,1555.1049,7.349941253662109,7.435481683950449,-0.08554043028834002,-0.12706574446776903,0.04152531417942901,-0.34693401157272863,-1.478704839273142,-1.7729400299690339,-1.1519770147351036,-1.4624585223520687,-0.016246316921073145,-0.3431088231653437,0.3846341373447727,-0.4701745676331127,0.3846341373447727,6.965307116317336,0.38463413734477303,1099.7563509922181,455.34850740621937,-0.4162115620453972,-0.2700060842852902,-0.5432773065131662,-0.39707182875305924,6.892204377437283,7.03840985519739,1022.1588939396006,1183.2388815917684,Train
2014-03-01,1487.4916,7.305518627166748,7.435927815419176,-0.1304091882524281,-0.08850278169821403,-0.04190640655421406,-0.32843512161121446,-1.4001364664257816,-1.6653942724117228,-1.0444472783180412,-1.354920775364882,-0.04521569106089962,-0.31778910638706814,0.2758826998328541,-0.40629188808528216,0.2758826998328541,7.029635927333894,0.2758826998328541,1172.8939044775136,314.5976726709239,-0.3908899591817938,-0.24468825359234245,-0.47939274088000783,-0.3331910352905565,6.956535074539168,7.10273678012862,1090.1426976246664,1261.9208828224941,Train
2014-04-01,946.5855,6.853917121887207,7.436373946887902,-0.582456825000695,0.029384742817196125,-0.6118415678178911,-0.2859713300487127,-1.2197845093658597,-1.4474297061715982,-0.8264985050939222,-1.1369641056327602,-0.08282040373309951,-0.2664713012240957,-0.34537026659379544,-0.23708655840689954,-0.34537026659379544,7.199287388481002,-0.345370266593795,1389.9372597407669,-443.3517494868606,-0.3395702947893715,-0.19337230765881985,-0.3101855519721754,-0.16398756484162372,7.126188394915727,7.272386382046278,1291.888437197732,1495.42181403411,Train
2014-05-01,1757.9446,7.472469329833984,7.436820078356629,0.03564925147735565,0.03449165821075425,0.001157593266601399,-0.2650044137132013,-1.130733949924993,-1.4042336803995117,-0.7833180490515452,-1.0937758647255285,-0.03695808519946464,-0.25630264827609095,0.25746024154269237,-0.2218109900653367,0.2574602415426923,7.215009088291292,0.25746024154269254,1411.9779624643797,345.96661761374526,-0.32939980889824866,-0.18320548765393324,-0.29490815068749443,-0.14871382944317899,7.141911927669135,7.28810624891345,1312.3778719044124,1519.1312319317783,Train
2014-06-01,1149.4253,7.047886848449707,7.437266209825355,-0.38937936137564755,0.04583206709135249,-0.43521142846700006,-0.20351951303472074,-0.8695956540034594,-1.0650269314674772,-0.44412665126502865,-0.7545767913662529,-0.11501886263720651,-0.17643837075934415,-0.2587730577076559,-0.13060630366799167,-0.2587730577076559,7.306659906157363,-0.25877305770765613,1547.598495074392,-398.1732021056421,-0.2495337241711612,-0.10334301734752714,-0.20370165707980872,-0.05751095025617465,7.233564552745546,7.37975525956918,1438.4411842257177,1665.033544980617,Train
2014-07-01,1419.8783,7.259030342102051,7.43771234129408,-0.17868199919202965,-2.9796163225303086e-05,-0.17865220302880436,-0.17343855588308346,-0.7418359958827699,-1.0075774150710313,-0.38669227200090783,-0.6971348435359696,-0.04470115234680039,-0.16291368858027125,-0.01573851444853311,-0.16294348474349654,-0.01573851444853311,7.274768856550584,-0.01573851444853336,1498.9912512118701,-79.11295531343262,-0.2360072599764052,-0.0898201171841373,-0.2360370561396305,-0.0898499133473626,7.20167528515445,7.347862427946718,1393.2626429519057,1612.7373866293594,Train
2014-08-01,1217.0386,7.104997158050537,7.438158472762807,-0.33316131471227006,0.1440012230250086,-0.4771625377372787,-0.20468154884479003,-0.8745310454230231,-1.240718980918749,-0.6198487654121878,-0.9302838731654685,0.05575282774244539,-0.21780852841778503,-0.25935400931949365,-0.07380730539277644,-0.2593540093194936,7.364351167370031,-0.2593540093194937,1639.5664628672846,-422.5278886485346,-0.29090034246967394,-0.14471671436589612,-0.14689911944466535,-0.0007154913408875252,7.291259353318142,7.43744298142192,1523.931928987004,1763.969483505261,Train
2014-09-01,1352.265,7.210275650024414,7.438604604231533,-0.22832895420711896,0.10131642259432395,-0.3296453768014429,-0.15687512401126807,-0.6714878888534267,-0.8805072963382834,-0.25965180314873243,-0.5700795497435079,-0.10140833910991875,-0.13299857371005702,-0.19664680309138588,-0.03168215111573307,-0.19664680309138588,7.4069224531158,-0.1966468030913857,1710.915419721704,-358.6504050732665,-0.20608865458030756,-0.05990849283980647,-0.10477223198598361,0.041407929754517486,7.333832372245549,7.48001253398605,1590.254647047491,1840.725590381558,Train
2014-10-01,1555.1049,7.349941253662109,7.43905073570026,-0.08910948203815039,0.14294046317538012,-0.2320499452135305,-0.11420797796612002,-0.49027224587256685,-0.7337716442835087,-0.11293067236858229,-0.42335115832604553,-0.06692108754652132,-0.09845143637357578,-0.13359850883995472,0.04448902680180433,-0.13359850883995472,7.483539762502064,-0.13359850883995428,1847.2332476527758,-292.12838925433834,-0.17153980772986005,-0.025363065017291516,-0.028599344554479933,0.1175773981580886,7.41045139114578,7.556628133858348,1716.9673352873888,1987.3766516187534,Train
2014-11-01,2096.0107,7.648268222808838,7.439496867168986,0.20877135563985227,-0.048617623069069686,0.25738897870892197,-0.09820812685589976,-0.4223177756235238,-0.7102440744032517,-0.08941742681068715,-0.3998307506069694,-0.02248702501655442,-0.09291356638242251,0.3503025450913445,-0.1415311894514922,0.3503025450913445,7.297965677717493,0.3503025450913446,1534.1929857199104,561.8177564675896,-0.16600025141090374,-0.019826881353941304,-0.21461787447997344,-0.06844450442301099,7.224878992689012,7.371052362745974,1425.9929694872242,1650.5971373359412,Train
2014-12-01,1825.5579,7.510188579559326,7.439942998637712,0.07024558092161381,-0.028327883829677235,0.09857346475129106,-0.05229153050202902,-0.22730108706988425,-0.4560649437597817,0.16474757248276284,-0.14565868563850942,-0.08164240143137483,-0.033068861818194704,0.13164232656948577,-0.06139674564787194,0.13164232656948577,7.378546252989841,0.1316423265694855,1663.0205165908228,162.5373447373022,-0.10615388323650077,0.04001615960011136,-0.134481767066178,0.011688275770434124,7.305461231571535,7.451631274408147,1545.7433414995426,1789.1898817619756,Train
2015-01-01,1014.1988,6.922839641571045,7.440389130106438,-0.5175494885353933,-0.21540188013604997,-0.3021476083993433,-0.027581523734799,-0.1223528967304887,-0.3997205995569441,0.22107797443451677,-0.08932131256121366,-0.03303158416927504,-0.019804251294792723,-0.28234335710455055,-0.23520613143084268,-0.2823433571045506,7.205182998675595,-0.2823433571045504,1398.1619044561294,-383.9631129522231,-0.0928876313645557,0.05327912877497024,-0.3082895115006057,-0.16212275136107973,7.1320996186058325,7.278266378745358,1299.5536229500715,1504.246689052865,Train
2015-02-01,2434.0771,7.797733783721924,7.440835261575165,0.3568985221467589,-0.12706574446776903,0.4839642666145279,0.011200304687388406,0.042361048890893226,-0.2038722933991636,0.4169125236697203,0.10652011513527834,-0.06415906624438511,0.026306529539393286,0.45765773707513463,-0.10075921492837574,0.45765773707513463,7.340076046646789,0.45765773707513446,1600.2210039198446,833.8561445176554,-0.04677523099958562,0.09938829007837219,-0.17384097546735464,-0.02767745438939684,7.266994286107811,7.413157807185768,1487.3746790077944,1721.623167106868,Train
2015-03-01,1352.265,7.210275650024414,7.441281393043891,-0.23100574301947674,-0.08850278169821403,-0.14250296132126272,0.05771909973923459,0.23993539208917164,0.0011680926069500552,0.6219393344109101,0.3115537135089301,-0.07161832141975844,0.07458160304888506,-0.21708456437014778,-0.013921178649328972,-0.21708456437014778,7.427360214394562,-0.21708456437014778,1746.2631219572481,-393.99810730881063,0.0015014406550816594,0.14766176544268847,-0.08700134104313237,0.05915898374447444,7.3542800520007585,7.500440376788365,1623.127049314335,1878.7349743301538,Train
2015-04-01,2096.0107,7.648268222808838,7.4417275245126175,0.20654069829622035,0.029384742817196125,0.1771559554790242,0.07219588797532027,0.3014211189696162,0.002342248542789249,0.6231000931649355,0.3127211708538624,-0.01130005188424621,0.0748564803840772,0.10229947509494701,0.10424122320127333,0.10229947509494702,7.545968747713891,0.10229947509494686,1966.2943389626366,129.71640322486337,0.001777895170653032,0.14793506559750136,0.031162637987849157,0.1773198084146975,7.472890162500467,7.619047332927315,1827.654739535024,2115.4449102614817,Train
2015-05-01,1893.171,7.546536445617676,7.442173655981343,0.10436278963633239,0.03449165821075425,0.06987113142557813,0.05722029318578723,0.23781686393145554,-0.10550889220583576,0.5152357298362362,0.20486341881520026,0.03295344511625528,0.049461418552571704,0.020409712873006428,0.08395307676332595,0.02040971287300644,7.526126732744669,0.020409712873006747,1927.6439738651322,-34.47295335731974,-0.023615610035425873,0.12253844714056926,0.010876048175328376,0.1570301053513235,7.453049704156672,7.599203761332667,1791.7309420775082,2073.8610349837277,Train
2015-06-01,1960.7843,7.581609725952148,7.44261978745007,0.1389899385020783,0.04583206709135249,0.09315787141072582,0.06511151495635323,0.27133241300390853,-0.024001589114834354,0.596729981557689,0.2863641962214273,-0.015031783217518746,0.06865074191993616,0.02450712949078966,0.11448280901128866,0.024507129490789648,7.557102596461359,0.02450712949078948,1988.3202858225143,-27.53598406470178,-0.004424750198357505,0.14172623403822984,0.04140731689299499,0.18755830112958233,7.484027104343065,7.630178088579653,1848.1341885615564,2139.134136324326,Train
2015-07-01,1622.718,7.3924736976623535,7.443065918918796,-0.05059222125644247,-2.9796163225303086e-05,-0.05056242509321717,0.11928774729331529,0.501429377231012,0.2811912281316173,0.90190991534116,0.5915505717363887,-0.0901211945053767,0.14050674419928458,-0.19106916929250176,0.14047694803605928,-0.19106916929250176,7.583542866954855,-0.1910691692925015,2041.6199763337984,-418.9019587556734,0.06743276878392977,0.21358071961463937,0.06740297262070447,0.21355092345141408,7.5104688915395,7.65661684237021,1897.6807645337194,2196.4712366891886,Train
2015-08-01,2366.4639,7.7695746421813965,7.443512050387523,0.32606259179387376,0.1440012230250086,0.18206136876886517,0.13644667360984025,0.5743066646413301,0.27459652932682954,0.8953024977604713,0.5849495135436504,-0.010642848902320368,0.13895252785609707,0.04310884091276809,0.28295375088110564,0.04310884091276812,7.7264658012686285,0.04310884091276801,2355.449931745776,11.013935441723788,0.06588004975592973,0.21202500595626442,0.20988127278093832,0.356026228981273,7.653393323168461,7.799538279368796,2189.3990507499857,2534.0888820570817,Train
2015-09-01,1757.9446,7.472469329833984,7.443958181856249,0.028511147977735796,0.10131642259432395,-0.07280527461658816,0.16677107780515638,0.7031002895641434,0.4378092973866025,1.0585027085937193,0.7481560029901609,-0.04505571342601755,0.17737942636322912,-0.25018470097981726,0.27869584895755306,-0.25018470097981726,7.722654030813802,-0.25018470097981726,2346.4847829173777,-588.5402028392527,0.10430842655988332,0.2504504261665749,0.20562484915420726,0.35176684876089886,7.649583031010456,7.795725030617147,2181.0688707122013,2524.4403653309196,Train
2015-10-01,2163.624,7.680002212524414,7.444404313324975,0.23559789919943874,0.14294046317538012,0.09265743602405863,0.1574968290443962,0.6637107566770073,0.32145577545690435,0.9421367879283749,0.6317962816926396,0.031914474984367724,0.14998257948672383,-0.05732514346266521,0.29292304266210395,-0.05732514346266521,7.737327355987079,-0.05732514346266537,2381.1841454101523,-217.56012197265227,0.0769130393218946,0.22305211965155308,0.2198535024972747,0.3659925828269332,7.66425781582225,7.810396896151908,2213.326368872701,2561.7664387759137,Train
2015-11-01,1960.7843,7.581609725952148,7.444850444793701,0.13675928115844727,-0.048617623069069686,0.18537690422751696,0.1696482141484241,0.715320045529006,0.42305657791443396,1.0437253471593608,0.7333909625368974,-0.01807091700789143,0.1739030038700095,0.01147390035750745,0.12528538080093982,0.01147390035750745,7.570135825594641,0.011473900357507283,2014.4172473543363,-53.63294559652377,0.1008349050364208,0.24697110270359823,0.05221728196735111,0.19835347963452854,7.497067726761053,7.64320392442823,1872.4059648838302,2167.193524026283,Train
2015-12-01,2231.2373,7.71075963973999,7.445296576262428,0.2654630634775623,-0.028327883829677235,0.29379094730723954,0.2160242214298073,0.9122879413776801,0.6731263907681202,1.2937830693881613,0.9834547300781408,-0.07116678870046067,0.23278041155279497,0.06101053575444457,0.20445252772311773,0.061010535754444595,7.649749103985545,0.06101053575444482,2181.4312834740595,49.806021213440545,0.15971373608544906,0.30584708702014085,0.13138585225577182,0.27751920319046364,7.5766824285181995,7.722815779452891,2027.654666584352,2346.864516096133,Train
2016-01-01,2704.53,7.903053283691406,7.445742707731154,0.4573105759602525,-0.21540188013604997,0.6727124560963025,0.21868115986263123,0.9235724741175844,0.5966274727466745,1.2172722105080722,0.9069498416273734,0.01662263249021101,0.214767368114589,0.4579450879817135,-0.0006345120214609756,0.45794508798171346,7.445108195709693,0.4579450879817131,1777.5503363857165,926.9796929111585,0.1417020983822869,0.2878326378468911,-0.07369978175376307,0.07243075771084115,7.37204292597739,7.518173465441995,1652.233959287279,1912.3657890873703,Train
2016-02-01,1825.5579,7.510188579559326,7.4461888391998805,0.06399974035944567,-0.12706574446776903,0.1910654848272147,0.2500354259179863,1.0567401220638954,0.7937791708583197,1.4144121147617135,1.1040956428100166,-0.04735552074612115,0.2611852631311688,-0.0701197783039541,0.13411951866339977,-0.0701197783039541,7.58030835786328,-0.07011977830395377,2035.0237769339906,-209.46591560586558,0.18812138182829147,0.33424914443404613,0.06105563736052244,0.2071833999662771,7.507244476560403,7.653372239166158,1891.5684893875018,2189.352868858206,Train
2016-03-01,1690.3313,7.433271408081055,7.446634970668606,-0.01336356258755167,-0.08850278169821403,0.07513921911066236,0.27271843189623524,1.1530792469900752,0.8638655852832218,1.4844868796313244,1.174176232457273,-0.02109698546719785,0.277685708149182,-0.20254648903851963,0.18918292645096796,-0.20254648903851963,7.6358178971195745,-0.2025464890385198,2151.238183273409,-460.90688444528405,0.20462319828772327,0.3507482180106407,0.11612041658950924,0.2622454363124267,7.5627553872581155,7.708880406981033,1999.5973406128367,2314.373065587038,Train
2016-04-01,2163.624,7.680002212524414,7.447081102137333,0.23292111038708097,0.029384742817196125,0.20353636756988483,0.2841992522673306,1.2018405173898887,0.8955635072286527,1.5161732936918704,1.2058684004602616,-0.0040278830703728286,0.28514761562266483,-0.08161124805278,0.31453235843986094,-0.08161124805277997,7.761613460577194,-0.08161124805277975,2439.7463644291897,-276.1223409916897,0.21208646052450628,0.35820877072082336,0.2414712033417024,0.38759351353801946,7.6885523054790355,7.834674615675352,2267.7810944826324,2624.7459699225783,Train
2016-05-01,3245.436,8.085312843322754,7.447527233606059,0.637785609716695,0.03449165821075425,0.6032939515059407,0.29326010829733334,1.2403237299698093,0.9317981496786683,1.5523965673587359,1.242097358518702,-0.0017736285488927361,0.29367770838461416,0.3096162431213265,0.3281693665953684,0.3096162431213266,7.775696600201427,0.30961624312132674,2474.362919015436,771.0731161408139,0.22061789167403362,0.36673752509519464,0.25510954988478785,0.40122918330594887,7.7026367834908465,7.848756416912008,2299.9617840501774,2661.982768036707,Train
2016-06-01,1757.9446,7.472469329833984,7.447973365074786,0.024495964759198685,0.04583206709135249,-0.021336102332153807,0.22302940783501143,0.9420403264393992,0.4923383343087764,1.1129255198004844,0.8026319270546304,0.1394083993847688,0.19020575950847868,-0.21154186184063248,0.23603782659983116,-0.21154186184063248,7.6840111916746165,-0.21154186184063217,2257.5016590433193,-499.55707896519425,0.11714726510488353,0.2632642539120738,0.16297933219623603,0.3090963210034263,7.6109526972710215,7.7570696860782125,2098.3822111592517,2428.6813209086013,Train
2016-07-01,2907.3699,7.975347995758057,7.4484194965435115,0.5269284992145451,-2.9796163225303086e-05,0.5269582953777704,0.19344212747388675,0.8163774093785126,0.4632171311134524,1.083793218564527,0.7735051748389896,0.042872234539522935,0.18334787809072026,0.3436104172870501,0.18331808192749496,0.3436104172870501,7.631737578471006,0.3436104172870502,2142.474257641846,764.8956154050288,0.11029069020159797,0.25640506597984253,0.11026089403837266,0.25637526981661724,7.558680390581884,7.704794766360129,1991.4615011171838,2304.932581682061,Train
2016-08-01,2366.4639,7.7695746421813965,7.448865628012237,0.3207090141691591,0.1440012230250086,0.1767077911441505,0.17819398675161555,0.7516155989137315,0.41123635497730415,1.031801476146512,0.7215189155619081,0.030096683351823472,0.17110773546048136,0.005600055683669142,0.3151089584854899,0.0056000556836691695,7.763974586497727,0.005600055683669503,2445.516082770982,-79.05221558348194,0.09805183857455915,0.2441636323464036,0.24205306159956774,0.3881648553714122,7.690918689611805,7.83703048338365,2273.1562594095312,2630.9391723817407,Train
2016-09-01,2366.4639,7.7695746421813965,7.449311759480964,0.32026288270043235,0.10131642259432395,0.2189464601061084,0.1407122337481125,0.5924233256974176,0.21137132470106418,0.8319256090146032,0.5216484668578337,0.0707748588395839,0.12404832334412928,0.09489813676197913,0.22536474593845324,0.09489813676197911,7.674676505419417,0.09489813676197922,2236.5173480037192,129.94651918378077,0.05099370222473549,0.19710294446352306,0.15231012481905945,0.298419367057847,7.601621884300023,7.747731126538811,2078.884375185896,2406.09721287758,Train
2016-10-01,2636.9167,7.877744674682617,7.44975789094969,0.4279867837329272,0.14294046317538012,0.2850463205575471,0.10828073518987806,0.4546804624216676,0.09044045910555826,0.7109840337117941,0.4007122464086762,0.0539682160129914,0.09557394168935443,0.18947237886819265,0.23851440486473455,0.18947237886819265,7.688272295814425,0.18947237886819224,2267.145902783349,369.7708452635261,0.022520581367974794,0.16862730201073406,0.16546104454335492,0.3115677651861142,7.615218935493045,7.761325656135805,2107.3578081951314,2439.0440078607207,Train
2016-11-01,1014.1988,6.922839641571045,7.450204022418417,-0.5273643808473718,-0.048617623069069686,-0.4787467577783021,0.10829886875692983,0.45475747919727627,0.14737989597021733,0.7679128857928219,0.4576463908815196,-0.0028889116842433227,0.10897906178395324,-0.5877258195622553,0.06036143871488355,-0.5877258195622553,7.5105654611333,-0.5877258195622552,1897.8641282174415,-883.6653367135352,0.03592694755397506,0.18203117601393143,-0.012690675515094625,0.13341355294486174,7.437513346903322,7.583617575363278,1764.0936808021786,2041.7725829216702,Train
2016-12-01,2366.4639,7.7695746421813965,7.450650153887143,0.3189244882942539,-0.028327883829677235,0.3472523721239311,0.13325916558909426,0.5607686999770208,0.28943943635170183,0.9099619641412542,0.599700700246478,-0.0389320002694572,0.14242568848967035,0.20482668363426076,0.11409780465999311,0.2048266836342608,7.5647479585471356,0.20482668363426093,2003.5876475999607,362.87621958753925,0.06937480590030778,0.2154765710790329,0.04104692207063055,0.18714868724935566,7.491697075957773,7.637798841136498,1862.3715254880024,2155.505872256454,Train
2017-01-01,1419.8783,7.259030342102051,7.451096285355869,-0.19206594325381854,-0.21540188013604997,0.02333593688223143,0.130733014158748,0.5500396449979786,0.22333718860841534,0.8438493749925123,0.5335932818004638,0.0164463631975148,0.1268607249406807,-0.10352478805844928,-0.08854115519536926,-0.10352478805844928,7.3625551301605,-0.10352478805844889,1636.6225889002087,-216.7442930017712,0.05381105979107562,0.1999103900902858,-0.16159082034497435,-0.015491490045764167,7.289505465010895,7.435604795310105,1521.2597127767942,1760.7281211392421,Train
2017-02-01,1081.812,6.987316608428955,7.451542416824595,-0.4642258083956401,-0.12706574446776903,-0.33716006392787107,0.10119370125125669,0.4245804550142003,0.058130051191155385,0.6786320147230878,0.36838103295712155,0.05619942205707873,0.08796157123687622,-0.42512163516474727,-0.03910417323089281,-0.42512163516474727,7.412438243593702,-0.4251216351647473,1720.3840760488395,-638.5720643300895,0.014913109570367658,0.1610100329033848,-0.11215263489740136,0.03394428843561578,7.339389781927194,7.485486705260211,1599.1225194052745,1850.8351572077436,Train
2017-03-01,1352.265,7.210275650024414,7.451988548293322,-0.24171289826890785,-0.08850278169821403,-0.15321011657069383,0.11766304222096075,0.49452893973679923,0.21724171765065076,0.8377335748566916,0.5274876462536712,-0.03295870651687194,0.12542315564871312,-0.2786332722194069,0.03692037395049909,-0.2786332722194069,7.488908922243821,-0.27863327221940715,1857.1833952619777,-504.9183806135402,0.05237588374727035,0.19847042755015587,-0.03612689795094368,0.10996764585194184,7.415861650342379,7.561956194145264,1726.2871724967422,1997.999115726857,Train
2017-04-01,3245.436,8.085312843322754,7.452434679762048,0.6328781635607061,0.029384742817196125,0.60349342074351,0.1137271970813583,0.477812642216186,0.15033906685279091,0.7708209322781445,0.46057999956546775,0.017232642650718277,0.10966977870054168,0.4938236420429683,0.1390545215177378,0.49382364204296836,7.591489201279786,0.493823642042968,2057.9159785556517,1187.5200566005983,0.03662368307935491,0.18271587432172842,0.06600842589655104,0.21210061713892456,7.518443105658599,7.664535296900972,1912.8817790158732,2213.940887796923,Train
2017-05-01,2298.8506,7.740599632263184,7.4528808112307745,0.2877188210324091,0.03449165821075425,0.25322716282165486,0.21391817971769536,0.9033431738368413,0.7687056439051796,1.3891776301586356,1.0789416370319076,-0.17559846319506633,0.255262763171999,-0.0020356003503441134,0.2897544213827532,-0.0020356003503441134,7.7426352326135275,-0.0020356003503438913,2393.8621017041683,-95.01151576666825,0.18221783057422242,0.32830769576977553,0.21670948878497667,0.36279935398052976,7.669590300015751,7.815680165211305,2225.1657678831984,2575.3420536434337,Train
2017-06-01,2974.9832,7.9983296394348145,7.4533269426995,0.5450026967353141,0.04583206709135249,0.4991706296439616,0.20996975159424053,0.8865734339437991,0.5335126160711188,1.153974833868455,0.8437437249697869,0.04282970897401217,0.19988551483738187,0.2992851148065797,0.24571758192873436,0.2992851148065797,7.699044524628235,0.2992851148065796,2291.7109621056243,683.2721921912507,0.1268417322290241,0.2729292974457396,0.17267379932037658,0.31876136453709214,7.626000742019877,7.772088307236593,2130.212701288886,2465.447179383047,Train
2017-07-01,1487.4916,7.305518627166748,7.453773074168227,-0.14825444700147905,-2.9796163225303086e-05,-0.14822465083825376,0.2554982819741936,1.0799419310550564,0.8472860930471398,1.4677386512533155,1.1575123721502276,-0.0775704410951712,0.27376220932920564,-0.4219868601674594,0.27373241316598035,-0.4219868601674594,7.7275054873342075,-0.42198686016745945,2357.9011739444204,-870.4095967959829,0.2007195638941625,0.3468048547642488,0.20068976773093722,0.34677505860102353,7.654462841899164,7.800548132769251,2191.7429767754415,2536.650243267073,Train
2017-08-01,2974.9832,7.9983296394348145,7.454219205636953,0.5441104337978615,0.1440012230250086,0.4001092107728529,0.35703527738806407,1.5111892399516762,1.3582657036083419,1.978708709278523,1.6684872064434324,-0.1572979664917562,0.39407101667916616,0.006038194093686722,0.5380722397041747,0.006038194093686777,7.992291445341127,0.00603819409368711,3073.0068219509435,-98.0236676540685,0.32102949581439105,0.46711253754394133,0.4650307188393996,0.61111376056895,7.919249924476352,8.065332966205903,2856.4806456599026,3305.940313227801,Train
2017-09-01,2434.0771,7.797733783721924,7.45466533710568,0.34306844661624414,0.10131642259432395,0.2417520240219202,0.3554353471440159,1.5043940259574495,1.1514642006381894,1.7718977590576421,1.4616809798479158,0.04271304610953375,0.34537857860896676,-0.10362655458704656,0.4466950012032907,-0.10362655458704656,7.9013603383089706,-0.10362655458704673,2805.816035092465,-371.738886654965,0.272338169919774,0.41841898729815946,0.37365459251409794,0.5197354098924835,7.828319929619777,7.974400746998163,2608.11308298183,3018.499732011824,Train
2017-10-01,3718.7288,8.221405982971191,7.4551114685744055,0.7662945143967859,0.14294046317538012,0.6233540512214057,0.30272088648029044,1.2805054894835517,0.8663057464790747,1.4867299612019669,1.1765178538405208,0.10398763564303093,0.27823704190767007,0.3451170093137357,0.4211775050830502,0.3451170093137357,7.876288973657456,0.3451170093137357,2736.320145396852,982.4086143687732,0.20519773320316737,0.3512763506121727,0.3481381963785475,0.49421681378755283,7.803249664952953,7.949328282361958,2543.5150556509266,2943.734621143216,Train
2017-11-01,2231.2373,7.71075963973999,7.455557600043132,0.25520203969685795,-0.048617623069069686,0.30381966276592764,0.3240797803650579,1.371220853585769,1.1004117876262969,1.7208267605134413,1.410619274069869,-0.03939842048410003,0.33335612170674217,-0.029536458940814525,0.2847384986376725,-0.029536458940814525,7.740296098680805,-0.02953645894081447,2388.266745193292,-157.02944050579208,0.26031790099538704,0.40639434241809735,0.21170027792631735,0.35777671934902766,7.667257877969449,7.81333431939216,2219.979460447575,2569.305435664021,Train
2017-12-01,2839.7566,7.9518256187438965,7.456003731511858,0.49582188723203835,-0.028327883829677235,0.5241497710617156,0.2985218679132201,1.2626714433836543,0.8863764326128598,1.5067822638684347,1.1965793482406473,0.06609209514300707,0.2829605122294045,0.24118925883231107,0.2546326283997273,0.24118925883231107,7.710636359911585,0.24118925883231146,2318.4423233738594,521.3142684230156,0.2099233677146813,0.3559976567441277,0.18159548388500407,0.3276697729144505,7.637599215396862,7.783673504426309,2155.0754211426656,2494.1876166775137,Train
2018-01-01,3042.5964,8.020794868469238,7.456449862980585,0.5643450054886534,-0.21540188013604997,0.7797468856247034,0.3459270259227931,1.4640103419409651,1.2342931806621056,1.854689968869385,1.5444915747657453,-0.08048123282478015,0.36487629795220144,0.41487058767250196,0.14947441781615148,0.41487058767250196,7.605924280796736,0.4148705876725023,2087.8521400420805,954.7442955047945,0.29184021802841525,0.43791237787598764,0.07643833789236529,0.22251049773993767,7.53288820087295,7.678960360720523,1940.728624499638,2246.1231087108054,Train
2018-02-01,1284.6517,7.159020900726318,7.456895994449311,-0.29787509372299237,-0.12706574446776903,-0.17080934925522334,0.3606169170197629,1.5264011579950636,1.2147019745649468,1.8350898167210725,1.5248958956430096,0.0015052623520539488,0.3602625036393566,-0.5310718528945799,0.23319675917158755,-0.5310718528945799,7.690092753620898,-0.5310718528945797,2271.2787273733134,-986.6269939748759,0.28722747688753947,0.4332975303911737,0.16016173241977044,0.30623178592340466,7.617057726869081,7.763127780372716,2111.2382048770646,2443.445234894233,Train
2018-03-01,1622.718,7.3924736976623535,7.4573421259180375,-0.06486842825568395,-0.08850278169821403,0.02363435344253008,0.3537304271900174,1.4971529003061623,1.158538052787804,1.7789170443376308,1.4687275485627174,0.02842535174344496,0.3470376902150402,-0.32340333677251015,0.2585349085168262,-0.32340333677251015,7.715877034434864,-0.3234033367725102,2330.629672738393,-707.9116551602679,0.274003705398967,0.4200716750311134,0.185500923700753,0.3315688933328994,7.64284304961879,7.7889110192509365,2166.411218767092,2507.2904820833355,Train
2018-04-01,2907.3699,7.975347995758057,7.457788257386763,0.5175597383712933,0.029384742817196125,0.4881749955540972,0.31064590457127794,1.3141645780823907,0.9156045931105155,1.5359748279795573,1.2257897105450364,0.08837486753735435,0.28983807960698843,0.19833691594710878,0.31922282242418454,0.19833691594710878,7.777011079810948,0.19833691594710867,2477.6188725721076,429.75100047476735,0.21680512566929794,0.3628710335446789,0.24618986848649407,0.39225577636187503,7.703978125873258,7.850044033748638,2303.0502324817603,2665.4138779879054,Train
2018-05-01,2231.2373,7.71075963973999,7.45823438885549,0.2525252508845002,0.03449165821075425,0.21803359267374592,0.271122646179783,1.1463016356082272,0.7651095115719513,1.38547108219846,1.0752902968852056,0.07101133872302157,0.2544030566878501,-0.03636946401410421,0.28889471489860435,-0.03636946401410418,7.747129103754094,-0.036369464014104125,2404.6485216267242,-173.41121693922423,0.18137112274626885,0.32743499062943143,0.2158627809570231,0.36192664884018566,7.674097169812513,7.820161037695676,2235.221449949143,2586.9122167155924,Train
2018-06-01,2636.9167,7.877744674682617,7.458680520324216,0.4190641543584013,0.04583206709135249,0.37323208726704876,0.2657864051817943,1.1236375853216647,0.8026740040415168,1.4230270014077158,1.1128505027246163,0.010787082597048414,0.26324659117347526,0.1099854960935735,0.3090786582648278,0.1099854960935735,7.767759178589044,0.10998549609357333,2454.792691206067,182.12405684080795,0.19021566651714025,0.33627751582981025,0.23604773360849274,0.38210958292116276,7.694728253932709,7.840790103245379,2281.836327095962,2640.852887391702,Train
2018-07-01,3042.5964,8.020794868469238,7.459126651792943,0.5616682166762956,-2.9796163225303086e-05,0.5616980128395209,0.2329685097250109,0.9842536194902792,0.6059172058571582,1.226261719519663,0.9160894626884106,0.0681641568018686,0.21691928800513496,0.344778724834386,0.21688949184190967,0.344778724834386,7.676016143634852,0.3447787248343861,2239.5168204061533,803.0796151407217,0.14388936209101275,0.28994921391925715,0.14385956592778745,0.28991941775603186,7.60298621772073,7.7490460695489745,2081.7239675851038,2409.2644904708313,Train
2018-08-01,2366.4639,7.7695746421813965,7.4595727832616685,0.310001858919728,0.1440012230250086,0.1660006358947194,0.27897010197393113,1.1796313020920286,0.9514892977768508,1.5718254158962983,1.2616573568365745,-0.08202605474454594,0.29828310166713373,-0.13228246577241434,0.4422843246921423,-0.13228246577241431,7.901857107953811,-0.13228246577241443,2807.2107224878496,-440.7468553003496,0.22525416411653204,0.37131203921773537,0.3692553871415406,0.515313262242744,7.828828170403209,7.974886045504412,2609.43947769458,3019.965446347112,Train
2018-09-01,2231.2373,7.71075963973999,7.460018914730394,0.2507407250095959,0.10131642259432395,0.14942430241527194,0.3052837421339357,1.2913904344163818,1.0039269994129345,1.6242548087828461,1.3140909040978903,-0.022700469681508517,0.3106285580629705,-0.16120425564769858,0.41194498065729446,-0.16120425564769858,7.8719638953876885,-0.16120425564769825,2724.5065872161476,-493.26928252864764,0.23760059865814057,0.38365651746780044,0.33891702125246453,0.4849729400621244,7.7989359359828585,7.9449918547925185,2532.562347831263,2930.9926400537693,Validate
2018-10-01,1757.9446,7.472469329833984,7.460465046199121,0.012004283634863278,0.14294046317538012,-0.13093617954051684,0.26983841599169467,1.1408472609701015,0.7511473077017106,1.3714668937766132,1.061307100739162,0.07954016023093957,0.2511107191041449,-0.38204689864466174,0.394051182279525,-0.38204689864466174,7.854516228478646,-0.3820468986446617,2677.365304715315,-919.4207246371898,0.17808372778497067,0.3241377104233191,0.3210241909603508,0.46707817359869924,7.781489237159472,7.92754321979782,2488.7434080097187,2880.2771157158368,Validate
2018-11-01,2636.9167,7.877744674682617,7.460911177667847,0.41683349701477024,-0.048617623069069686,0.46545112008383993,0.2516228168150497,1.063482079019932,0.7212811176183341,1.341592564541163,1.0314368410797485,0.032045237940183435,0.2440777791750611,0.22137334090877883,0.1954601561059914,0.22137334090877883,7.656371333773838,0.22137334090877925,2195.931804830591,440.98494321628414,0.17105174603583342,0.3171038123142888,0.12243412296676373,0.2684861892452191,7.583345300634611,7.729397366913066,2041.216463283024,2362.3681550667784,Validate
2018-12-01,2569.3035,7.851779460906982,7.461357309136574,0.39042215177040873,-0.028327883829677235,0.41875003560008595,0.244933914248133,1.0350730127510626,0.7073276532908327,1.3276310439196353,1.017479348605234,0.017593664145828525,0.24079149350988227,0.17795854209020368,0.21246360968020503,0.1779585420902037,7.673820918816778,0.17795854209020412,2234.6037768672413,334.6996899296337,0.16776640879615512,0.31381657822360937,0.13943852496647788,0.28548869439393215,7.600795834103051,7.746846003530506,2077.1669957065787,2403.967578384517,Validate
2019-01-01,1960.7843,7.581609725952148,7.4618034406052995,0.1198062853468489,-0.21540188013604997,0.3352081654828989,0.2498937594109153,1.056138436937345,0.7473492036492388,1.367644619583204,1.0574969116162214,-0.001358474678876398,0.25021361169611994,0.08499455378677895,0.034811731560069975,0.08499455378677892,7.496615172165369,0.08499455378677911,1871.5583382179793,89.22596353983317,0.1771894658016462,0.32323775759059364,-0.038212414334403755,0.10783587745454368,7.423591026270896,7.569639318059843,1739.6897544605943,2013.4168258842135,Validate
2019-02-01,2096.0107,7.648268222808838,7.462249572074026,0.1860186507348116,-0.12706574446776903,0.31308439520258063,0.22035444650342406,0.9306792469535669,0.5576264911632086,1.177914012768038,0.8677702519656233,0.06290899498794356,0.20554255039692967,0.10754184480565096,0.07847680592916065,0.10754184480565096,7.540726378003187,0.10754184480565065,1956.008040555327,140.00270163217306,0.13251933386067422,0.27856576693318513,0.005453589392905189,0.1515000224654161,7.467703161466932,7.613749594539442,1818.194062992179,2104.2621865414817,Validate
2019-03-01,1757.9446,7.472469329833984,7.462695703542752,0.00977362629123224,-0.08850278169821403,0.09827640798944627,0.2335091189911279,0.9865496918748052,0.7003255087831184,1.3206052152157641,1.0104653619994413,-0.023915670124636024,0.23914005334751348,-0.14086364535806722,0.15063727164929946,-0.14086364535806722,7.613332975192051,-0.14086364535806695,2103.3852762648157,-345.44069618669073,0.16611775685074093,0.31216234984428604,0.0776149751525269,0.22365956814607202,7.540310678695279,7.686355271688824,1955.1946827351524,2262.8019774025283,Validate
2019-04-01,1825.5579,7.510188579559326,7.463141835011479,0.0470467445478473,0.029384742817196125,0.01766200173065117,0.27823493933448007,1.176508923804466,0.9329618686896008,1.5532338379223845,1.2430978533059927,-0.06658892950152673,0.2939132744566405,-0.2762512727259893,0.3232980172738366,-0.2762512727259893,7.786439852285316,-0.2762512727259896,2501.0997298454454,-675.5418685173204,0.22089188882007593,0.36693466009320513,0.25027663163727204,0.39631940291040124,7.713418466648751,7.85946123792188,2324.904244196912,2690.642647676699,Validate
2019-05-01,2434.0771,7.797733783721924,7.463587966480205,0.3341458172417191,0.03449165821075425,0.2996541590309649,0.23026459738308178,0.9727695794495396,0.5561182061112873,1.1763825149554208,0.866250360533354,0.10651921891618554,0.20518469260581032,0.09446946642515455,0.23967635081656458,0.09446946642515452,7.703264317296769,0.09446946642515464,2301.406168508444,132.6709799290561,0.13216420878687007,0.27820517642475057,0.16665586699762433,0.3126968346355048,7.630243833477829,7.776284801115709,2139.2748438505523,2475.8193580449743,Validate
2019-06-01,3380.6626,8.12612247467041,7.4640340979489315,0.6620883767214787,0.04583206709135249,0.6162563096301262,0.20710210266749723,0.874393972876652,0.5297581262370582,1.1500148503655847,0.8398864883013214,0.034507484575330594,0.1989773301047785,0.41727897952534776,0.24480939719613098,0.4172789795253477,7.708843495145063,0.41727897952534754,2314.2876024935413,1066.3749951627087,0.12595773919486972,0.2719969210146873,0.1717898062862222,0.3178289881060398,7.635823904235154,7.781863086054972,2151.251112055762,2489.674369841564,Validate
2019-07-01,1487.4916,7.305518627166748,7.464480229417657,-0.15896160225090927,-2.9796163225303086e-05,-0.15893180608768398,0.18315641277157135,0.7726919845008923,0.4172800424328108,1.0375292564029799,0.7274046494178953,0.04528733508299698,0.17249352899290177,-0.33142533508058575,0.17246373282967647,-0.33142533508058575,7.636943962247334,-0.3314253350805858,2153.6631086939633,-666.1715315455258,0.09947482221478808,0.24551223577101547,0.09944502605156277,0.24548243960779018,7.56392525546922,7.7099626690254475,2001.9391453792357,2316.880262451864,Validate
2019-08-01,2704.53,7.903053283691406,7.464926360886384,0.4381269228050222,0.1440012230250086,0.29412569978001357,0.17818814425000593,0.7515907846764567,0.4327141823906359,1.0529559596657334,0.7428350710281847,0.00875571364827199,0.17612661519646955,0.11799908458354402,0.32012783822147817,0.11799908458354402,7.785054199107862,0.11799908458354391,2497.635088354578,206.89494094229713,0.10310878390170125,0.24914444649123785,0.24711000692670984,0.3931456695162464,7.712036367813094,7.858072030402631,2321.6918350939604,2686.9059935663545,Validate
2019-09-01,2772.1433,7.927736759185791,7.46537249235511,0.4623642668306811,0.10131642259432395,0.36104784423635716,0.18467675937172476,0.7791491913271711,0.4755237012067574,1.0957581141774033,0.7856409076920804,-0.006491716364909306,0.1862052312280673,0.17484261300828985,0.28752165382239125,0.17484261300828985,7.752894146177502,0.1748426130082894,2418.5572410663576,353.5860694805174,0.11318826689447407,0.25922219556166054,0.21450468948879803,0.3605386181559845,7.679877181843908,7.825911110511094,2248.1842633543997,2601.835765027845,Validate
2019-10-01,1893.171,7.546536445617676,7.465818623823837,0.08071782179383913,0.14294046317538012,-0.06222264138154099,0.21589413492293189,0.9117354387574764,0.6494754189657412,1.2697025389706718,0.9595889789682065,-0.04785354021073007,0.22716123060718382,-0.28938387198872484,0.37010169378256397,-0.28938387198872484,7.8359203176064005,-0.28938387198872473,2628.0189048752113,-734.8478843673988,0.15414512483642812,0.30017733637793953,0.29708558801180823,0.44311779955331965,7.762904211835645,7.908936423377156,2442.898794934785,2827.1614674537664,Validate
2019-11-01,1960.7843,7.581609725952148,7.4662647552925625,0.11534497065958593,-0.048617623069069686,0.16396259372865563,0.11611306895218618,0.4879459027038813,-0.014517794615728663,0.6057021027306193,0.2955921540574453,0.19235374864643595,0.07082346066657018,0.09313913306208545,0.022205837597500493,0.09313913306208543,7.488470592890063,0.09313913306208566,1856.3690774179133,104.41522433989917,-0.0021917948182402745,0.14383871615138064,-0.05080941788730996,0.09522109308231094,7.415455337405253,7.561485848374874,1725.5854959322116,1997.0591160275321,Validate
2019-12-01,1825.5579,7.510188579559326,7.466710886761289,0.04347769279803693,-0.028327883829677235,0.07180557662771417,-0.005686837837253645,-0.029361920052805943,-0.5304414665355841,0.08977127744750679,-0.22033509454403866,0.19097317449123272,-0.05065139052536566,0.12245696715307983,-0.0789792743550429,0.12245696715307983,7.387731612406246,0.12245696715307997,1678.375555929944,147.18230539818092,-0.1236658038820083,0.022363022831276988,-0.15199368771168553,-0.005964860998400247,7.314717199049603,7.460746025762889,1560.1264094836401,1805.5816071793029,Validate
2020-01-01,1825.5579,7.510188579559326,7.467157018230015,0.043031561329311074,-0.21540188013604997,0.25843344146536107,-0.06535459672554121,-0.28278246242342764,-0.667559637857053,-0.047353978934379315,-0.35745680839571614,0.0746743459722885,-0.08293663971595827,0.34137008118131934,-0.2983385198520082,0.3413700811813193,7.168818498378007,0.34137008118131895,1348.19607813468,477.36178319344504,-0.1559502189853704,-0.009923060446546134,-0.37135209912142036,-0.2253249405825961,7.095804919108595,7.241832077647419,1253.1967629101678,1450.3911302323954,Validate
2020-02-01,1825.5579,7.510188579559326,7.467603149698742,0.042585429860584334,-0.12706574446776903,0.16965117432835336,-0.09541444241445997,-0.41045245606815817,-0.7567685128213552,-0.13656987162988166,-0.4466691922256184,0.03621673615746024,-0.10394165753502306,0.2735928318633764,-0.23100740200279207,0.2735928318633764,7.23659574769595,0.27359283186337624,1442.8110306570677,382.7468306710573,-0.1769544106435224,-0.030928904426523678,-0.30402015511129143,-0.1579946488942927,7.1635829945874505,7.309608500804449,1341.1508157950836,1552.1714228494677,Validate
2020-03-01,2298.8506,7.740599632263184,7.468049281167468,0.2725503510957159,-0.08850278169821403,0.3610531327939299,-0.14469240584095186,-0.6197455223930033,-1.004327376224016,-0.3841356863897305,-0.6942315313068732,0.07448600891386992,-0.16223010495108864,0.5232832377450185,-0.25073288664930266,0.5232832377450185,7.217316394518165,0.5232832377450185,1415.2418993185145,883.6086866189855,-0.23524203971254168,-0.08921817018963557,-0.3237448214107557,-0.1777209518878496,7.144304459756712,7.290328329279618,1315.5239326309504,1522.5128414088354,Validate
2020-04-01,811.359,6.699942588806152,7.468495412636194,-0.7685528238300421,0.029384742817196125,-0.7979375666472383,-0.13210619023947645,-0.5662894240989281,-0.8329536118177197,-0.21276880790383212,-0.5228612098607759,-0.04342821423815224,-0.12188103567279851,-0.6760565309744397,-0.09249629285560239,-0.6760565309744397,7.375999119780592,-0.6760565309744395,1658.7874280809535,-847.428419291891,-0.19489215979073748,-0.04886991155485955,-0.16550741697354135,-0.019485168737663424,7.302987995662653,7.449010243898531,1541.9226070619125,1784.5038832191026,Validate
2020-05-01,878.9723,6.779890537261963,7.46894154410492,-0.6890510068429574,0.03449165821075425,-0.7235426650537117,-0.17929209171679794,-0.7666970976470089,-1.157489569800833,-0.5373115872902121,-0.8474005785455225,0.08070348089851365,-0.1982936919606157,-0.525248973093096,-0.16380203374986144,-0.5252489730930959,7.305139510355059,-0.5252489730930963,1545.2458013890362,-666.2735113499737,-0.2713040130303061,-0.12528337089092528,-0.23681235481955185,-0.09079171268017103,7.232129189285368,7.378149831424749,1436.3765450550934,1662.3609937064755,Validate
2020-06-01,811.359,6.699942588806152,7.469387675573647,-0.7694450867674947,0.04583206709135249,-0.8152771538588471,-0.22542751699379496,-0.9626431950710045,-1.33092180081969,-0.7107505760977106,-1.0208361884587003,0.05819299338769579,-0.2391290325298428,-0.5761481213290043,-0.19329696543849031,-0.5761481213290044,7.276090710135157,-0.5761481213290045,1500.9753310667484,-689.6163222776859,-0.3121385580403029,-0.16611950701938274,-0.26630649094895037,-0.12028743992803026,7.203081184624697,7.349100235645617,1395.2242146262097,1614.7361199590819,Validate
2020-07-01,1690.3313,7.433271408081055,7.469833807042373,-0.03656239896131819,-2.9796163225303086e-05,-0.03653260279809289,-0.2962757333983989,-1.2635493085528409,-1.6766831844167966,-1.056518654754584,-1.3666009195856903,0.10305161103284943,-0.32053919137476566,0.28400658857667277,-0.32056898753799096,0.28400658857667277,7.149264819504382,0.2840065885766725,1322.0705884136723,368.26071041445266,-0.39354792871073885,-0.24753045403879248,-0.39357772487396414,-0.24756025020201777,7.076256082168409,7.222273556840355,1228.91677092907,1422.2798700703727,Validate
2020-08-01,1690.3313,7.433271408081055,7.4702799385111,-0.03700853043004493,0.1440012230250086,-0.18100975345505352,-0.42525161709607845,-1.8113348967561893,-2.317436964643829,-1.6972790681818917,-2.0073580164128604,0.19602311965667107,-0.47140517722499126,0.29039542376993777,-0.3274039541999827,0.29039542376993777,7.142875984311117,0.29039542376993754,1313.6446530915505,376.6866457365745,-0.544413133668873,-0.3983972207811095,-0.4004119106438644,-0.2543959977561009,7.069868027867235,7.215883940754999,1221.085037213176,1413.2146505969588,Validate
2020-09-01,2096.0107,7.648268222808838,7.4707260699798255,0.17754215282901242,0.10131642259432395,0.07622573023468847,-0.5536017564548948,-2.356462827412236,-2.841216809400898,-2.221065485133136,-2.531141147267017,0.174678319854781,-0.5947296925511855,0.670955422785874,-0.4934132699568615,0.670955422785874,6.977312800022964,0.6709554227858741,1113.0513315543938,982.9594106331062,-0.667736875284906,-0.521722509817465,-0.566420452690582,-0.4204060872231411,6.904305617289244,7.050319982756684,1034.61560392647,1197.427644999291,Validate
2020-10-01,1419.8783,7.259030342102051,7.471172201448551,-0.21214185934650054,0.14294046317538012,-0.35508232252188066,-0.5598831584666094,-2.383141159803384,-2.6479528341580556,-2.027808021916135,-2.3378804280370953,-0.04526073176628875,-0.5492265384275409,0.19414421590566022,-0.40628607525216076,0.19414421590566022,7.064886126196391,0.1941442159056601,1215.0118702456973,204.8664256527402,-0.6222329545344044,-0.4762201223206774,-0.4792924913590243,-0.3332796591452973,6.991879710089527,7.137892542303254,1129.3983911214732,1307.1094950174406,Validate
2020-11-01,1081.812,6.987316608428955,7.471618332917278,-0.484301724488323,-0.048617623069069686,-0.4356841014192533,-0.49347429378161556,-2.1010898339240764,-2.2691255298905015,-1.6489871703285846,-1.959056350109543,-0.1420334838145334,-0.46003257044288626,0.024348469023632968,-0.508650193511956,0.024348469023632968,6.962968139405322,0.02434846902363308,1097.184715971375,-15.372704252624999,-0.5330382269093689,-0.3870269139764036,-0.5816558499784386,-0.4356445370454733,6.88996248293884,7.035973795871805,1019.8676489686588,1180.3575164337058,Validate
2020-12-01,1014.1988,6.922839641571045,7.472064464386004,-0.549224822814959,-0.028327883829677235,-0.5208969389852818,-0.42993210545608723,-1.8312138384300929,-2.022145206291705,-1.402013240871527,-1.712079223581616,-0.11913461484847687,-0.4018819110735343,-0.11901502791174745,-0.43020979490321154,-0.11901502791174745,7.041854669482793,-0.11901502791174767,1187.325399214409,-173.12660771050264,-0.4748868147910409,-0.3288770073560277,-0.5032146986207181,-0.3572048911857049,6.9688497657652855,7.114859573200299,1103.662860482556,1277.3241882516265,Validate
2021-01-01,405.6795,6.008025169372559,7.472510595854731,-1.464485426482172,-0.21540188013604997,-1.249083546346122,-0.41798178420521465,-1.7804585067514003,-2.0629473788103843,-1.4428217497866662,-1.7528845642985253,-0.027573942452874922,-0.4114895111854865,-0.8375940351606356,-0.6268913913215365,-0.8375940351606356,6.845619204533194,-0.8375940351606355,975.5880376050584,-569.9085332105271,-0.48449366895206764,-0.33848535341890534,-0.6998955490881176,-0.5538872335549553,6.772615046766613,6.918623362299775,906.8332757842201,1049.5499419697262,Validate
2021-02-01,540.906,6.295092582702637,7.4729567273234565,-1.1778641446208198,-0.12706574446776903,-1.0507984001530508,-0.37220124341674965,-1.5860196725670226,-1.7957381918432807,-1.1756188422494722,-1.4856785170463764,-0.10034115552064615,-0.3485759610376202,-0.7022224391154306,-0.4756417055053892,-0.7022224391154306,6.997315021818068,-0.702222439115431,1135.559186509215,-594.6531806498399,-0.42157937955965097,-0.2755725425155894,-0.5486451240274199,-0.4026382869833584,6.924311603296037,7.070318440340098,1055.54275133156,1221.635603538498,Validate
2021-03-01,676.1325,6.517867088317871,7.473402858792183,-0.9555357704743122,-0.08850278169821403,-0.8670329887760981,-0.4163453179050313,-1.7735081170419402,-2.1559253248525825,-1.5358121984869222,-1.8458687616697524,0.07236064462781222,-0.433382600898211,-0.4336503878778871,-0.521885382596425,-0.4336503878778871,6.951517476195758,-0.43365038787788723,1084.6814943526192,-408.54898702840046,-0.5063852867920318,-0.36037991500439015,-0.5948880684902458,-0.44888269670260417,6.878514790301938,7.024520162089579,1008.2477075580164,1166.9038736998857,Validate
2021-04-01,1825.5579,7.510188579559326,7.473848990260909,0.036339589298417074,0.029384742817196125,0.006954846481220949,-0.3719411458993035,-1.5849149879740607,-1.78264242001378,-1.162535461425665,-1.4725889407197226,-0.11232604725433815,-0.345494025860217,0.35244887234143796,-0.3161092830430209,0.35244887234143796,7.157739707217888,0.35244887234143807,1333.331111524357,492.2267498037679,-0.41849598565373824,-0.2724920660666957,-0.38911124283654214,-0.24310732324949955,7.084737747424367,7.23074166701141,1239.3928778859736,1434.383536074688,Validate
2021-05-01,1622.718,7.3924736976623535,7.474295121729636,-0.08182142406728232,0.03449165821075425,-0.11631308227803658,-0.31363753328582683,-1.3372882393586676,-1.539954923735896,-0.9198540782125576,-1.2299045009742269,-0.10738373838444071,-0.2883540777675478,0.1720409954895112,-0.25386241955679356,0.17204099548951124,7.220432702172842,0.17204099548951124,1419.6622287661937,203.05578881193128,-0.36135531790181863,-0.215352837633277,-0.3268636596910644,-0.18086117942252275,7.147431462038571,7.2934339423071135,1319.647149266541,1527.2516373611525,Validate
2021-06-01,2028.3976,7.615494251251221,7.474741253198362,0.140752998052859,0.04583206709135249,0.09492093096150653,-0.2622728077088866,-1.1191322895299323,-1.336495415199799,-0.7164006287532676,-1.0264480219765333,-0.09268426755339898,-0.2404503363441704,0.3353712673056769,-0.19461826925281792,0.3353712673056769,7.280122983945544,0.33537126730567657,1507.0439337693624,521.3536492384501,-0.31345086317491294,-0.16744980951342783,-0.26761879608356043,-0.12161774242207535,7.207122457114801,7.353123510776286,1400.8781539946567,1621.2497652155,Validate
2021-07-01,2434.0771,7.797733783721924,7.475187384667088,0.3225463990548354,-2.9796163225303086e-05,0.3225761952180607,-0.10745038299466061,-0.4615714296412338,-0.49602998568061657,0.12405879496502231,-0.18598559535779713,-0.2755858342834367,-0.042563815555296106,0.3651400107733568,-0.042593611718521406,0.3651400107733568,7.432593772948567,0.36514001077335667,1755.4314965008666,678.6456519366334,-0.11556363535440613,0.030436004243813902,-0.11559343151763143,0.0304062080805886,7.359593953149457,7.505593592747677,1631.780471259119,1888.4466563047731,Test
2021-08-01,1352.265,7.210275650024414,7.475633516135814,-0.2653578661114002,0.1440012230250086,-0.40935908913640884,0.044011506231909546,0.1817165843788621,0.10624736142264257,0.7263301888437163,0.4162887751331794,-0.23457219075431732,0.0992414287508054,-0.5086005178872143,0.243242651775814,-0.5086005178872142,7.7188761679116284,-0.5086005178872144,2337.6330381095986,-985.3680234611611,0.026242309793790993,0.17224054770781982,0.1702435328187996,0.31624177073282844,7.645877048954614,7.791875286868643,2172.9971287365015,2514.736757258902,Test
2021-09-01,2231.2373,7.71075963973999,7.476079647604541,0.2346799921354492,0.10131642259432395,0.13336356954112527,0.15271974630646493,0.6434215599491323,0.490249676268014,1.1103266023534577,0.8002881393107358,-0.15686657936160353,0.18965391568129794,-0.05629034614017267,0.2909703382756219,-0.0562903461401727,7.767049985880163,-0.05629034614017314,2453.0516783647186,-221.81437367721855,0.11665549145776527,0.2626523399048306,0.2179719140520892,0.36396876249915455,7.6940515616566305,7.840048410103695,2280.292071937562,2638.89416969732,Test
2021-10-01,2501.6904,7.825121879577637,7.476525779073267,0.34859610050436984,0.14294046317538012,0.20565563732898973,0.1865712136684186,0.7871953060851153,0.5070549397588329,1.1271260157221206,0.8170904777404767,-0.029895171655361374,0.19361001911635006,0.012045618212639664,0.3365504822917302,0.012045618212639664,7.813076261364997,0.01204561821263983,2568.642233290115,-66.9518036026152,0.12061228359720377,0.26660775463549635,0.2635527467725839,0.40954821781087647,7.740078525845851,7.886073996884143,2387.746962201459,2763.236359728474,Test
2021-11-01,1757.9446,7.472469329833984,7.476971910541994,-0.004502580708009241,-0.048617623069069686,0.044115042361060446,0.19029823000080687,0.8030246671668065,0.48642437385571885,1.1064896502465371,0.796457012051128,0.006567655115678583,0.18875187839790236,-0.1446368360368419,0.14013425532883267,-0.1446368360368419,7.617106165870826,-0.14463683603684174,2111.340522065207,-353.3959419870821,0.1157548256321914,0.2617489311636133,0.06713720256312172,0.21313130809454361,7.544109113105115,7.690103218636537,1962.6392899054513,2271.302506930158,Test
2021-12-01,2704.53,7.903053283691406,7.4774180420107195,0.4256352416806868,-0.028327883829677235,0.453963125510364,0.21236351839902232,0.8967402257469292,0.6178699209941061,1.2379294477097744,0.9278996843519403,-0.031159458605011014,0.2196999996713823,0.2342631258389817,0.19137211584170505,0.23426312583898173,7.668790157852425,0.23426312583898135,2223.3852312259833,481.14479807089174,0.1467036237849553,0.2926963755578093,0.11837573995527806,0.2643684917281321,7.595793781965997,7.741786533738852,2066.797851165467,2391.830447186848,Test
2022-01-01,2636.9167,7.877744674682617,7.477864173479446,0.399880501203171,-0.21540188013604997,0.615282381339221,0.2150218439944884,0.9080306500355639,0.5880821808707359,1.2081360071673857,0.8981090940190608,0.00992155601650313,0.21268581785133714,0.40259656348788386,-0.002716062284712828,0.4025965634878838,7.475148111194733,0.40259656348788386,1831.7884131716796,805.1283348751954,0.13969011304552653,0.28568152265714775,-0.07571176709052344,0.07027964252109778,7.402152406388923,7.548143816000544,1702.768948148819,1970.5779954236823,Test
2022-02-01,2163.624,7.680002212524414,7.478310304948172,0.201691907576242,-0.12706574446776903,0.32875765204401103,0.2582386047786253,1.0915806133905175,0.8494956949746313,1.469543869478144,1.1595197822263876,-0.06793916883587015,0.2742348531776237,0.054522798866387334,0.14716910870985467,0.054522798866387334,7.625479413658026,0.05452279886638767,2129.101929226215,34.52209421128509,0.20123981372795793,0.3472298926272894,0.07417406926018891,0.2201641481595204,7.552484374208361,7.698474453107693,1979.154344079163,2290.404325354879,Test
2022-03-01,2366.4639,7.7695746421813965,7.478756436416899,0.2908182057644977,-0.08850278169821403,0.3793209874627117,0.25391203690710956,1.073204840661134,0.7331455496496941,1.3531881203664082,1.0431668350080512,0.0300380056530829,0.2468396012551806,0.1324813862075311,0.15833681955696655,0.13248138620753114,7.637093255973865,0.13248138620753114,2153.9848103923055,212.47905679519454,0.1738452215101237,0.31983398100023747,0.08534243981190966,0.23133119930202345,7.564098876228808,7.7100876357189225,2002.2869273852793,2317.1699383836785,Test
2022-04-01,1690.3313,7.433271408081055,7.479202567885625,-0.045931159804569965,0.029384742817196125,-0.07531590262176609,0.15496088269379882,0.6529401007722933,0.15983461893786688,0.7798716332650578,0.46985312610146235,0.1830869746708309,0.11185313239836901,-0.1871690350201351,0.14123787521556513,-0.1871690350201351,7.62044044310119,-0.18716903502013515,2118.3954059039784,-428.06410707585337,0.0388594067780868,0.18484685801865122,0.06824414959528292,0.21423160083584736,7.5474467174809075,7.693434168721472,1969.2040902509923,2278.8840530245047,Test
2022-05-01,2569.3035,7.851779460906982,7.479648699354351,0.37213076155263103,0.03449165821075425,0.3376391033418768,0.14702223394086478,0.6192231201090005,0.31524954084776785,0.9352810455839082,0.625265293215838,-0.006042173106837523,0.1484448610283438,0.189194242313533,0.18293651923909807,0.18919424231353296,7.662585218593449,0.18919424231353332,2209.625788377528,359.6776784193471,0.07545178402349606,0.2214379380331916,0.10994344223425032,0.25592959624394584,7.589592141588602,7.735578295598297,2054.013794553465,2377.0212031626,Test
2022-06-01,2636.9167,7.877744674682617,7.480094830823077,0.39764984385953994,0.04583206709135249,0.35181777676818743,0.14133595111992242,0.5950723743225884,0.2676973546559439,0.8877233960107475,0.5777103753333457,0.017361998989242733,0.13724807584423235,0.21456970092395508,0.18308014293558483,0.2145697009239551,7.663174973758662,0.21456970092395533,2210.9299008703165,425.9868471765585,0.06425564201479032,0.2102405096736744,0.11008770910614282,0.25607257676502687,7.59018253992922,7.736167407588104,2055.2274295164975,2378.4225366960623,Test
2022-07-01,1893.171,7.546536445617676,7.480540962291804,0.0659954833258718,-2.9796163225303086e-05,0.0660252794890971,0.07590096353057064,0.3171572933161944,-0.1123535709353504,0.5076670526689065,0.19765674086677806,0.11950055244941635,0.04776460929555764,0.018260670193539462,0.04773481313233234,0.018260670193539455,7.528275775424136,0.018260670193539497,1931.7931688801707,-38.6221483723582,-0.025227186730353724,0.12075640532146902,-0.025256982893579027,0.12072660915824371,7.455283979398225,7.601267571450047,1795.7408744143022,2078.147575961728,Test
2022-08-01,2231.2373,7.71075963973999,7.48098709376053,0.2297725459794604,0.1440012230250086,0.0857713229544518,0.04521521981147327,0.1868289893673424,-0.1625712204557706,0.45744403045943643,0.14743640500183292,0.03939258436550949,0.03594025258142827,0.049831070373023534,0.17994147560643686,0.049831070373023534,7.660928569366967,0.049831070373023145,2205.9665887171996,25.270715970300444,-0.03705091094580755,0.1089314161086641,0.10695031207920104,0.2529326391336727,7.587937405839731,7.733919732894202,2050.616101680407,2373.0803748443027,Test
2022-09-01,811.359,6.699942588806152,7.481433225229257,-0.7814906364231042,0.10131642259432395,-0.8828070590174282,0.010126322365498647,0.037799637710370614,-0.32956457426618535,0.29044534846160563,-0.019559612902289886,0.0573592506126605,-0.0033788887888669,-0.8794281702285612,0.09793753380545706,-0.8794281702285613,7.579370759034713,-0.8794281702285609,2033.1156980718376,-1221.7566892827751,-0.07636942505637255,0.06961164747863875,0.024946997537951404,0.1709280700729627,7.506380222767208,7.652361295302219,1889.9335365005525,2187.139663967018,Test
2022-10-01,1960.7843,7.581609725952148,7.481879356697982,0.09973036925416601,0.14294046317538012,-0.04321009392121411,0.03696295159546113,0.15178000602937178,-0.10132219015704996,0.5186824483343326,0.2086801290886413,-0.05690012305926953,0.05036006136270772,-0.09357015528392183,0.19330052453808783,-0.09357015528392182,7.67517988123607,-0.09357015528392143,2237.643943652759,-276.85964189494644,-0.022629852819190787,0.12334997554460624,0.12031061035618933,0.26629043871998637,7.602189967054172,7.748169795417969,2080.0662573017016,2407.1533631471675,Test
2022-11-01,2501.6904,7.825121879577637,7.482325488166708,0.34279639141092844,-0.048617623069069686,0.39141401447999813,0.054343549720507374,0.22559877659559172,-0.06250469968011568,0.5574946979842863,0.24749499915208534,-0.021896222556493622,0.0594990060061088,0.33191500847388933,0.010881382937039115,0.33191500847388933,7.493206871103747,0.33191500847388955,1865.1869596018998,636.5034700856002,-0.013490291200548234,0.1324883032127658,-0.06210791426961792,0.08387068014369611,7.420217573897091,7.566196168310404,1733.8275140302442,2006.4928141400635,Test
2022-12-01,1555.1049,7.349941253662109,7.482771619635435,-0.13283036597332565,-0.028327883829677235,-0.1045024821436484,0.06380139370233001,0.2657680739881354,-0.032138903055954404,0.5878552966581774,0.2778581968011115,-0.012090122812976112,0.066648007975136,-0.17115049011878442,0.03832012414545876,-0.17115049011878442,7.521091743780894,-0.17115049011878458,1917.9576784002422,-362.85282000180473,-0.006340677303931164,0.13963669325420314,-0.0346685611336084,0.1113088094245259,7.448103058501826,7.594080429059961,1782.8848346701243,2063.258017066552,Test
2023-01-01,1419.8783,7.259030342102051,7.483217751104161,-0.2241874090021101,-0.21540188013604997,-0.008785528866060127,0.07946220162534402,0.33228256207613005,0.04631898132500939,0.6663080254415441,0.3563135033832767,-0.02403094130714667,0.08512027653261185,-0.09390580539867198,-0.1302816036034381,-0.093905805398672,7.352936147500722,-0.09390580539867166,1620.945843658465,-201.06754776002754,0.012132198195175145,0.15810835487004857,-0.20326968194087483,-0.0572935252660014,7.279948069163286,7.425924225838159,1506.7801776611445,1743.755872730534,Test
2023-02-01,1555.1049,7.349941253662109,7.483663882572888,-0.13372262891077824,-0.12706574446776903,-0.0066568844430092144,0.11616328608446325,0.48815918460243185,0.2369024153297028,0.8568863456857818,0.5468943805077423,-0.058735195905310456,0.12999246297261388,-0.1366493474156231,0.002926718504844855,-0.1366493474156231,7.486590601077732,-0.13664934741562274,1852.8805190179935,-297.775660619556,0.05700498665153904,0.2029799392936887,-0.07006075781622999,0.07591419482591968,7.413603124756658,7.5595780773988075,1722.390452301312,1993.2509105844435,Test
2023-03-01,2028.3976,7.615494251251221,7.4841100140416135,0.13138423720960724,-0.08850278169821403,0.21988701890782125,0.20093304764188036,0.8481927999210356,0.6750700056501187,1.295048863575685,0.9850594346129018,-0.13686663469186622,0.2331582385528139,-0.013271219644992643,0.14465545685459985,-0.013271219644992616,7.628765470896213,-0.013271219644992449,2136.1130793000825,-107.71549629227002,0.16017135938254218,0.3061451177230856,0.07166857768432815,0.2176423360248716,7.555778591725941,7.701752350066485,1985.6881592023844,2297.927636206953,Test
2023-04-01,3110.2097,8.042766571044922,7.48455614551034,0.5582104255345817,0.029384742817196125,0.5288256827173855,0.2400653080265145,1.014395098040347,0.7444165855165008,1.364390411842464,1.0544034986794824,-0.040008400639135244,0.24948526893619752,0.279340413781188,0.27887001175339365,0.279340413781188,7.7634261572637335,0.27934041378118835,2444.1747096874824,666.0350071093926,0.1764989821099188,0.3224715557624762,0.20588372492711493,0.3518562985796723,7.690439870437455,7.836412444090013,2272.067610440858,2629.3130331154894,Test
2023-05-01,2907.3699,7.975347995758057,7.485002276979066,0.4903457187789906,0.03449165821075425,0.45585406056823635,0.21715505622681633,0.9170908160444854,0.549396270742097,1.1693651058083352,0.8593806882752161,0.057710127769269315,0.20356723119520112,0.25228682937303526,0.23805888940595538,0.2522868293730352,7.723061166385022,0.2522868293730349,2347.4407220606113,559.9291509862637,0.1305815319639118,0.2765529304264905,0.16507319017466607,0.3110445886372447,7.650075467153732,7.796046865616311,2182.1436649032903,2525.253271232552,Test
2023-06-01,2366.4639,7.7695746421813965,7.485448408447793,0.2841262337336037,0.04583206709135249,0.2382941666422512,0.2513551179687513,1.062345110109336,0.8114935486223516,1.4314574322855544,1.121475490453953,-0.05913038034461704,0.26527734086501314,-0.026983174222761946,0.31110940795636566,-0.026983174222761974,7.7965578164041585,-0.026983174222761974,2526.544392153328,-160.08052496582786,0.1922922245365929,0.33826245719343334,0.23812429162794538,0.38409452428478585,7.723572700075739,7.869542932732578,2348.6423359173805,2717.9162182896466,Test
2023-07-01,2907.3699,7.975347995758057,7.485894539916519,0.489453455841538,-2.9796163225303086e-05,0.4894832520047633,0.30111128659333325,1.2736692066408177,1.0313966393787042,1.6513556110200578,1.341376125199381,-0.06770691855856326,0.31705285176334613,0.17243040024141715,0.31702305560012084,0.17243040024141715,7.802917595516639,0.1724304002414172,2542.6702402471556,364.69963279971944,0.24406831370165324,0.39003738982503905,0.24403851753842795,0.39000759366181376,7.7299330574549465,7.875902133578332,2363.6345281962,2735.2614450422875,Test
2023-08-01,2163.624,7.680002212524414,7.486340671385245,0.19366154113916867,0.1440012230250086,0.04966031811416008,0.3543173681167119,1.499645752237486,1.2596164697542853,1.8795705682870063,1.5695935190206458,-0.06994776678315984,0.3707865400478804,-0.3211262219337203,0.514787763072889,-0.3211262219337203,8.001128434458135,-0.32112622193372076,3100.292169376687,-936.6681459391871,0.2978025756718647,0.4437705044238961,0.44180379869687325,0.5877717274489047,7.928144470082119,8.07411239883415,2882.0100052987777,3335.101193599704,Test
2023-09-01,2907.3699,7.975347995758057,7.486786802853971,0.4885611929040854,0.10131642259432395,0.38724477030976145,0.3332357789371168,1.4101081549912065,1.035356801036314,1.6553060649130353,1.3453314329746746,0.06477672201653184,0.3179841272963297,0.06926064301343177,0.41930054989065363,0.06926064301343177,7.906087352744625,0.06926064301343171,2819.115303160679,88.2545698861959,0.24500073207916315,0.39096752251349626,0.3463171546734871,0.4922839451078202,7.833103957527459,7.979070747961791,2620.6250577399487,3032.6337759821445,Test
2023-10-01,2366.4639,7.7695746421813965,7.487232934322698,0.2823417078586985,0.14294046317538012,0.13940124468331838,0.3237208141091292,1.3696962542885083,1.036466793486821,1.6564112607068329,1.346439027096827,0.02325722719168133,0.318244909861186,-0.1788436651778676,0.4611853730365661,-0.1788436651778676,7.9484183073592645,-0.17884366517786798,2941.056205079064,-574.5923378915641,0.24526207932941022,0.3912277403929617,0.38820254250479036,0.5341682035683418,7.875435476827488,8.02140113789104,2733.984848056351,3163.805362631346,Test
2023-11-01,2231.2373,7.71075963973999,7.487679065791424,0.2230805739485664,-0.048617623069069686,0.2716981970176361,0.278022705319447,1.1756075247876223,0.7727416169201419,1.3926813250364876,1.0827114709783148,0.09289605380930754,0.2561503689708775,0.015547828046758583,0.2075327459018078,0.015547828046758583,7.695211811693231,0.015547828046758916,2282.9404772566063,-51.7031725691063,0.1831680987035685,0.3291326392381865,0.13455047563449882,0.2805150161691168,7.622229541425923,7.768194081960541,2122.1906066554516,2455.8609560063137,Test
2023-12-01,2974.9832,7.9983296394348145,7.488125197260151,0.5102044421746639,-0.028327883829677235,0.5385323260043411,0.28365726896679694,1.1995386092147515,0.9003665198099358,1.5203015059363747,1.2103340128731552,-0.010795403658403702,0.2861990421654721,0.252333283838869,0.2578711583357949,0.252333283838869,7.7459963555959455,0.252333283838869,2401.9250704780434,573.0580838188316,0.21321732779342042,0.35918075653752374,0.18488944396374318,0.3308528727078465,7.673014641223894,7.818978069967997,2232.801986104754,2583.852610145873,Test
2024-01-01,2569.3035,7.851779460906982,7.488571328728876,0.363208132178106,-0.21540188013604997,0.578610012314156,0.26307467066300033,1.1121203229789558,0.7509931611476468,1.3709234619654775,1.0609583115565622,0.05116201142239363,0.2510285968394874,0.32758141547466857,0.03562671670343745,0.32758141547466857,7.524198045432314,0.32758141547466835,1923.9278075160928,645.3756592807822,0.17804743404439502,0.3240097596345798,-0.03735444609165495,0.10860787949852982,7.451216882637222,7.5971792082274066,1788.448195491537,2069.664618000246,Test
2024-02-01,1555.1049,7.349941253662109,7.489017460197603,-0.1390762065354938,-0.12706574446776903,-0.01201046206772477,0.28678737650176034,1.2128327828852243,0.9404443445883868,1.5603699963531408,1.2504071704707638,-0.03757438758553944,0.29563425007347804,-0.3076447121412028,0.16856850560570902,-0.3076447121412028,7.657585965803312,-0.3076447121412027,2198.6018898244147,-643.4970314259772,0.22265363458717022,0.3686148655597859,0.09558789011940119,0.24154912109201687,7.584605350317005,7.7305665812896205,2043.7913794093981,2365.1330551562587,Test
2024-03-01,2501.6904,7.825121879577637,7.489463591666329,0.3356582879113077,-0.08850278169821403,0.4241610696095217,0.2742302022757602,1.1595000289443018,0.8085807213457047,1.42850175989371,1.1185412406197073,0.04095878832459454,0.2645864729898599,0.15957459661966183,0.17608369129164586,0.15957459661966183,7.6655472829579745,0.15957459661966222,2216.183511653103,285.50691803439713,0.19160640059351247,0.3375665453862073,0.10310361889529844,0.24906376368799327,7.5925672105616275,7.738527355354322,2060.1367058583296,2384.04448073435,Test
2024-04-01,1757.9446,7.472469329833984,7.489909723135056,-0.01744039330107139,0.029384742817196125,-0.04682513611826751,0.29349148193182334,1.2413064186619134,0.9590323845265459,1.578948845281365,1.2689906149039554,-0.027684196242041992,0.3000097141593055,-0.346834850277573,0.3293944569765016,-0.346834850277573,7.8193041801115575,-0.3468348502775731,2584.6956942633196,-826.7511141851946,0.2270301806826872,0.37298924763592384,0.2564149234998833,0.40237399045311995,7.746324646634939,7.892283713588176,2402.714058747857,2780.4548901938233,Test
2024-05-01,2501.6904,7.825121879577637,7.490355854603782,0.3347660249738551,0.03449165821075425,0.3002743667631009,0.29712369608418787,1.2567331365016403,0.0,0.0,0.0,1.2567331365016403,0.0012264137477177087,0.29904795301538317,0.03571807195847196,0.2990479530153831,7.526073926562254,0.2990479530153829,1927.5421322285918,574.1482974589082,0.0012264137477177087,0.0012264137477177087,0.03571807195847196,0.03571807195847196,7.526073926562254,7.526073926562254,1927.5421322285918,1927.5421322285918,Forecast
2024-06-01,,,7.490801986072508,,0.04583206709135249,,,,0.0,0.0,0.0,,0.0012264137477177087,,0.0470584808390702,,7.537860466911579,,1950.4074587236676,,0.0012264137477177087,0.0012264137477177087,0.0470584808390702,0.0470584808390702,7.537860466911579,7.537860466911579,1950.4074587236676,1950.4074587236676,Forecast
2024-07-01,,,7.491248117541234,,-2.9796163225303086e-05,,,,0.0,0.0,0.0,,0.0012264137477177087,,0.0011966175844924055,,7.492444735125726,,1863.7652132291237,,0.0012264137477177087,0.0012264137477177087,0.0011966175844924055,0.0011966175844924055,7.492444735125726,7.492444735125726,1863.7652132291237,1863.7652132291237,Forecast
2024-08-01,,,7.491694249009961,,0.1440012230250086,,,,0.0,0.0,0.0,,0.0012264137477177087,,0.1452276367727263,,7.636921885782687,,2153.615541875075,,0.0012264137477177087,0.0012264137477177087,0.1452276367727263,0.1452276367727263,7.636921885782687,7.636921885782687,2153.615541875075,2153.615541875075,Forecast
2024-09-01,,,7.492140380478687,,0.10131642259432395,,,,0.0,0.0,0.0,,0.0012264137477177087,,0.10254283634204166,,7.594683216820728,,2064.50270163693,,0.0012264137477177087,0.0012264137477177087,0.10254283634204166,0.10254283634204166,7.594683216820728,7.594683216820728,2064.50270163693,2064.50270163693,Forecast
2024-10-01,,,7.4925865119474135,,0.14294046317538012,,,,0.0,0.0,0.0,,0.0012264137477177087,,0.14416687692309782,,7.6367533888705115,,2153.2525263936955,,0.0012264137477177087,0.0012264137477177087,0.14416687692309782,0.14416687692309782,7.6367533888705115,7.6367533888705115,2153.2525263936955,2153.2525263936955,Forecast
2024-11-01,,,7.493032643416139,,-0.048617623069069686,,,,0.0,0.0,0.0,,0.0012264137477177087,,-0.047391209321351976,,7.445641434094788,,1778.498980599176,,0.0012264137477177087,0.0012264137477177087,-0.047391209321351976,-0.047391209321351976,7.445641434094788,7.445641434094788,1778.498980599176,1778.498980599176,Forecast
2024-12-01,,,7.493478774884865,,-0.028327883829677235,,,,0.0,0.0,0.0,,0.0012264137477177087,,-0.027101470081959525,,7.466377304802906,,1815.7836706910546,,0.0012264137477177087,0.0012264137477177087,-0.027101470081959525,-0.027101470081959525,7.466377304802906,7.466377304802906,1815.7836706910546,1815.7836706910546,Forecast
2025-01-01,,,7.493924906353592,,-0.21540188013604997,,,,0.0,0.0,0.0,,0.0012264137477177087,,-0.21417546638833226,,7.27974943996526,,1506.4807182353331,,0.0012264137477177087,0.0012264137477177087,-0.21417546638833226,-0.21417546638833226,7.27974943996526,7.27974943996526,1506.4807182353331,1506.4807182353331,Forecast
2025-02-01,,,7.494371037822318,,-0.12706574446776903,,,,0.0,0.0,0.0,,0.0012264137477177087,,-0.12583933072005132,,7.3685317071022665,,1646.4392721652248,,0.0012264137477177087,0.0012264137477177087,-0.12583933072005132,-0.12583933072005132,7.3685317071022665,7.3685317071022665,1646.4392721652248,1646.4392721652248,Forecast
2025-03-01,,,7.494817169291045,,-0.08850278169821403,,,,0.0,0.0,0.0,,0.0012264137477177087,,-0.08727636795049633,,7.407540801340549,,1711.9743069291824,,0.0012264137477177087,0.0012264137477177087,-0.08727636795049633,-0.08727636795049633,7.407540801340549,7.407540801340549,1711.9743069291824,1711.9743069291824,Forecast
2025-04-01,,,7.49526330075977,,0.029384742817196125,,,,0.0,0.0,0.0,,0.0012264137477177087,,0.030611156564913835,,7.525874457324684,,1927.1574857636986,,0.0012264137477177087,0.0012264137477177087,0.030611156564913835,0.030611156564913835,7.525874457324684,7.525874457324684,1927.1574857636986,1927.1574857636986,Forecast
2025-05-01,,,7.495709432228497,,0.03449165821075425,,,,0.0,0.0,0.0,,0.0012264137477177087,,0.03571807195847196,,7.531427504186969,,1937.8944183944202,,0.0012264137477177087,0.0012264137477177087,0.03571807195847196,0.03571807195847196,7.531427504186969,7.531427504186969,1937.8944183944202,1937.8944183944202,Forecast
2025-06-01,,,7.496155563697223,,0.04583206709135249,,,,0.0,0.0,0.0,,0.0012264137477177087,,0.0470584808390702,,7.543214044536294,,1960.8824844445169,,0.0012264137477177087,0.0012264137477177087,0.0470584808390702,0.0470584808390702,7.543214044536294,7.543214044536294,1960.8824844445169,1960.8824844445169,Forecast
2025-07-01,,,7.49660169516595,,-2.9796163225303086e-05,,,,0.0,0.0,0.0,,0.0012264137477177087,,0.0011966175844924055,,7.497798312750442,,1873.775149126724,,0.0012264137477177087,0.0012264137477177087,0.0011966175844924055,0.0011966175844924055,7.497798312750442,7.497798312750442,1873.775149126724,1873.775149126724,Forecast
2025-08-01,,,7.497047826634676,,0.1440012230250086,,,,0.0,0.0,0.0,,0.0012264137477177087,,0.1452276367727263,,7.642275463407402,,2165.1813750990827,,0.0012264137477177087,0.0012264137477177087,0.1452276367727263,0.1452276367727263,7.642275463407402,7.642275463407402,2165.1813750990827,2165.1813750990827,Forecast
2025-09-01,,,7.497493958103402,,0.10131642259432395,,,,0.0,0.0,0.0,,0.0012264137477177087,,0.10254283634204166,,7.600036794445444,,2075.590183049082,,0.0012264137477177087,0.0012264137477177087,0.10254283634204166,0.10254283634204166,7.600036794445444,7.600036794445444,2075.590183049082,2075.590183049082,Forecast
2025-10-01,,,7.497940089572128,,0.14294046317538012,,,,0.0,0.0,0.0,,0.0012264137477177087,,0.14416687692309782,,7.642106966495226,,2164.816410974693,,0.0012264137477177087,0.0012264137477177087,0.14416687692309782,0.14416687692309782,7.642106966495226,7.642106966495226,2164.816410974693,2164.816410974693,Forecast
2025-11-01,,,7.498386221040855,,-0.048617623069069686,,,,0.0,0.0,0.0,,0.0012264137477177087,,-0.047391209321351976,,7.450995011719503,,1788.0512130192553,,0.0012264137477177087,0.0012264137477177087,-0.047391209321351976,-0.047391209321351976,7.450995011719503,7.450995011719503,1788.0512130192553,1788.0512130192553,Forecast
2025-12-01,,,7.498832352509581,,-0.028327883829677235,,,,0.0,0.0,0.0,,0.0012264137477177087,,-0.027101470081959525,,7.471730882427622,,1825.5360448529111,,0.0012264137477177087,0.0012264137477177087,-0.027101470081959525,-0.027101470081959525,7.471730882427622,7.471730882427622,1825.5360448529111,1825.5360448529111,Forecast
2026-01-01,,,7.4992784839783075,,-0.21540188013604997,,,,0.0,0.0,0.0,,0.0012264137477177087,,-0.21417546638833226,,7.285103017589975,,1514.572774677267,,0.0012264137477177087,0.0012264137477177087,-0.21417546638833226,-0.21417546638833226,7.285103017589975,7.285103017589975,1514.572774677267,1514.572774677267,Forecast
2026-02-01,,,7.499724615447033,,-0.12706574446776903,,,,0.0,0.0,0.0,,0.0012264137477177087,,-0.12583933072005132,,7.373885284726982,,1655.2826168354136,,0.0012264137477177087,0.0012264137477177087,-0.12583933072005132,-0.12583933072005132,7.373885284726982,7.373885284726982,1655.2826168354136,1655.2826168354136,Forecast
2026-03-01,,,7.50017074691576,,-0.08850278169821403,,,,0.0,0.0,0.0,,0.0012264137477177087,,-0.08727636795049633,,7.412894378965264,,1721.1694393163348,,0.0012264137477177087,0.0012264137477177087,-0.08727636795049633,-0.08727636795049633,7.412894378965264,7.412894378965264,1721.1694393163348,1721.1694393163348,Forecast
2026-04-01,,,7.500616878384486,,0.029384742817196125,,,,0.0,0.0,0.0,,0.0012264137477177087,,0.030611156564913835,,7.531228034949399,,1937.507707172833,,0.0012264137477177087,0.0012264137477177087,0.030611156564913835,0.030611156564913835,7.531228034949399,7.531228034949399,1937.507707172833,1937.507707172833,Forecast
2026-05-01,,,7.501063009853213,,0.03449165821075425,,,,0.0,0.0,0.0,,0.0012264137477177087,,0.03571807195847196,,7.536781081811685,,1948.3022749452916,,0.0012264137477177087,0.0012264137477177087,0.03571807195847196,0.03571807195847196,7.536781081811685,7.536781081811685,1948.3022749452916,1948.3022749452916,Forecast
2026-06-01,,,7.501509141321939,,0.04583206709135249,,,,0.0,0.0,0.0,,0.0012264137477177087,,0.0470584808390702,,7.548567622161009,,1971.4137394081959,,0.0012264137477177087,0.0012264137477177087,0.0470584808390702,0.0470584808390702,7.548567622161009,7.548567622161009,1971.4137394081959,1971.4137394081959,Forecast
2026-07-01,,,7.501955272790665,,-2.9796163225303086e-05,,,,0.0,0.0,0.0,,0.0012264137477177087,,0.0011966175844924055,,7.5031518903751575,,1883.83881769585,,0.0012264137477177087,0.0012264137477177087,0.0011966175844924055,0.0011966175844924055,7.5031518903751575,7.5031518903751575,1883.83881769585,1883.83881769585,Forecast
2026-08-01,,,7.502401404259391,,0.1440012230250086,,,,0.0,0.0,0.0,,0.0012264137477177087,,0.1452276367727263,,7.6476290410321175,,2176.8092929481986,,0.0012264137477177087,0.0012264137477177087,0.1452276367727263,0.1452276367727263,7.6476290410321175,7.6476290410321175,2176.8092929481986,2176.8092929481986,Forecast
2026-09-01,,,7.502847535728118,,0.10131642259432395,,,,0.0,0.0,0.0,,0.0012264137477177087,,0.10254283634204166,,7.605390372070159,,2086.7371813255636,,0.0012264137477177087,0.0012264137477177087,0.10254283634204166,0.10254283634204166,7.605390372070159,7.605390372070159,2086.7371813255636,2086.7371813255636,Forecast
2026-10-01,,,7.503293667196844,,0.14294046317538012,,,,0.0,0.0,0.0,,0.0012264137477177087,,0.14416687692309782,,7.647460544119942,,2176.442369720613,,0.0012264137477177087,0.0012264137477177087,0.14416687692309782,0.14416687692309782,7.647460544119942,7.647460544119942,2176.442369720613,2176.442369720613,Forecast
2026-11-01,,,7.5037397986655705,,-0.048617623069069686,,,,0.0,0.0,0.0,,0.0012264137477177087,,-0.047391209321351976,,7.456348589344219,,1797.6547211889708,,0.0012264137477177087,0.0012264137477177087,-0.047391209321351976,-0.047391209321351976,7.456348589344219,7.456348589344219,1797.6547211889708,1797.6547211889708,Forecast
2026-12-01,,,7.504185930134296,,-0.028327883829677235,,,,0.0,0.0,0.0,,0.0012264137477177087,,-0.027101470081959525,,7.477084460052337,,1835.3407691119903,,0.0012264137477177087,0.0012264137477177087,-0.027101470081959525,-0.027101470081959525,7.477084460052337,7.477084460052337,1835.3407691119903,1835.3407691119903,Forecast
2027-01-01,,,7.504632061603022,,-0.21540188013604997,,,,0.0,0.0,0.0,,0.0012264137477177087,,-0.21417546638833226,,7.29045659521469,,1522.7082687410987,,0.0012264137477177087,0.0012264137477177087,-0.21417546638833226,-0.21417546638833226,7.29045659521469,7.29045659521469,1522.7082687410987,1522.7082687410987,Forecast
2027-02-01,,,7.505078193071749,,-0.12706574446776903,,,,0.0,0.0,0.0,,0.0012264137477177087,,-0.12583933072005132,,7.379238862351698,,1664.1734319928476,,0.0012264137477177087,0.0012264137477177087,-0.12583933072005132,-0.12583933072005132,7.379238862351698,7.379238862351698,1664.1734319928476,1664.1734319928476,Forecast
2027-03-01,,,7.505524324540475,,-0.08850278169821403,,,,0.0,0.0,0.0,,0.0012264137477177087,,-0.08727636795049633,,7.418247956589979,,1730.413930563846,,0.0012264137477177087,0.0012264137477177087,-0.08727636795049633,-0.08727636795049633,7.418247956589979,7.418247956589979,1730.413930563846,1730.413930563846,Forecast
