,DataOriginal,DataLog,Linear,DataLinear,MonthlyAverage,DataSeasons,DataNormalised,Purpose,ModelledNormalised,ResidualsNormalised,ModelledSeasons,ResidualsSeasons,ModelledLinear,ResidualsLinear,ModelledLog,ResidualsLog,ModelledOriginal,ResidualsOriginal
2010-04-01,1352.265,7.210275650024414,6.694638419491238,0.5156372305331764,0.033965222807247564,0.4816720077259289,1.3333505519769924,Train,1.3333505519769924,0.0,0.4816720077259289,0.0,0.5156372305331764,0.0,7.210275650024414,0.0,1395.413238516441,-43.14822386800347
2010-05-01,1183.2319,7.076849937438965,6.6956833548445305,0.38116658259443437,0.07161684267150838,0.309549739922926,0.8568866572487552,Train,0.8568866572487552,0.0,0.309549739922926,0.0,0.38116658259443437,0.0,7.076849937438965,0.0,1220.9907169050748,-37.758783311324805
2010-06-01,777.5524,6.657436370849609,6.696728290197823,-0.039291919348213966,0.06782702827681618,-0.10711894762503014,-0.2965235796394816,Train,-0.2965235796394816,0.0,-0.10711894762503014,0.0,-0.039291919348213966,0.0,6.657436370849609,0.0,802.3761028588442,-24.823673659625456
2010-07-01,709.93915,6.566586971282959,6.697773225551116,-0.13118625426815722,0.04193124758660912,-0.17311750185476635,-0.4792188729104448,Train,-0.4792188729104448,0.0,-0.17311750185476635,0.0,-0.13118625426815722,0.0,6.566586971282959,0.0,732.6070836491944,-22.6679356999756
2010-08-01,1115.6187,7.018060207366943,6.69881816090441,0.3192420464625334,0.10303845952640682,0.21620358693612657,0.5984885302795474,Train,0.5984885302795474,0.0,0.21620358693612654,2.7755575615628914e-17,0.31924204646253335,5.551115123125783e-17,7.018060207366943,0.0,1151.2211726664957,-35.602520322745704
2010-09-01,777.5524,6.657436370849609,6.699863096257703,-0.042426725408093446,0.053501739668632045,-0.09592846507672549,-0.2655464087776846,Train,-0.2655464087776846,0.0,-0.09592846507672549,0.0,-0.042426725408093446,0.0,6.657436370849609,0.0,802.3761028588442,-24.823673659625456
2010-10-01,1217.0386,7.104997158050537,6.700908031610996,0.4040891264395414,0.14189990892305746,0.26218921751648394,0.7257846258255808,Train,0.7257846258255808,0.0,0.26218921751648394,0.0,0.4040891264395414,0.0,7.104997158050537,0.0,1255.8750039549457,-38.83642973619567
2010-11-01,845.16565,6.740715026855469,6.7019529669642885,0.0387620598911802,-0.021217378430880767,0.05997943832206097,0.1660333503114736,Train,0.1660333503114736,0.0,0.05997943832206097,0.0,0.0387620598911802,0.0,6.740715026855469,0.0,872.1449969457256,-26.979347531663052
2010-12-01,642.32587,6.466651439666748,6.702997902317581,-0.23634646265083337,0.011381783407773087,-0.24772824605860647,-0.6857541819421662,Train,-0.6857541819421662,0.0,-0.2477282460586065,2.7755575615628914e-17,-0.2363464626508334,2.7755575615628914e-17,6.466651439666748,0.0,662.837934601286,-20.5120679020672
2011-01-01,709.93915,6.566586971282959,6.704042837670874,-0.1374558663879153,-0.15490466587897414,0.017448799491058847,0.048301263223868234,Train,0.048301263223868234,0.0,0.017448799491058847,0.0,-0.1374558663879153,0.0,6.566586971282959,0.0,732.6070836491944,-22.6679356999756
2011-02-01,912.77893,6.817588806152344,6.705087773024168,0.11250103312817572,-0.12974280131640845,0.24224383444458417,0.6705723919781819,Train,0.6705723919781819,0.0,0.24224383444458417,0.0,0.11250103312817572,0.0,6.817588806152344,0.0,941.9143126741258,-29.135382010063267
2011-03-01,743.7458,6.613042831420898,6.706132708377461,-0.09308987695656246,-0.04089936833561257,-0.052190508620949885,-0.14447225988124926,Train,-0.14447225988124926,0.0,-0.052190508620949885,0.0,-0.09308987695656246,0.0,6.613042831420898,0.0,767.4914497667304,-23.745661192511648
2011-04-01,676.1325,6.517867088317871,6.707177643730754,-0.18931055541288266,0.033965222807247564,-0.22327577822013023,-0.6180655661067542,Train,-0.6180655661067542,0.0,-0.2232757782201302,-2.7755575615628914e-17,-0.18931055541288264,-2.7755575615628914e-17,6.517867088317871,0.0,697.7225183337123,-21.590011009493537
2011-05-01,946.5855,6.853917121887207,6.708222579084047,0.1456945428031604,0.07161684267150838,0.07407770013165203,0.2050597518133653,Train,0.2050597518133653,0.0,0.07407770013165203,0.0,0.1456945428031604,0.0,6.853917121887207,0.0,976.7986089491624,-30.21309869525612
2011-06-01,878.9723,6.779890537261963,6.7092675144373395,0.0706230228246234,0.06782702827681618,0.0027959945478072262,0.007739791422059731,Train,0.007739791422059731,0.0,0.0027959945478072262,0.0,0.0706230228246234,0.0,6.779890537261963,0.0,907.0297504569721,-28.057460417909624
2011-07-01,1014.1988,6.922839641571045,6.710312449790632,0.21252719178041257,0.04193124758660912,0.17059594419380344,0.47223876975900786,Train,0.47223876975900786,0.0,0.17059594419380344,0.0,0.21252719178041257,0.0,6.922839641571045,0.0,1046.5676658646044,-32.3688743606981
2011-08-01,743.7458,6.613042831420898,6.711357385143926,-0.09831455372302766,0.10303845952640682,-0.2013530132494345,-0.5573796007492422,Train,-0.5573796007492422,0.0,-0.2013530132494345,0.0,-0.09831455372302768,1.3877787807814457e-17,6.613042831420898,0.0,767.4914497667304,-23.745661192511648
2011-09-01,1419.8783,7.259030342102051,6.712402320497219,0.5466280216048318,0.053501739668632045,0.4931262819361998,1.3650579433050982,Train,1.3650579433050982,0.0,0.49312628193619973,5.551115123125783e-17,0.5466280216048318,0.0,7.259030342102051,0.0,1465.181890981201,-45.30359508276342
2011-10-01,1555.1049,7.349941253662109,6.713447255850512,0.6364939978115975,0.14189990892305746,0.49459408888854006,1.3691210841534496,Train,1.3691210841534496,0.0,0.49459408888854006,0.0,0.6364939978115975,0.0,7.349941253662109,0.0,1604.7205237542219,-49.61566535578436
2011-11-01,845.16565,6.740715026855469,6.714492191203805,0.026222835651664056,-0.021217378430880767,0.047440214082544827,0.13132263162126617,Train,0.13132263162126617,0.0,0.047440214082544827,0.0,0.02622283565166406,-3.469446951953614e-18,6.740715026855469,0.0,872.1449969457256,-26.979347531663052
2011-12-01,845.16565,6.740715026855469,6.715537126557098,0.025177900298371192,0.011381783407773087,0.013796116890598105,0.038190012656257315,Train,0.038190012656257315,0.0,0.013796116890598103,1.734723475976807e-18,0.025177900298371192,0.0,6.740715026855469,0.0,872.1449969457256,-26.979347531663052
2012-01-01,507.0994,6.230677127838135,6.71658206191039,-0.48590493407225566,-0.15490466587897414,-0.33100026819328154,-0.916265390599917,Train,-0.916265390599917,0.0,-0.33100026819328154,0.0,-0.48590493407225566,0.0,6.230677127838135,0.0,523.2998395027122,-16.200443750759064
2012-02-01,811.359,6.699942588806152,6.717626997263683,-0.017684408457530942,-0.12974280131640845,0.1120583928588775,0.3101968093961876,Train,0.3101968093961876,0.0,0.1120583928588775,0.0,-0.017684408457530942,0.0,6.699942588806152,0.0,837.260737282461,-25.901728493398537
2012-03-01,1183.2319,7.076849937438965,6.718671932616977,0.3581780048219878,-0.04089936833561257,0.3990773731576004,1.1047144680327468,Train,1.1047144680327468,0.0,0.3990773731576004,0.0,0.3581780048219878,0.0,7.076849937438965,0.0,1220.9907169050748,-37.758783311324805
2012-04-01,777.5524,6.657436370849609,6.71971686797027,-0.06228049712066053,0.033965222807247564,-0.09624571992790809,-0.2664246245015728,Train,0.19177179038524628,-0.45819641488681906,0.06927743282747108,-0.16552315275537915,0.10324265563471864,-0.16552315275537915,6.822959523604989,-0.16552315275537932,946.9920624036313,-169.43963320441253
2012-05-01,676.1325,6.517867088317871,6.720761803323563,-0.20289471500569167,0.07161684267150838,-0.27451155767720004,-0.7598949722675682,Train,0.21185287833213806,-0.9717478505997063,0.0765317126073524,-0.35104327028455246,0.14814855527886078,-0.35104327028455246,6.868910358602424,-0.35104327028455273,991.5694294549515,-315.4369221307328
2012-06-01,946.5855,6.853917121887207,6.721806738676856,0.1321103832103514,0.06782702827681618,0.06428335493353522,0.17794732807544075,Train,0.1285269558429718,0.04942037223246895,0.046430278051029956,0.017853076882505266,0.11425730632784614,0.01785307688250526,6.836064045004702,0.01785307688250537,959.496800021895,-12.911289767988706
2012-07-01,709.93915,6.566586971282959,6.7228516740301485,-0.1562647027471895,0.04193124758660912,-0.19819595033379864,-0.5486403102908597,Train,0.10593439638614655,-0.6545747066770062,0.03826873084418242,-0.23646468117798106,0.08019997843079155,-0.23646468117798106,6.80305165246094,-0.23646468117798136,928.3061738442723,-218.36702589505353
2012-08-01,743.7458,6.613042831420898,6.723896609383441,-0.11085377796254292,0.10303845952640682,-0.21389223748894975,-0.5920903194394471,Train,-0.005718503147363663,-0.5863718162920835,-0.002065805491356811,-0.21182643199759293,0.10097265403505001,-0.21182643199759293,6.824869263418491,-0.21182643199759266,948.804210402921,-205.0584218287022
2012-09-01,743.7458,6.613042831420898,6.724941544736735,-0.11189871331583667,0.053501739668632045,-0.1654004529844687,-0.4578567609217832,Train,-0.09520380198955536,-0.3626529589322278,-0.03439231069388136,-0.13100814229058735,0.019109428974750688,-0.13100814229058735,6.744050973711486,-0.13100814229058777,875.0626260752489,-131.31683750103014
2012-10-01,845.16565,6.740715026855469,6.725986480090028,0.014728546765440775,0.14189990892305746,-0.12717136215761668,-0.35203209488770215,Train,-0.21157865226268768,-0.14045344262501447,-0.07643264862058081,-0.050738713537035865,0.06546726030247664,-0.050738713537035865,6.791453740392504,-0.05073871353703563,917.5904228400852,-72.42477342602274
2012-11-01,709.93915,6.566586971282959,6.727031415443321,-0.16044444416036185,-0.021217378430880767,-0.1392270657294811,-0.3854043456188735,Train,-0.26466992497444153,-0.12073442064443196,-0.09561183588073395,-0.04361522984874715,-0.11682921431161472,-0.043615229848747133,6.610202201131706,-0.043615229848747106,765.3115472918716,-55.3723993426529
2012-12-01,439.48615,6.087879180908203,6.728076350796614,-0.6401971698884106,0.011381783407773087,-0.6515789532961836,-1.8036820556290132,Train,-0.3412177860736847,-1.4624642695553285,-0.12326470022921943,-0.5283142530669642,-0.11188291682144634,-0.5283142530669642,6.616193433975168,-0.5283142530669647,769.9164790370432,-330.430334017512
2013-01-01,642.32587,6.466651439666748,6.729121286149907,-0.2624698464831585,-0.15490466587897414,-0.10756518060418438,-0.29775882889524524,Train,-0.7852923274040222,0.487533498508777,-0.2836863354739061,0.1761211548697217,-0.4385910013528802,0.17612115486972169,6.290530284797026,0.17612115486972169,555.638986368625,86.6868803305938
2013-02-01,777.5524,6.657436370849609,6.730166221503199,-0.07272985065359006,-0.12974280131640845,0.05701295066281839,0.15782160477832932,Train,-0.850306510925293,1.0081281157036224,-0.3071726664023481,0.3641856170651665,-0.43691546771875656,0.3641856170651665,6.293250753784443,0.36418561706516606,557.1553671664733,220.39706203274545
2013-03-01,980.39215,6.888972282409668,6.731211156856493,0.15776112555317479,-0.04089936833561257,0.19866049388878737,0.5499262463542525,Train,-0.7332224249839783,1.2831486713382307,-0.2648761175581688,0.4635366114469562,-0.3057754858937814,0.4635366114469562,6.425435670962711,0.46353661144695657,636.0335204675815,344.3586304113247
2013-04-01,709.93915,6.566586971282959,6.732256092209786,-0.16566912092682706,0.033965222807247564,-0.19963434373407463,-0.5526220293931856,Train,-0.5054608583450317,-0.04716117104815387,-0.18259740178974623,-0.017036941944328393,-0.14863217898249867,-0.017036941944328393,6.583623913227288,-0.01703694194432881,745.2125795928379,-35.27343164361912
2013-05-01,405.6795,6.008025169372559,6.733301027563079,-0.7252758581905203,0.07161684267150838,-0.7968927008620287,-2.2059353782613944,Train,-0.4675298035144806,-1.7384055747469138,-0.16889483324293458,-0.627997867619094,-0.0972779905714262,-0.6279978676190942,6.636023036991653,-0.6279978676190945,785.3560208517542,-379.676516457223
2013-06-01,608.5193,6.412670612335205,6.734345962916372,-0.3216753505811667,0.06782702827681618,-0.3895023788579829,-1.0782092451221477,Train,-0.7716548442840576,-0.30655440083809005,-0.27875980368901115,-0.11074257516897174,-0.21093277541219496,-0.11074257516897174,6.523413187504177,-0.11074257516897212,701.608468696442,-93.08918158706695
2013-07-01,574.71265,6.3556084632873535,6.735390898269665,-0.3797824349823111,0.04193124758660912,-0.4217136825689202,-1.1673756465197451,Train,-0.839896559715271,-0.32747908680447413,-0.3034120783917716,-0.11830160417714863,-0.2614808308051625,-0.11830160417714863,6.4739100674645025,-0.11830160417714897,667.674017516046,-92.96137103167098
2013-08-01,811.359,6.699942588806152,6.7364358336229575,-0.03649324481680516,0.10303845952640682,-0.139531704343212,-0.3862476374383199,Train,-0.9133325815200806,0.5270849440817607,-0.32994079284700667,0.19040908850379468,-0.22690233332059984,0.19040908850379468,6.509533500302358,0.19040908850379434,691.9238481520547,119.43516063700781
2013-09-01,473.29276,6.161824703216553,6.737480768976251,-0.5756560657596985,0.053501739668632045,-0.6291578054283306,-1.7416164811176331,Train,-0.6348377466201782,-1.106778734497455,-0.22933471737147654,-0.399823088056854,-0.1758329777028445,-0.399823088056854,6.561647791273407,-0.39982308805685385,728.992599847928,-255.69984472097485
2013-10-01,439.48615,6.087879180908203,6.738525704329544,-0.650646523421341,0.14189990892305746,-0.7925464323443985,-2.1939041631729728,Train,-0.7465968728065491,-1.4473072903664237,-0.26970762801531867,-0.5228388043290798,-0.1278077190922612,-0.5228388043290798,6.610717985237283,-0.5228388043290799,765.7069005575854,-326.22075553805416
2013-11-01,507.0994,6.230677127838135,6.739570639682837,-0.5088935118447022,-0.021217378430880767,-0.48767613341382143,-1.3499709994426585,Train,-0.930979311466217,-0.4189916879764415,-0.33631566240426586,-0.15136047100955557,-0.35753304083514664,-0.15136047100955557,6.38203759884769,-0.1513604710095553,608.9788012234105,-101.8794054714574
2013-12-01,540.906,6.295092582702637,6.74061557503613,-0.44552299233349313,0.011381783407773087,-0.4569047757412662,-1.2647906151153874,Train,-0.8935129642486572,-0.37127765086673015,-0.3227809691762315,-0.1341238065650347,-0.31139918576845843,-0.1341238065650347,6.429216389267672,-0.13412380656503498,638.4465233270731,-97.54051746769812
2014-01-01,540.906,6.295092582702637,6.741660510389423,-0.446567927686786,-0.15490466587897414,-0.2916632618078119,-0.8073738246880517,Train,-0.8211463093757629,0.013772484687711195,-0.2966385628200388,0.004975301012226929,-0.451543228699013,0.004975301012226985,6.29011728169041,0.004975301012226652,555.4091402048481,-14.503134345473086
2014-02-01,777.5524,6.657436370849609,6.742705445742716,-0.0852690748931062,-0.12974280131640845,0.044473726423302246,0.1231108860881219,Train,-0.5964060425758362,0.7195169286639581,-0.21545128962629767,0.25992501604959994,-0.34519409094270614,0.25992501604959994,6.3975113548000095,0.25992501604959983,618.4908682370092,159.06156096220957
2014-03-01,743.7458,6.613042831420898,6.743750381096008,-0.13070754967511,-0.04089936833561257,-0.08980818133949743,-0.24860441595186908,Train,-0.358047217130661,0.10944280117879193,-0.12934432110167454,0.03953613976217711,-0.17024368943728713,0.039536139762177125,6.5735066916587215,0.03953613976217696,737.7010435969894,6.044744977229357
2014-04-01,473.29276,6.161824703216553,6.744795316449302,-0.5829706132327495,0.033965222807247564,-0.616935836039997,-1.707783978151314,Train,-0.272136926651001,-1.435647051500313,-0.09830928531284949,-0.5186265507271475,-0.06434406250560193,-0.5186265507271475,6.6804512539437,-0.5186265507271477,821.0801197320238,-347.7873646050707
2014-05-01,878.9723,6.779890537261963,6.745840251802595,0.034050285459367835,0.07161684267150838,-0.03756655721214054,-0.10399065960084539,Train,-0.3948638439178467,0.29087318431700127,-0.1426443032526445,0.10507774604050395,-0.07102746058113611,0.10507774604050395,6.674812791221459,0.10507774604050368,816.4578949890811,62.51439504998143
2014-06-01,574.71265,6.3556084632873535,6.746885187155888,-0.3912767238685344,0.06782702827681618,-0.4591037521453506,-1.270877758140395,Train,-0.19513025879859924,-1.0757474993417957,-0.07049067732731042,-0.3886130748180402,-0.002663649050494238,-0.3886130748180402,6.744221538105394,-0.3886130748180401,875.2120639101149,-300.4994174257399
2014-07-01,709.93915,6.566586971282959,6.747930122509181,-0.1813431512262218,0.04193124758660912,-0.22327439881283093,-0.6180617476712745,Train,-0.3083306550979614,-0.3097310925733131,-0.11138424584913562,-0.11189015296369531,-0.06945299826252649,-0.11189015296369531,6.678477124246655,-0.11189015296369575,819.458827801124,-109.51967985190527
2014-08-01,608.5193,6.412670612335205,6.748975057862474,-0.33630444552726857,0.10303845952640682,-0.4393429050536754,-1.216176351468222,Train,-0.27133801579475403,-0.944838335673468,-0.09802067929281076,-0.34132222576086463,0.005017780233596059,-0.34132222576086463,6.75399283809607,-0.341322225760865,883.8157610394454,-275.2964739300704
2014-09-01,676.1325,6.517867088317871,6.7500199932157665,-0.23215290489789542,0.053501739668632045,-0.28565464456652745,-0.7907409438339007,Train,-0.35636040568351746,-0.43438053815038324,-0.12873496157863237,-0.15691968298789508,-0.07523322191000033,-0.1569196829878951,6.674786771305766,-0.15691968298789494,816.4366250802926,-140.30411775607388
2014-10-01,777.5524,6.657436370849609,6.75106492856906,-0.09362855771945089,0.14189990892305746,-0.23552846664250834,-0.6519831046166438,Train,-0.3588523268699646,-0.29313077774667917,-0.1296351664641301,-0.10589330017837825,0.012264742458927363,-0.10589330017837825,6.7633296710279875,-0.10589330017837817,892.1158258375428,-114.5633966383241
2014-11-01,1048.0054,6.955597877502441,6.752109863922353,0.20348801358008828,-0.021217378430880767,0.22470539201096904,0.6220229817475931,Train,-0.3437216579914093,0.9657446397390024,-0.12416922230851113,0.3488746143194802,-0.14538660073939189,0.3488746143194802,6.606723263182961,0.3488746143194801,762.6502289343134,285.3551421594366
2014-12-01,912.77893,6.817588806152344,6.753154799275646,0.06443400687669776,0.011381783407773087,0.05305222346892467,0.1468576340565485,Train,-0.05992744490504265,0.20678507896159115,-0.021648749957389284,0.07470097342631396,-0.010266966549616197,0.07470097342631396,6.74288783272603,0.07470097342631377,874.0442341105661,38.734696553496406
2015-01-01,507.0994,6.230677127838135,6.754199734628939,-0.5235226067908041,-0.15490466587897414,-0.36861794091183,-1.0203975466705393,Train,0.15173682570457458,-1.1721343723751139,0.05481482823456538,-0.4234327691463954,-0.10008983764440876,-0.4234327691463953,6.65410989698453,-0.4234327691463955,799.7081331747538,-292.6087374228007
2015-02-01,1217.0386,7.104997158050537,6.755244669982232,0.3497524880683054,-0.12974280131640845,0.47949528938471386,1.3273250230793094,Train,0.08421927690505981,1.2431057461742496,0.030424158250009933,0.4490711311347039,-0.09931864306639851,0.44907113113470387,6.655926026915833,0.449071131134704,801.1636444804112,415.8749297383388
2015-03-01,676.1325,6.517867088317871,6.756289605335525,-0.2384225170176535,-0.04089936833561257,-0.1975231486820409,-0.5467778801737816,Train,0.2781613767147064,-0.824939256888488,0.10048561392600153,-0.29800876260804243,0.059586245590388956,-0.29800876260804243,6.815875850925914,-0.29800876260804277,940.3005252415636,-264.16801791734486
2015-04-01,1048.0054,6.955597877502441,6.757334540688818,0.19826333681362307,0.033965222807247564,0.1642981140063755,0.454805297973281,Train,0.26286885142326355,0.19193644655001746,0.09496119924795073,0.06933691475842478,0.12892642205519828,0.0693369147584248,6.886260962744017,0.0693369147584244,1008.9413798182758,39.06399127547422
2015-05-01,946.5855,6.853917121887207,6.758379476042111,0.09553764584509583,0.07161684267150838,0.023920803173587454,0.06621687705253564,Train,0.3241300880908966,-0.25791321103836096,0.11709178060010911,-0.09317097742652165,0.18870862327161747,-0.09317097742652164,6.947088099313729,-0.0931709774265217,1072.2800490939414,-125.6945388400352
2015-06-01,980.39215,6.888972282409668,6.759424411395404,0.1295478710142639,0.06782702827681618,0.061720842737447726,0.17085385576171405,Train,0.3437521755695343,-0.17289831980782025,0.12418024676348631,-0.062459404026038584,0.1920072750403025,-0.062459404026038584,6.951431686435707,-0.06245940402603889,1076.9520738211902,-96.55992294228395
2015-07-01,811.359,6.699942588806152,6.760469346748697,-0.060526757942544585,0.04193124758660912,-0.10245800552915371,-0.28362129423242555,Train,0.34651026129722595,-0.6301315555296515,0.12517660341400683,-0.22763460894316054,0.16710785100061595,-0.22763460894316054,6.927577197749313,-0.2276346089431609,1051.5423511531892,-240.1833423641267
2015-08-01,1183.2319,7.076849937438965,6.76151428210199,0.31533565533697505,0.10303845952640682,0.21229719581056822,0.587674971094134,Train,0.296421617269516,0.29125335382461803,0.10708211378611134,0.10521508202445688,0.21012057331251816,0.1052150820244569,6.971634855414508,0.10521508202445684,1098.9516035408585,84.28033005289149
2015-09-01,878.9723,6.779890537261963,6.762559217455283,0.017331319806680234,0.053501739668632045,-0.03617041986195181,-0.10012591247697047,Train,0.30875733494758606,-0.4088832474245565,0.11153838366347121,-0.14770880352542304,0.16504012333210327,-0.14770880352542304,6.927599340787386,-0.14770880352542282,1051.5656578965836,-172.59336785752112
2015-10-01,1081.812,6.987316608428955,6.7636041528085755,0.22371245562037956,0.14189990892305746,0.0818125466973221,0.2264711308687614,Train,0.2813758850097656,-0.054904754141004236,0.10164685292803072,-0.019834306230708615,0.24354676185108817,-0.019834306230708615,7.007150914659664,-0.019834306230708698,1138.7195704365433,-56.907558717793336
2015-11-01,980.39215,6.888972282409668,6.764649088161869,0.1243231942477987,-0.021217378430880767,0.14554057267867945,0.4028812133641424,Train,0.27424904704093933,0.12863216632320307,0.09907228741103892,0.04646828526764053,0.07785490898015815,0.04646828526764055,6.842503997142027,0.046468285267640574,965.7023136005588,14.689837278347454
2015-12-01,1115.6187,7.018060207366943,6.765694023515162,0.2523661838517812,0.011381783407773087,0.24098440044400812,0.6670860631217993,Train,0.2825736999511719,0.3845123631706274,0.10207956278580653,0.1389048376582016,0.11346134619357962,0.1389048376582016,6.879155369708742,0.1389048376582016,1001.7905827971845,113.82806954656553
2016-01-01,1352.265,7.210275650024414,6.766738958868455,0.44353669115595906,-0.15490466587897414,0.5984413570349332,1.6565880950723868,Train,0.3027711510658264,1.3538169440065604,0.10937587868331539,0.4890654783516178,-0.045528787195658754,0.48906547835161784,6.721210171672796,0.48906547835161795,855.2794449909983,496.9855696574392
2016-02-01,912.77893,6.817588806152344,6.767783894221748,0.049804911930595885,-0.12974280131640845,0.17954771324700433,0.49701879852714725,Train,0.36251023411750793,0.13450856440963932,0.13095658304537874,0.04859113020162559,0.001213781728970298,0.04859113020162559,6.768997675950718,0.04859113020162553,897.1923841227306,15.586546541331927
2016-03-01,845.16565,6.740715026855469,6.768828829575041,-0.02811380271957198,-0.04089936833561257,0.012785565616040592,0.035392633779926616,Train,0.3866938650608063,-0.35130123128087964,0.1396929037776046,-0.12690733816156402,0.09879353544199203,-0.12690733816156402,6.8676223650170325,-0.12690733816156374,990.2918293437525,-145.12617992969
2016-04-01,1081.812,6.987316608428955,6.769873764928334,0.21744284350062149,0.033965222807247564,0.18347762069337392,0.50789745491321,Train,0.3674560785293579,0.14044137638385212,0.13274326607800177,0.05073435461537215,0.16670848888524933,0.05073435461537215,6.936582253813583,0.05073435461537201,1061.0633582979658,20.748653420784194
2016-05-01,1622.718,7.3924736976623535,6.770918700281627,0.6215549973807262,0.07161684267150838,0.5499381547092178,1.5223229300714707,Train,0.3354019224643707,1.1869210076071,0.12116372333517995,0.42877443137403787,0.19278056600668833,0.4287744313740378,6.963699266288316,0.4287744313740376,1090.257382066627,532.4606355114979
2016-06-01,878.9723,6.779890537261963,6.77196363563492,0.007926901627042682,0.06782702827681618,-0.0599001266497735,-0.16581380202897736,Train,0.3406479060649872,-0.5064617080939645,0.12305883145184111,-0.1829589581016146,0.1908858597286573,-0.1829589581016146,6.962849495363577,-0.18295895810161422,1089.3304571646343,-210.35816712557175
2016-07-01,1453.6849,7.2825446128845215,6.773008570988213,0.5095360418963084,0.04193124758660912,0.4676047943096993,1.2944100977416275,Train,0.2944159209728241,0.9999941767688034,0.10635755732143398,0.36124723698826533,0.1482888049080431,0.36124723698826533,6.921297375896256,0.3612472369882651,1044.953283434822,408.73165308861553
2016-08-01,1183.2319,7.076849937438965,6.774053506341506,0.3027964310974589,0.10303845952640682,0.19975797157105207,0.5529642524039265,Train,0.2902912199497223,0.26267303245420426,0.10486751179655619,0.09489045977449588,0.207905971322963,0.0948904597744959,6.981959477664469,0.09489045977449617,1110.367016851112,72.86491674263789
2016-09-01,1183.2319,7.076849937438965,6.775098441694799,0.30175149574416604,0.053501739668632045,0.248249756075534,0.687197810921593,Train,0.2543346881866455,0.43286312273494754,0.09187823840592188,0.15637151766961213,0.14537997807455394,0.1563715176696121,6.920478419769353,0.1563715176696121,1044.0970442439195,139.13488934983047
2016-10-01,1318.4584,7.184976577758789,6.776143377048092,0.4088332007106974,0.14189990892305746,0.2669332917876399,0.7389170353212658,Train,0.21765679121017456,0.5212602441110913,0.07862837230759788,0.18830491948004202,0.22052828123065532,0.18830491948004208,6.996671658278747,0.1883049194800419,1126.8385178795995,191.61985614383798
2016-11-01,507.0994,6.230677127838135,6.777188312401385,-0.5465111845632507,-0.021217378430880767,-0.5252938061323699,-1.4541031555132808,Train,0.17833617329597473,-1.6324393288092556,0.06442382501305896,-0.5897176311454289,0.04320644658217819,-0.5897176311454289,6.820394758983563,-0.5897176311454286,944.5638011909068,-437.4644054389537
2016-12-01,1183.2319,7.076849937438965,6.778233247754678,0.29861668968428656,0.011381783407773087,0.2872349062765135,0.7951153786972132,Train,0.08240891993045807,0.7127064587667551,0.02977016798663611,0.25746473828987737,0.0411519513944092,0.25746473828987737,6.819385199149088,0.2574647382898769,943.6096796587161,239.62225393503388
2017-01-01,709.93915,6.566586971282959,6.779278183107971,-0.21269121182501216,-0.15490466587897414,-0.05778654594603802,-0.15996304891737628,Train,0.08517543971538544,-0.24513848863276172,0.03076957143477183,-0.08855611738080985,-0.12413509444420232,-0.08855611738080985,6.655143088663769,-0.0885561173808096,800.5358456746513,-90.59669772543259
2017-02-01,540.906,6.295092582702637,6.780323118461264,-0.4852305357586273,-0.12974280131640845,-0.3554877344422188,-0.9840508880252034,Train,0.004329163581132889,-0.9883800516063362,0.0015639074891493545,-0.3570516419313682,-0.12817889382725908,-0.3570516419313682,6.652144224634005,-0.35705164193136785,798.1357492386353,-257.2297433792603
2017-03-01,676.1325,6.517867088317871,6.781368053814557,-0.2635009654966858,-0.04089936833561257,-0.2226015971610732,-0.6161993175541964,Train,-0.08412018418312073,-0.5320791333710757,-0.030388361069548547,-0.19221323609152466,-0.07128772940516112,-0.19221323609152466,6.710080324409396,-0.19221323609152474,845.8020245079084,-169.66951718368966
2017-04-01,1622.718,7.3924736976623535,6.78241298916785,0.6100607084945038,0.033965222807247564,0.5760954856872562,1.5947308988518722,Train,-0.23747694492340088,1.8322078437752731,-0.08578838976762064,0.6618838754548768,-0.05182316696037308,0.6618838754548768,6.7305898222074765,0.661883875454877,863.3488317986685,759.3691857794565
2017-05-01,1149.4253,7.047886848449707,6.7834579245211435,0.26442892392856354,0.07161684267150838,0.19281208125705518,0.5337368392771727,Train,-0.05365681275725365,0.5873936520344264,-0.019383488228687948,0.21219556948574314,0.05223335444282043,0.2121955694857431,6.835691278963964,0.21219556948574336,959.1388261570046,190.2864668117454
2017-06-01,1487.4916,7.305518627166748,6.784502859874436,0.5210157672923117,0.06782702827681618,0.4531887390154955,1.2545039894863297,Train,0.05984512344002724,1.1946588660463024,0.021619011382433027,0.43156972763306245,0.0894460396592492,0.4315697276330625,6.873948899533685,0.4315697276330628,996.5831514672694,490.90842568116807
2017-07-01,743.7458,6.613042831420898,6.785547795227729,-0.17250496380683078,0.04193124758660912,-0.2144362113934399,-0.5935961323041751,Train,0.22921082377433777,-0.8228069560785128,0.08280225895298121,-0.29723847034642115,0.12473350653959034,-0.29723847034642115,6.91028130176732,-0.2972384703464215,1033.4942173729773,-289.7484287987586
2017-08-01,1487.4916,7.305518627166748,6.786592730581022,0.518925896585726,0.10303845952640682,0.41588743705931913,1.151247601830463,Train,0.19931577146053314,0.9519318303699298,0.07200269101661871,0.3438847460427004,0.17504115054302555,0.3438847460427004,6.9616338811240475,0.3438847460427006,1088.0058412092383,399.48573593919923
2017-09-01,1217.0386,7.104997158050537,6.787637665934315,0.31735949211622216,0.053501739668632045,0.26385775244759013,0.7304034160722609,Train,0.3274206817150116,0.4029827343572493,0.11828050537709106,0.14557724707049907,0.1717822450457231,0.14557724707049907,6.959419910980038,0.14557724707049946,1085.597481791819,131.44109242693094
2017-10-01,1859.3644,7.528527736663818,6.788682601287608,0.7398451353762105,0.14189990892305746,0.5979452264531531,1.65521472071295,Train,0.40433964133262634,1.2508750793803236,0.1460674288206458,0.45187779763250724,0.28796733774370326,0.4518777976325073,7.076649939031311,0.45187779763250724,1220.746345145322,638.6180347374905
2017-11-01,1115.6187,7.018060207366943,6.789727536640901,0.22833267072604269,-0.021217378430880767,0.24955004915692344,0.6907972447063957,Train,0.4974382817745209,0.19335896293187482,0.179699251293522,0.06985079786340145,0.15848187286264123,0.06985079786340145,6.948209409503542,0.06985079786340176,1073.4842039388932,42.13444840485681
2017-12-01,1419.8783,7.259030342102051,6.790772471994194,0.46825787010785636,0.011381783407773087,0.4568760867000833,1.2647111989394764,Train,0.5450364947319031,0.7196747042075733,0.19689407433938536,0.25998201236069796,0.20827585774715845,0.2599820123606979,6.999048329741353,0.2599820123606982,1129.5222073603231,290.35608853811436
2018-01-01,1521.2982,7.327976226806641,6.791817407347487,0.5361588194591533,-0.15490466587897414,0.6910634853381274,1.9129819978059208,Train,0.586969792842865,1.3260122049630558,0.212042450632273,0.47902103470585444,0.057137784753298865,0.47902103470585444,6.848955192100786,0.47902103470585455,971.9588580881274,549.3393596853101
2018-02-01,642.32587,6.466651439666748,6.79286234270078,-0.3262109030340321,-0.12974280131640845,-0.19646810171762366,-0.5438573296128119,Train,0.6264083981513977,-1.1702657277642095,0.22628962079521694,-0.4227577225128406,0.0965468194788085,-0.4227577225128406,6.8894091621795885,-0.4227577225128405,1012.1258868015443,-369.80002010232556
2018-03-01,811.359,6.699942588806152,6.793907278054073,-0.09396468924792067,-0.04089936833561257,-0.0530653209123081,-0.1468938900213641,Train,0.5730196833610535,-0.7199135733824176,0.20700298278029838,-0.2600683036926065,0.1661036144446858,-0.2600683036926065,6.960010892498759,-0.2600683036926066,1086.239830611292,-274.88082182222956
2018-04-01,1453.6849,7.2825446128845215,6.794952213407366,0.4875923994771556,0.033965222807247564,0.45362717666990804,1.2557176599490965,Train,0.5021386742591858,0.7535789856899107,0.18139726497929387,0.27222991169061417,0.21536248778654143,0.27222991169061417,7.0103147011939075,0.27222991169061395,1142.3311099238151,311.3538265996224
2018-05-01,1115.6187,7.018060207366943,6.795997148760659,0.2220630586062846,0.07161684267150838,0.15044621593477625,0.4164608734614771,Train,0.5019524097442627,-0.08549153628278561,0.18132997704609577,-0.03088376111131952,0.25294681971760413,-0.03088376111131952,7.048943968478262,-0.030883761111319075,1187.3612950517618,-71.74264270801177
2018-06-01,1318.4584,7.184976577758789,6.7970420841139525,0.38793449364483656,0.06782702827681618,0.32010746536802037,0.886112248157181,Train,0.4894268810749054,0.39668536708227564,0.17680513807328965,0.14330232729473072,0.24463216635010582,0.14330232729473075,7.041674250464058,0.14330232729473114,1178.753569316126,139.7048047073115
2018-07-01,1521.2982,7.327976226806641,6.798087019467245,0.5298892073393953,0.04193124758660912,0.48795795975278616,1.3507511429814005,Train,0.4829085171222687,0.8678426258591319,0.17445038339343483,0.31350757635935134,0.21638163098004395,0.31350757635935134,7.01446865044729,0.3135075763593509,1147.0903272644384,374.20789050899907
2018-08-01,1183.2319,7.076849937438965,6.799131954820538,0.2777179826184266,0.10303845952640682,0.17467952309201978,0.48354281502351176,Train,0.49763181805610657,-0.014089003032594805,0.17976916614763216,-0.005089643055612381,0.282807625674039,-0.005089643055612381,7.081939580494577,-0.005089643055612214,1227.2260678664722,-43.99413427272225
2018-09-01,1115.6187,7.018060207366943,6.800176890173831,0.21788331719311227,0.053501739668632045,0.16438157752448024,0.455036339275557,Validate,0.4830315411090851,-0.027995201833528105,0.1744948257275535,-0.010113248203073272,0.22799656539618557,-0.0101132482030733,7.028173455570017,-0.010113248203073688,1162.9329938262301,-47.31434148248013
2018-10-01,878.9723,6.779890537261963,6.801221825527124,-0.021331288265161064,0.14189990892305746,-0.16323119718821852,-0.4518518896257222,Validate,0.4528883993625641,-0.9047402889882863,0.1636056356472058,-0.3268368328354243,0.30550554457026324,-0.3268368328354243,7.106727370097387,-0.32683683283542386,1258.0515466253662,-379.0792565863037
2018-11-01,1318.4584,7.184976577758789,6.802266760880417,0.38270981687837224,-0.021217378430880767,0.40392719530925303,1.118139605759612,Validate,0.3755887746810913,0.7425508310785207,0.13568119720033273,0.2682459981089203,0.11446381876945196,0.2682459981089203,6.916730579649869,0.26824599810892025,1040.1875183279847,278.27085569545284
2018-12-01,1284.6517,7.159020900726318,6.803311696233711,0.3557092044926078,0.011381783407773087,0.3443274210848347,0.9531572306471077,Validate,0.31097331643104553,0.6421839142160621,0.11233890551321192,0.2319885155716228,0.123720688920985,0.23198851557162278,6.927032385154695,0.23198851557162303,1050.96906900376,233.68266439467743
2019-01-01,980.39215,6.888972282409668,6.804356631587003,0.08461565082266453,-0.15490466587897414,0.23952031670163867,0.663033228755847,Validate,0.29880067706108093,0.3642325516947661,0.10794154756712565,0.13157876913451302,-0.04696311831184849,0.13157876913451302,6.757393513275155,0.13157876913451272,886.8298541070878,93.56229677181841
2019-02-01,1048.0054,6.955597877502441,6.805401566940296,0.1501963105621451,-0.12974280131640845,0.2799391118785536,0.7749193711825609,Validate,0.27891144156455994,0.496007929618001,0.10075657435843838,0.1791825375201152,-0.028986226957970068,0.17918253752011518,6.776415339982326,0.17918253752011548,903.8796447281017,144.12572636564835
2019-03-01,878.9723,6.779890537261963,6.806446502293589,-0.026555965031626272,-0.04089936833561257,0.014343403303986299,0.039704995112526335,Validate,0.22911998629570007,-0.18941499118317373,0.08276944397371915,-0.06842604066973285,0.041870075638106574,-0.06842604066973285,6.848316577931696,-0.06842604066973301,971.3377111331439,-92.3654210940814
2019-04-01,912.77893,6.817588806152344,6.807491437646882,0.010097368505461723,0.033965222807247564,-0.02386785430178584,-0.06607030551358205,Validate,0.1734464168548584,-0.23951672236844046,0.06265740372288055,-0.08652525802466639,0.09662262653012811,-0.08652525802466639,6.90411406417701,-0.08652525802466648,1027.1338787678178,-114.3549481037553
2019-05-01,1217.0386,7.104997158050537,6.808536373000175,0.2964607850503622,0.07161684267150838,0.22484394237885386,0.6224065128777662,Validate,0.14204680919647217,0.480359703681294,0.051314316160351585,0.17352962621850226,0.12293115883185995,0.17352962621850226,6.931467531832035,0.1735296262185022,1055.6450678302012,161.39350638854876
2019-06-01,1690.3313,7.433271408081055,6.809581308353468,0.6236900997275869,0.06782702827681618,0.5558630714507707,1.5387241136176453,Validate,0.11352372169494629,1.425200391922699,0.04101036960778782,0.5148527018429829,0.108837397884604,0.5148527018429829,6.9184187062380715,0.5148527018429832,1041.9466590693455,648.3846397587795
2019-07-01,743.7458,6.613042831420898,6.8106262437067615,-0.19758341228586307,0.04193124758660912,-0.2395146598724722,-0.6630175696845899,Validate,0.10987323522567749,-0.7728908049102674,0.039691633777797795,-0.27920629365027,0.08162288136440692,-0.27920629365027,6.892249125071168,-0.2792062936502697,1015.0072162222895,-271.2614276480707
2019-08-01,1352.265,7.210275650024414,6.811671179060054,0.3986044709643597,0.10303845952640682,0.29556601143795286,0.8181773035909349,Validate,0.048385139554739,0.7697921640361959,0.017479099760280097,0.27808691167767274,0.12051755928668692,0.27808691167767274,6.932188738346741,0.27808691167767297,1056.4074020039955,295.85761264444204
2019-09-01,1386.0717,7.234950065612793,6.812716114413347,0.42223395119944573,0.053501739668632045,0.3687322115308137,1.020713867300455,Validate,0.04365761950612068,0.9770562477943343,0.015771286259917246,0.35296092527089645,0.0692730259285493,0.35296092527089645,6.881989140341896,0.35296092527089673,1004.636291440397,381.43536383304047
2019-10-01,946.5855,6.853917121887207,6.81376104976664,0.04015607212056693,0.14189990892305746,-0.10174383680249052,-0.2816443529723412,Validate,0.06121600791811943,-0.3428603608904606,0.022114242496219204,-0.12385807929870973,0.16401415141927667,-0.12385807929870973,6.977775201185917,-0.12385807929871007,1105.7264654291732,-159.14095517526698
2019-11-01,980.39215,6.888972282409668,6.814805985119933,0.074166297289735,-0.021217378430880767,0.09538367572061578,0.2640383386033152,Validate,0.051765214651823044,0.21227312395149217,0.01870014966037042,0.07668352606024535,-0.0025172287705103463,0.07668352606024535,6.812288756349423,0.0766835260602452,936.9300399714093,43.462110907496935
2019-12-01,912.77893,6.817588806152344,6.815850920473226,0.0017378856791179231,0.011381783407773087,-0.009643897728655164,-0.026695959394486154,Validate,0.04691222682595253,-0.07360818622043869,0.01694701100820532,-0.026590908736860486,0.02832879441597841,-0.026590908736860486,6.844179714889204,-0.02659090873686054,967.3235918466781,-54.54466118261564
2020-01-01,912.77893,6.817588806152344,6.81689585582652,0.0006929503258241709,-0.15490466587897414,0.1555976162047983,0.4307208310328471,Validate,0.02695005014538765,0.40377078088745944,0.00973568784487766,0.14586192835992065,-0.14516897803409648,0.14586192835992065,6.671726877792423,0.1458619283599205,813.9391789618506,98.83975170221186
2020-02-01,912.77893,6.817588806152344,6.817940791179812,-0.0003519850274686931,-0.12974280131640845,0.12939081628893975,0.35817592376631757,Validate,0.00990203395485878,0.3482738898114588,0.0035771032370558783,0.12581371305188388,-0.12616569807935257,0.12581371305188388,6.69177509310046,0.12581371305188416,830.4421296891637,82.33680097489878
2020-03-01,1149.4253,7.047886848449707,6.818985726533105,0.22890112191660172,-0.04089936833561257,0.2698004902522143,0.7468539313709593,Validate,-0.030482087284326553,0.7773360186552859,-0.01101163393238835,0.28081212418460266,-0.051911002268000925,0.28081212418460266,6.767074724265105,0.2808121241846022,895.4668631421268,253.95842982662316
2020-04-01,405.6795,6.008025169372559,6.820030661886398,-0.8120054925138396,0.033965222807247564,-0.8459707153210871,-2.3417917216222373,Validate,-0.043523069471120834,-2.2982686521511164,-0.015722680148492266,-0.8302480351725948,0.018242542658755297,-0.8302480351725948,6.838273204545153,-0.8302480351725947,961.621036215639,-555.9415318211078
2020-05-01,439.48615,6.087879180908203,6.821075597239691,-0.7331964163314879,0.07161684267150838,-0.8048132590029963,-2.2278608387403724,Validate,-0.23721091449260712,-1.9906499242477653,-0.08569228644990975,-0.7191209725530865,-0.014075443778401378,-0.7191209725530865,6.807000153461289,-0.7191209725530863,931.9827939937526,-492.49664897422133
2020-06-01,405.6795,6.008025169372559,6.822120532592984,-0.8140953632204253,0.06782702827681618,-0.8819223914972415,-2.441312114140561,Validate,-0.5562496185302734,-1.8850624956102875,-0.20094480791791217,-0.6809775835793294,-0.133117779641096,-0.6809775835793292,6.689002752951888,-0.6809775835793292,828.1402815191699,-422.46077712463864
2020-07-01,845.16565,6.740715026855469,6.823165467946278,-0.0824504410908089,0.04193124758660912,-0.12438168867741803,-0.3443098012625868,Validate,-0.9621292948722839,0.6178194936096971,-0.34756857337024,0.22318688469282197,-0.3056373257836309,0.223186884692822,6.5175281421626465,0.22318688469282222,697.4857291542122,147.6799202598503
2020-08-01,845.16565,6.740715026855469,6.8242104032995705,-0.08349537644410177,0.10303845952640682,-0.1865338359705086,-0.516357581848896,Validate,-1.1191216707229614,0.6027640888740654,-0.4042819656297156,0.21774812965920698,-0.30124350610330874,0.21774812965920698,6.5229668971962615,0.2177481296592072,701.2949713072298,143.87067810683266
2020-09-01,1048.0054,6.955597877502441,6.825255338652863,0.13034253884957803,0.053501739668632045,0.07684079918094598,0.2127084828657197,Validate,-1.4137240648269653,1.626432547692685,-0.5107068862468329,0.5875476854277789,-0.4572051465782009,0.5875476854277789,6.368050192074662,0.5875476854277792,600.5061727948727,447.49919829887733
2020-10-01,709.93915,6.566586971282959,6.826300274006156,-0.25971330272319726,0.14189990892305746,-0.40161321164625474,-1.1117341029592913,Validate,-1.3706778287887573,0.258943725829466,-0.49515646186156914,0.0935432502153144,-0.35325655293851166,0.0935432502153144,6.473043721067644,0.09354325021531462,667.094965056522,42.84418289269672
2020-11-01,540.906,6.295092582702637,6.827345209359449,-0.5322526266568124,-0.021217378430880767,-0.5110352482259316,-1.414633026981828,Validate,-1.6483553647994995,0.2337223378176716,-0.5954672886522953,0.08443204042636365,-0.616684667083176,0.08443204042636365,6.210660542276273,0.0844320404263641,512.9094835472886,27.996522312086427
2020-12-01,507.0994,6.230677127838135,6.828390144712742,-0.5977130168746072,0.011381783407773087,-0.6090948002823803,-1.6860786492391169,Validate,-1.6305255889892578,-0.055553060249859065,-0.5890262938973236,-0.02006850638505664,-0.5776445104895506,-0.02006850638505664,6.2507456342231915,-0.02006850638505675,533.9280435677969,-26.828647815843738
2021-01-01,202.83975,5.317334175109863,6.829435080066036,-1.5121009049561724,-0.15490466587897414,-1.3571962390771983,-3.756951463835848,Validate,-1.429480791091919,-2.327470672743929,-0.5163989932204827,-0.8407972458567157,-0.6713036590994568,-0.8407972458567157,6.158131420966579,-0.8407972458567157,486.6110340167068,-283.7712818194412
2021-02-01,270.453,5.60378885269165,6.830480015419329,-1.2266911627276782,-0.12974280131640845,-1.0969483614112698,-3.0365407989625215,Validate,-1.2596997022628784,-1.776841096699643,-0.4550656868301094,-0.6418826745811604,-0.5848084881465179,-0.6418826745811603,6.245671527272811,-0.6418826745811606,531.2206361103415,-260.767633180654
2021-03-01,338.06625,5.82619571685791,6.8315249507726215,-1.0053292339147113,-0.04089936833561257,-0.9644298655790987,-2.669706922941383,Validate,-1.0584691762924194,-1.6112377466489636,-0.38237129200931796,-0.5820585735697807,-0.42327066034493055,-0.5820585735697807,6.408254290427691,-0.582058573569781,625.1818950403338,-287.1156413782244
2021-04-01,912.77893,6.817588806152344,6.832569886125914,-0.014981079973570566,0.033965222807247564,-0.04894630278081813,-0.13549174289399687,Validate,-0.8948814272880554,0.7593896843940585,-0.32327532554688615,0.274329022766068,-0.2893101027396386,0.274329022766068,6.543259783386276,0.27432902276606796,715.6921493179578,197.08678134610466
2021-05-01,811.359,6.699942588806152,6.833614821479207,-0.13367223267305484,0.07161684267150838,-0.2052890753445632,-0.5682752942563927,Validate,-0.5576862096786499,-0.010589084577742769,-0.2014637755230133,-0.003825299821549888,-0.12984693285150495,-0.003825299821549888,6.703767888627702,-0.003825299821549777,840.47347685962,-29.11446807055745
2021-06-01,1014.1988,6.922839641571045,6.8346597568325,0.08817988473854488,0.06782702827681618,0.0203528564617287,0.05634018992649389,Validate,-0.42922118306159973,0.4855613729880936,-0.15505586936401305,0.17540872582574174,-0.08722884108719688,0.17540872582574174,6.747430915745303,0.17540872582574174,878.0286766852607,136.17011481864552
2021-07-01,1217.0386,7.104997158050537,6.835704692185793,0.2692924658647442,0.04193124758660912,0.22736121827813507,0.6293747633800764,Test,-0.21765950322151184,0.8470342666015882,-0.07862935201990524,0.30599057029804033,-0.03669810443329612,0.30599057029804033,6.799006587752497,0.30599057029804033,924.5546629047238,292.48391131402616
2021-08-01,676.1325,6.517867088317871,6.836749627539087,-0.31888253922121557,0.10303845952640682,-0.4219209987476224,-1.1679495331830192,Test,0.037138406187295914,-1.205087939370315,0.01341622474708703,-0.43533722349470944,0.11645468427349386,-0.43533722349470944,6.953204311812581,-0.4353372234947095,1078.8645735943269,-402.73206627010813
2021-09-01,1115.6187,7.018060207366943,6.8377945628923795,0.18026564447456384,0.053501739668632045,0.1267639048059318,0.3509041832049347,Test,-0.020526867359876633,0.37143105056481135,-0.007415317298887076,0.1341792221048189,0.04608642236974497,0.13417922210481886,6.883880985262125,0.13417922210481859,1006.5406001103255,109.0780522334245
2021-10-01,1250.8452,7.132373809814453,6.838839498245672,0.29353431156878074,0.14189990892305746,0.15163440264572328,0.41974997762672145,Test,0.17243051528930664,0.2473194623374148,0.062290409952183344,0.08934399269353993,0.2041903188752408,0.08934399269353993,7.043029817120913,0.08934399269354021,1180.3538883424958,70.4913265012542
2021-11-01,878.9723,6.779890537261963,6.839884433598965,-0.05999389633700236,-0.021217378430880767,-0.03877651790612159,-0.10734003787758359,Test,0.3190113604068756,-0.4263513982844592,0.11524264359940892,-0.15401916150553052,0.09402526516852815,-0.15401916150553052,6.9339096987674935,-0.15401916150553063,1058.2287250543784,-179.2564350153159
2021-12-01,1352.265,7.210275650024414,6.840929368952258,0.36934628107215595,0.011381783407773087,0.3579644976643829,0.9909069925038091,Test,0.3720407783985138,0.6188662141052953,0.13439948588270562,0.22356501178167726,0.14578126929047872,0.22356501178167723,6.986710638242736,0.22356501178167765,1115.6598636355423,236.60515101289525
2022-01-01,1318.4584,7.184976577758789,6.841974304305551,0.3430022734532381,-0.15490466587897414,0.4979069393322122,1.3782916211513165,Test,0.4476453363895416,0.9306462847617749,0.1617115826053372,0.336195356726875,0.006806916726363049,0.33619535672687506,6.848781221031914,0.33619535672687473,971.7896061185176,346.66876790491995
2022-02-01,1081.812,6.987316608428955,6.843019239658845,0.14429736877011035,-0.12974280131640845,0.2740401700865188,0.7585900907420726,Test,0.5126141905784607,0.24597590016361193,0.18518153834235612,0.0888586317441627,0.055438737025947676,0.08885863174416267,6.898457976684792,0.08885863174416286,1021.335078316413,60.476933402336954
2022-03-01,1183.2319,7.076849937438965,6.844064175012138,0.23278576242682725,-0.04089936833561257,0.27368513076243983,0.757607281130675,Test,0.5455052256584167,0.21210205547225824,0.19706340307751977,0.07662172768492007,0.1561640347419072,0.07662172768492004,7.000228209754045,0.0766217276849197,1130.856875135774,52.37505845797591
2022-04-01,845.16565,6.740715026855469,6.8451091103654305,-0.10439408350996171,0.033965222807247564,-0.13835930631720927,-0.38300223905511777,Test,0.5585963129997253,-0.9415985520548431,0.20179254974765395,-0.3401518560648632,0.23575777255490152,-0.3401518560648632,7.080866882920332,-0.3401518560648631,1225.9092591378803,-380.7436097238178
2022-05-01,1284.6517,7.159020900726318,6.846154045718723,0.31286685500759503,0.07161684267150838,0.24125001233608667,0.667821322296578,Test,0.5116989612579346,0.1561223610386434,0.18485091235379383,0.05639909998229284,0.2564677550253022,0.05639909998229281,7.102621800744026,0.05639909998229253,1252.8930197719978,31.758713626439658
2022-06-01,1318.4584,7.184976577758789,6.847198981072016,0.3377775966867729,0.06782702827681618,0.2699505684099567,0.7472693733963538,Test,0.4838493764400482,0.2634199969563056,0.17479026820160518,0.0951603002083515,0.24261729647842134,0.09516030020835153,7.089816277550438,0.09516030020835142,1236.9386337729866,81.51974025045092
2022-07-01,946.5855,6.853917121887207,6.848243916425309,0.005673205461897979,0.04193124758660912,-0.03625804212471114,-0.1003684658961887,Test,0.4758913815021515,-0.5762598473983402,0.1719154477775794,-0.20817348990229054,0.21384669536418852,-0.20817348990229054,7.062090611789498,-0.20817348990229068,1203.0874033910231,-256.5018931371169
2022-08-01,1115.6187,7.018060207366943,6.849288851778603,0.16877135558834055,0.10303845952640682,0.06573289606193373,0.18195990599706088,Test,0.4240510165691376,-0.2420911105720767,0.15318815012768086,-0.08745525406574713,0.25622660965408767,-0.08745525406574711,7.105515461432691,-0.08745525406574739,1256.5266153720534,-140.90796302830336
2022-09-01,405.6795,6.008025169372559,6.850333787131896,-0.8423086177593371,0.053501739668632045,-0.8958103574279691,-2.479756380659179,Test,0.36673057079315186,-2.8464869514523308,0.13248117688667777,-1.0282915343146468,0.1859829165553098,-1.0282915343146468,7.036316703687206,-1.028291534314647,1172.4498856015803,-766.770381207049
2022-10-01,980.39215,6.888972282409668,6.8513787224851885,0.037593559924479436,0.14189990892305746,-0.10430634899857802,-0.2887378252860679,Test,0.13634327054023743,-0.4250810958263053,0.049253916581547916,-0.15356026558012592,0.19115382550460536,-0.15356026558012592,7.042532547989794,-0.1535602655801256,1179.7665835572675,-199.37443267836125
2022-11-01,1250.8452,7.132373809814453,6.852423657838481,0.27995015197597173,-0.021217378430880767,0.3011675304068525,0.8336832667552749,Test,0.024743322283029556,0.8089399444722454,0.008938508859658243,0.29222902154719427,-0.012278869571222524,0.29222902154719427,6.840144788267259,0.2922290215471941,963.4243490766843,287.4208657670657
2022-12-01,777.5524,6.657436370849609,6.853468593191774,-0.19603222234216489,0.011381783407773087,-0.20741400574993799,-0.5741574652845487,Test,0.1024654358625412,-0.6766229011470899,0.03701557114236995,-0.24442957689230793,0.04839735455014304,-0.24442957689230793,6.901865947741917,-0.2444295768923075,1024.8251102600786,-247.2726810608599
2023-01-01,709.93915,6.566586971282959,6.854513528545067,-0.28792655726210814,-0.15490466587897414,-0.133021891383134,-0.36822736105861836,Test,0.0148884616792202,-0.38311582273783856,0.005378446964564115,-0.1384003383476981,-0.14952621891441004,-0.1384003383476981,6.704987309630657,-0.13840033834769816,841.5002131754175,-131.5610652261987
2023-02-01,777.5524,6.657436370849609,6.85555846389836,-0.1981220930487506,-0.12974280131640845,-0.06837929173234217,-0.18928558212374244,Test,-0.04019947722554207,-0.14908610489820037,-0.014522034641264938,-0.05385725709107723,-0.1442648359576734,-0.05385725709107722,6.7112936279406865,-0.05385725709107714,846.8300759376464,-69.27764673842762
2023-03-01,1014.1988,6.922839641571045,6.856603399251654,0.06623624231939118,-0.04089936833561257,0.10713561065500375,0.2965697057582025,Test,-0.07647593319416046,0.373045638952363,-0.027626880440201684,0.13476249109520544,-0.06852624877581426,0.13476249109520544,6.788077150475839,0.13476249109520566,914.4939503816175,99.70484112228871
2023-04-01,1555.1049,7.349941253662109,6.857648334604947,0.49229291905716277,0.033965222807247564,0.4583276962499152,1.2687295026056191,Test,-0.05915540084242821,1.3278849034480473,-0.02136984954883506,0.4796975457987503,0.012595373258412503,0.4796975457987503,6.870243707863359,0.47969754579875,992.8937538674298,562.2111045310077
2023-05-01,1453.6849,7.2825446128845215,6.8586932699582395,0.423851342926282,0.07161684267150838,0.35223450025477365,0.9750453790274528,Test,0.11547496914863586,0.8595704098788169,0.0417152564638327,0.310519243790941,0.11333209913534108,0.3105192437909409,6.972025369093581,0.31051924379094054,1099.3812335711013,354.30370295233615
2023-06-01,1183.2319,7.076849937438965,6.859738205311532,0.2171117321274325,0.06782702827681618,0.14928470385061632,0.41324560922834397,Test,0.2542083263397217,0.1590372828886223,0.09183259027204027,0.05745211357857605,0.15965961854885646,0.05745211357857605,7.0193978238603885,0.05745211357857638,1152.7634339582683,30.46849963548175
2023-07-01,1453.6849,7.2825446128845215,6.860783140664825,0.4217614722196963,0.04193124758660912,0.3798302246330872,1.051435066910178,Test,0.3611864149570465,0.6902486519531315,0.13047835424655307,0.2493518703865341,0.1724096018331622,0.24935187038653409,7.033192742497987,0.24935187038653428,1168.789793670649,284.89514285278847
2023-08-01,1081.812,6.987316608428955,6.861828076018118,0.12548853241083702,0.10303845952640682,0.022450072884430197,0.06214564390756759,Test,0.45945659279823303,-0.3973109488906654,0.16597839119494978,-0.1435283183105196,0.2690168507213566,-0.1435283183105196,7.130844926739474,-0.14352831831051915,1288.7859229238954,-206.97391120514544
2023-09-01,1453.6849,7.2825446128845215,6.862873011371412,0.41967160151310967,0.053501739668632045,0.36616986184447764,1.0136208448415327,Test,0.4614419639110565,0.5521788809304762,0.16669560520035656,0.19947425664412108,0.22019734486898862,0.19947425664412105,7.0830703562404,0.19947425664412144,1228.6157016484196,225.06923487501786
2023-10-01,1183.2319,7.076849937438965,6.863917946724705,0.21293199071426017,0.14189990892305746,0.07103208179120271,0.19662895901201158,Test,0.49117597937583923,-0.2945470203638276,0.17743699868119328,-0.10640491688999057,0.3193369076042507,-0.10640491688999054,7.183254854328956,-0.10640491688999099,1358.1862580059908,-174.9543244122408
2023-11-01,1115.6187,7.018060207366943,6.8649628820779975,0.15309732528894582,-0.021217378430880767,0.17431470371982657,0.48253293256515123,Test,0.47588035464286804,0.006652577922283187,0.17191146433193408,0.0024032393878924974,0.15069408590105332,0.0024032393878924974,7.015656967979051,0.002403239387892775,1148.4554340579004,-32.83678171415045
2023-12-01,1487.4916,7.305518627166748,6.86600781743129,0.43951080973545764,0.011381783407773087,0.42812902632768457,1.1851344159825072,Test,0.4457997977733612,0.739334618209146,0.1610448829971409,0.26708414333054364,0.172426666404914,0.26708414333054364,7.0384344838362045,0.26708414333054353,1174.9376277908725,312.553949357565
2024-01-01,1284.6517,7.159020900726318,6.867052752784583,0.2919681479417351,-0.15490466587897414,0.4468728138207092,1.2370204276234087,Test,0.4347060024738312,0.8023144251495775,0.15703725676013816,0.28983555706057107,0.0021325908811640204,0.28983555706057107,6.869185343665747,0.28983555706057107,991.8424087532578,292.8093246451797
2024-02-01,777.5524,6.657436370849609,6.868097688137876,-0.21066131728826676,-0.12974280131640845,-0.08091851597185831,-0.22399630081394986,Test,0.4370215833187103,-0.6610178841326602,0.15787375881351856,-0.23879227478537687,0.028130957497110115,-0.23879227478537687,6.896228645634986,-0.2387922747853768,1019.0584935564326,-241.50606435721386
2024-03-01,1250.8452,7.132373809814453,6.86914262349117,0.26323118632328324,-0.04089936833561257,0.3041305546588958,0.8418854249845552,Test,0.3887363374233246,0.4531490875612306,0.1404307455718126,0.16369980908708323,0.09953137723620002,0.1636998090870832,6.96867400072737,0.16369980908708293,1095.6996233759967,155.14559146775332
2024-04-01,878.9723,6.779890537261963,6.870187558844463,-0.09029702158249986,0.033965222807247564,-0.12426224438974742,-0.34397915903231063,Test,0.359557181596756,-0.7035363406290667,0.12988979476942109,-0.2541520391591685,0.16385501757666865,-0.2541520391591685,7.034042576421132,-0.25415203915916873,1169.7843432613918,-290.81205322232927
2024-05-01,1250.8452,7.132373809814453,6.871232494197756,0.2611413156166975,0.07161684267150838,0.18952447294518915,0.5246361768201487,Forecast,0.2856898605823517,0.23894631623779705,0.1032052737591071,0.08631919918608205,0.17482211643061546,0.08631919918608205,7.046054610628371,0.08631919918608233,1183.9326496923932,66.91256515135683
2024-06-01,,,6.8722774295510485,,0.06782702827681618,,,Forecast,0.23659950494766235,,0.08547141515494559,,0.15329844343176177,,7.02557587298281,,1159.9135051322353,
2024-07-01,,,6.873322364904341,,0.04193124758660912,,,Forecast,0.18593665957450867,,0.06716949566962159,,0.1091007432562307,,6.982423108160572,,1110.8823999569179,
2024-08-01,,,6.874367300257634,,0.10303845952640682,,,Forecast,0.1391703188419342,,0.050275185916455696,,0.15331364544286252,,7.027680945700497,,1162.3598864814069,
2024-09-01,,,6.875412235610927,,0.053501739668632045,,,Forecast,0.09522399306297302,,0.03439960470584002,,0.08790134437447206,,6.9633135799854,,1089.836580195383,
2024-10-01,,,6.876457170964221,,0.14189990892305746,,,Forecast,0.003488011658191681,,0.001260041911619966,,0.14315995083467742,,7.019617121798898,,1153.016479646048,
2024-11-01,,,6.877502106317514,,-0.021217378430880767,,,Forecast,-0.044107746332883835,,-0.015933894279283836,,-0.03715127271016461,,6.840350833607349,,963.6230846932518,
2024-12-01,,,6.8785470416708065,,0.011381783407773087,,,Forecast,-0.06947652250528336,,-0.025098347944069385,,-0.013716564536296298,,6.86483047713451,,987.5281134849528,
2025-01-01,,,6.879591977024099,,-0.15490466587897414,,,Forecast,-0.1393156349658966,,-0.050327681270419554,,-0.2052323471493937,,6.674359629874706,,816.0875385904139,
2025-02-01,,,6.880636912377392,,-0.12974280131640845,,,Forecast,-0.20915362238883972,,-0.0755566081776532,,-0.20529940949406164,,6.67533750288333,,816.8869372315609,
2025-03-01,,,6.881681847730685,,-0.04089936833561257,,,Forecast,-0.28703758120536804,,-0.10369213694552075,,-0.14459150528113332,,6.737090342449552,,868.9858508038964,
2025-04-01,,,6.882726783083979,,0.033965222807247564,,,Forecast,-0.3786969482898712,,-0.13680402286705776,,-0.10283880005981019,,6.779887983024168,,907.0274311360271,
2025-05-01,,,6.883771718437272,,0.07161684267150838,,,Forecast,-0.5079435110092163,,-0.18349425842768802,,-0.11187741575617964,,6.771894302681092,,899.7978839500464,
2025-06-01,,,6.884816653790565,,0.06782702827681618,,,Forecast,-0.6685923337936401,,-0.24152853973101596,,-0.17370151145419976,,6.711115142336364,,846.6787639780852,
2025-07-01,,,6.8858615891438575,,0.04193124758660912,,,Forecast,-0.8766430020332336,,-0.31668670644951247,,-0.27475545886290337,,6.611106130280954,,766.0045518031764,
2025-08-01,,,6.88690652449715,,0.10303845952640682,,,Forecast,-1.1546242237091064,,-0.4171072394865248,,-0.31406877996011795,,6.572837744537033,,737.2070569039962,
2025-09-01,,,6.887951459850443,,0.053501739668632045,,,Forecast,-1.5447193384170532,,-0.5580288424564657,,-0.5045271027878336,,6.3834243570626095,,609.8252811327626,
2025-10-01,,,6.888996395203737,,0.14189990892305746,,,Forecast,-1.935437560081482,,-0.6991755424035756,,-0.5572756334805181,,6.3317207617232185,,579.0459748294,
2025-11-01,,,6.89004133055703,,-0.021217378430880767,,,Forecast,-2.1639320850372314,,-0.7817190388806501,,-0.8029364173115309,,6.087104913245499,,453.1790569561632,
2025-12-01,,,6.891086265910323,,0.011381783407773087,,,Forecast,-2.0718235969543457,,-0.7484449082945858,,-0.7370631248868127,,6.15402314102351,,484.6119006970713,
2026-01-01,,,6.892131201263616,,-0.15490466587897414,,,Forecast,-1.69889235496521,,-0.6137237430269159,,-0.76862840890589,,6.123502792357725,,470.0147443979806,
2026-02-01,,,6.893176136616908,,-0.12974280131640845,,,Forecast,-1.3042267560958862,,-0.47115105566733284,,-0.6008938569837413,,6.292282279633167,,556.6150697952263,
2026-03-01,,,6.894221071970201,,-0.04089936833561257,,,Forecast,-0.9596412777900696,,-0.34666977883982214,,-0.3875691471754347,,6.506651924794767,,689.9300098400658,
2026-04-01,,,6.895266007323494,,0.033965222807247564,,,Forecast,-0.7406888604164124,,-0.26757336243496743,,-0.23360813962771987,,6.661657867695775,,805.774721124252,
2026-05-01,,,6.896310942676788,,0.07161684267150838,,,Forecast,-0.5608134865760803,,-0.20259350224016714,,-0.13097665956865878,,6.765334283108129,,893.9079722900561,
2026-06-01,,,6.897355878030081,,0.06782702827681618,,,Forecast,-0.4298623204231262,,-0.15528747981311564,,-0.08746045153629946,,6.809895426493782,,934.6879481071721,
2026-07-01,,,6.898400813383374,,0.04193124758660912,,,Forecast,-0.3185661733150482,,-0.11508182005603075,,-0.07315057246942164,,6.825250240913952,,949.166133370054,
2026-08-01,,,6.8994457487366665,,0.10303845952640682,,,Forecast,-0.21031035482883453,,-0.07597447700888282,,0.027063982517523996,,6.926509731254191,,1050.419396923276,
2026-09-01,,,6.900490684089959,,0.053501739668632045,,,Forecast,-0.09585730731487274,,-0.034628389061748296,,0.01887335060688375,,6.9193640346968435,,1042.9330523865249,
2026-10-01,,,6.901535619443252,,0.14189990892305746,,,Forecast,0.02834387496113777,,0.010239206140516518,,0.15213911506357397,,7.053674734506826,,1192.9964731409145,
2026-11-01,,,6.902580554796546,,-0.021217378430880767,,,Forecast,0.15541572868824005,,0.05614382951164411,,0.03492645108076334,,6.937507005877309,,1062.0459578408136,
2026-12-01,,,6.903625490149839,,0.011381783407773087,,,Forecast,0.2703452408313751,,0.09766203999189944,,0.10904382339967253,,7.0126693135495115,,1145.0263833986396,
2027-01-01,,,6.904670425503132,,-0.15490466587897414,,,Forecast,0.3571206033229828,,0.1290095824746352,,-0.025895083404338937,,6.878775342098793,,1001.4095670915544,
2027-02-01,,,6.905715360856425,,-0.12974280131640845,,,Forecast,0.410849004983902,,0.1484189321475685,,0.018676130831160043,,6.924391491687585,,1048.1945959182533,
2027-03-01,,,6.906760296209717,,-0.04089936833561257,,,Forecast,0.0,,-5.2554936076930486e-18,,-0.04089936833561258,,6.865860927874105,,988.5472680146927,
