,DataOriginal,DataLog,Linear,DataLinear,MonthlyAverage,DataSeasons,DataNormalised,Purpose,ModelledNormalised,ResidualsNormalised,ModelledSeasons,ResidualsSeasons,ModelledLinear,ResidualsLinear,ModelledLog,ResidualsLog,ModelledOriginal,ResidualsOriginal
2010-04-01,142.75517,4.968111515045166,4.875744557775332,0.09236695726983424,0.07810664148834985,0.014260315781484387,0.02456393920794059,Train,0.02456393920794059,0.0,0.014260315781484387,0.0,0.09236695726983424,0.0,4.968111515045166,0.0,145.38672287021822,-2.631550140726034
2010-05-01,214.13277,5.371255397796631,4.8855210887120855,0.4857343090845454,0.22893977970714138,0.256794529377404,0.4423383959525236,Train,0.4423383959525236,0.0,0.256794529377404,0.0,0.4857343090845454,0.0,5.371255397796631,0.0,218.07098054667972,-3.938213823046908
2010-06-01,142.75517,4.968111515045166,4.895297619648838,0.07281389539632777,-0.007449954914100745,0.08026385031042851,0.13825755122341202,Train,0.13825755122341202,0.0,0.0802638503104285,1.3877787807814457e-17,0.07281389539632775,1.3877787807814457e-17,4.968111515045166,0.0,145.38672287021822,-2.631550140726034
2010-07-01,190.34024,5.254053115844727,4.905074150585592,0.34897896525913463,-0.22285228481800365,0.5718312500771383,0.9850011934752098,Train,0.9850011934752098,0.0,0.5718312500771383,0.0,0.34897896525913463,0.0,5.254053115844727,0.0,193.84288336079695,-3.5026428822813216
2010-08-01,118.96265,4.787180423736572,4.914850681522345,-0.12767025778577246,-0.01913546858678809,-0.10853478919898436,-0.18695532446007188,Train,-0.18695532446007188,0.0,-0.10853478919898436,0.0,-0.12767025778577246,0.0,4.787180423736572,0.0,121.15867511093457,-2.196028626559567
2010-09-01,118.96265,4.787180423736572,4.924627212459098,-0.13744678872252614,-0.6007685217667236,0.46332173304419744,0.7980894012874843,Train,0.7980894012874843,0.0,0.46332173304419744,0.0,-0.13744678872252614,0.0,4.787180423736572,0.0,121.15867511093457,-2.196028626559567
2010-10-01,95.17012,4.5661187171936035,4.934403743395851,-0.3682850262022477,0.18306593734397814,-0.5513509635462258,-0.9497231168172066,Train,-0.9497231168172066,0.0,-0.5513509635462258,0.0,-0.3682850262022477,0.0,4.5661187171936035,0.0,96.93060433309383,-1.7604840938360127
2010-11-01,118.96265,4.787180423736572,4.944180274332605,-0.1569998505960326,0.17466150532995428,-0.3316613559259869,-0.5712993673791601,Train,-0.5712993673791601,0.0,-0.3316613559259869,0.0,-0.1569998505960326,0.0,4.787180423736572,0.0,121.15867511093457,-2.196028626559567
2010-12-01,142.75517,4.968111515045166,4.953956805269358,0.01415470977580835,0.5013967055409672,-0.4872419957651588,-0.8392929684678528,Train,-0.8392929684678528,0.0,-0.4872419957651588,0.0,0.01415470977580835,0.0,4.968111515045166,0.0,145.38672287021822,-2.631550140726034
2011-01-01,166.5477,5.121268272399902,4.963733336206111,0.157534936193791,0.23852234240130255,-0.08098740620751155,-0.13950390392287826,Train,-0.13950390392287826,0.0,-0.08098740620751155,0.0,0.157534936193791,0.0,5.121268272399902,0.0,169.614847782312,-3.0671488077026368
2011-02-01,214.13277,5.371255397796631,4.973509867142864,0.3977455306537667,-0.0010445780732619703,0.3987901087270287,0.6869312108934991,Train,0.6869312108934991,0.0,0.3987901087270287,0.0,0.3977455306537667,0.0,5.371255397796631,0.0,218.07098054667972,-3.938213823046908
2011-03-01,166.5477,5.121268272399902,4.983286398079618,0.13798187432028453,-0.08494180936935969,0.22292368368964421,0.38399456912956226,Train,0.38399456912956226,0.0,0.22292368368964421,0.0,0.13798187432028453,0.0,5.121268272399902,0.0,169.614847782312,-3.0671488077026368
2011-04-01,166.5477,5.121268272399902,4.993062929016371,0.12820534338353173,0.07810664148834985,0.05009870189518188,0.08629692964778703,Train,0.08629692964778703,0.0,0.05009870189518188,0.0,0.12820534338353173,0.0,5.121268272399902,0.0,169.614847782312,-3.0671488077026368
2011-05-01,261.71783,5.571080684661865,5.002839459953124,0.5682412247087409,0.22893977970714138,0.33930144500159953,0.5844597129474028,Train,0.5844597129474028,0.0,0.33930144500159953,0.0,0.5682412247087409,0.0,5.571080684661865,0.0,266.5271552813053,-4.8093208086490336
2011-06-01,166.5477,5.121268272399902,5.012615990889877,0.10865228151002526,-0.007449954914100745,0.11610223642412601,0.19999054166325847,Train,0.19999054166325847,0.0,0.11610223642412601,0.0,0.10865228151002526,0.0,5.121268272399902,0.0,169.614847782312,-3.0671488077026368
2011-07-01,47.58506,3.8833160400390625,5.022392521826631,-1.1390764817875683,-0.22285228481800365,-0.9162241969695646,-1.5782312131142617,Train,-1.5782312131142617,0.0,-0.9162241969695646,0.0,-1.1390764817875683,0.0,3.8833160400390625,0.0,48.474452816582165,-0.8893926969532586
2011-08-01,237.9253,5.476150989532471,5.0321690527633836,0.44398193676908715,-0.01913546858678809,0.46311740535587526,0.7977374390314337,Train,0.7977374390314337,0.0,0.46311740535587526,0.0,0.44398193676908715,0.0,5.476150989532471,0.0,242.2990587556709,-4.373765786920899
2011-09-01,214.13277,5.371255397796631,5.041945583700137,0.3293098140964936,-0.6007685217667236,0.9300783358632172,1.6020954971018513,Train,1.6020954971018513,0.0,0.9300783358632172,0.0,0.3293098140964936,0.0,5.371255397796631,0.0,218.07098054667972,-3.938213823046908
2011-10-01,214.13277,5.371255397796631,5.05172211463689,0.31953328315974083,0.18306593734397814,0.1364673458157627,0.23507022129480945,Train,0.23507022129480945,0.0,0.1364673458157627,0.0,0.31953328315974083,0.0,5.371255397796631,0.0,218.07098054667972,-3.938213823046908
2011-11-01,190.34024,5.254053115844727,5.061498645573644,0.19255447027108286,0.17466150532995428,0.017892964941128575,0.030821316287705926,Train,0.030821316287705926,0.0,0.017892964941128575,0.0,0.19255447027108286,0.0,5.254053115844727,0.0,193.84288336079695,-3.5026428822813216
2011-12-01,404.473,6.005054473876953,5.0712751765103965,0.9337792973665566,0.5013967055409672,0.43238259182558947,0.7447955475127633,Train,0.7447955475127633,0.0,0.43238259182558947,0.0,0.9337792973665566,0.0,6.005054473876953,0.0,411.89563673413835,-7.422644790778975
2012-01-01,237.9253,5.476150989532471,5.08105170744715,0.3950992820853205,0.23852234240130255,0.15657693968401798,0.2697097656671416,Train,0.2697097656671416,0.0,0.15657693968401795,2.7755575615628914e-17,0.3950992820853205,0.0,5.476150989532471,0.0,242.2990587556709,-4.373765786920899
2012-02-01,71.37759,4.281896591186523,5.090828238383903,-0.8089316471973795,-0.0010445780732619703,-0.8078870691241176,-1.3916163678936717,Train,-1.3916163678936717,0.0,-0.8078870691241176,0.0,-0.8089316471973795,0.0,4.281896591186523,0.0,72.70251937315861,-1.3249330084125148
2012-03-01,166.5477,5.121268272399902,5.100604769320657,0.020663503079245693,-0.08494180936935969,0.10560531244860538,0.18190918874259945,Train,0.18190918874259945,0.0,0.10560531244860538,0.0,0.020663503079245693,0.0,5.121268272399902,0.0,169.614847782312,-3.0671488077026368
2012-04-01,214.13277,5.371255397796631,5.110381300257409,0.2608740975392214,0.07810664148834985,0.18276745605087158,0.3148239315606684,Train,-0.15310844779014587,0.4679323793508143,-0.08888536955809576,0.2716528256089673,-0.010778728069745905,0.2716528256089673,5.099602572187663,0.2716528256089674,165.95811353143884,48.17465319219397
2012-05-01,214.13277,5.371255397796631,5.120157831194163,0.25109756660246774,0.22893977970714138,0.022157786895326353,0.03816763517859796,Train,-0.15517422556877136,0.1933418607473693,-0.09008463337356921,0.11224242026889557,0.13885514633357215,0.11224242026889558,5.259012977527735,0.11224242026889542,194.81167766902325,19.32108905460956
2012-06-01,166.5477,5.121268272399902,5.129934362130916,-0.008666089731013571,-0.007449954914100745,-0.0012161348169128262,-0.0020948387237043945,Train,-0.16302992403507233,0.16093508531136794,-0.09464516985207348,0.09342903503516066,-0.10209512476617423,0.09342903503516066,5.027839237364741,0.09342903503516098,154.39645552545701,12.15124344915236
2012-07-01,95.17012,4.5661187171936035,5.13971089306767,-0.5735921758740661,-0.22285228481800365,-0.3507398910560624,-0.6041628736501938,Train,-0.1818171590566635,-0.4223457145935303,-0.10555188566018976,-0.24518800539587265,-0.3284041704781934,-0.24518800539587265,4.811306722589476,-0.24518800539587282,124.14175242420683,-28.971632184949016
2012-08-01,71.37759,4.281896591186523,5.149487424004422,-0.867590832817899,-0.01913546858678809,-0.8484553642311109,-1.4614968074328758,Train,-0.2762715220451355,-1.1852252853877403,-0.16038629278651684,-0.6880690714445941,-0.17952176137330492,-0.6880690714445941,4.969965662631117,-0.6880690714445938,145.65839724340333,-74.28081087865723
2012-09-01,0.0,0.0,5.159263954941176,-5.159263954941176,-0.6007685217667236,-4.5584954331744525,-7.852182687676521,Train,-0.46910569071769714,-7.383076996958824,-0.2723339781904045,-4.286161454984048,-0.8731024999571281,-4.286161454984048,4.286161454984048,-4.286161454984048,73.0175218236266,-73.0175218236266
2012-10-01,214.13277,5.371255397796631,5.169040485877929,0.202214911918702,0.18306593734397814,0.019148974574723865,0.032984840907846626,Train,-0.4194137752056122,0.45239861611345883,-0.24348590130051773,0.2626348758752416,-0.06041996395653959,0.2626348758752416,5.108620521921389,0.2626348758752419,167.47054266219658,46.662224061436234
2012-11-01,237.9253,5.476150989532471,5.1788170168146825,0.29733397271778816,0.17466150532995428,0.12267246738783388,0.2113080157253826,Train,-0.25934991240501404,0.47065792813039664,-0.15056264459408292,0.2732351119819168,0.024098860735871364,0.2732351119819168,5.202915877550554,0.27323511198191675,184.12962754503994,53.79566542371006
2012-12-01,333.0954,5.811426639556885,5.188593547751435,0.6228330918054494,0.5013967055409672,0.12143638626448228,0.2091788187261468,Train,-0.1670898050069809,0.3762686237331277,-0.09700208761695464,0.21843847388143692,0.40439461792401254,0.2184384738814369,5.592988165675448,0.2184384738814371,272.45267092904345,60.6427270201753
2013-01-01,285.51035,5.657774448394775,5.198370078688189,0.4594043697065864,0.23852234240130255,0.22088202730528383,0.3804777379403085,Train,-0.08468670397996902,0.4651644419202775,-0.04916390368109442,0.27004593098637825,0.18935843872020813,0.27004593098637825,5.387728517408397,0.2700459309863783,221.70965085509607,63.8006946038883
2013-02-01,142.75517,4.968111515045166,5.208146609624942,-0.2400350945797758,-0.0010445780732619703,-0.23899051650651382,-0.41167030300708013,Train,0.006700562313199043,-0.4183708653202792,0.003889935310898478,-0.2428804518174123,0.002845357237636508,-0.2428804518174123,5.210991966862578,-0.24288045181741236,185.63080461213792,-42.875631882645735
2013-03-01,71.37759,4.281896591186523,5.2179231405616955,-0.936026549375172,-0.08494180936935969,-0.8510847400058124,-1.4660260077447271,Train,0.018549306318163872,-1.484575314062891,0.01076858900298008,-0.8618533290087924,-0.0741732203663796,-0.8618533290087924,5.143749920195316,-0.8618533290087926,173.493992093733,-102.1164057289869
2013-04-01,214.13277,5.371255397796631,5.227699671498448,0.14355572629818258,0.07810664148834985,0.06544908480983273,0.11273855117370556,Train,-0.07308829575777054,0.1858268469314761,-0.04243057958307479,0.10787966439290753,0.03567606190527506,0.10787966439290753,5.2633757334037234,0.10787966439290742,195.66782243370017,18.464944289932646
2013-05-01,261.71783,5.571080684661865,5.237476202435202,0.3336044822266633,0.22893977970714138,0.1046647025195219,0.1802889521734772,Train,-0.014799939468502998,0.1950888916419802,-0.008591936683326518,0.11325663920284841,0.22034784302381485,0.11325663920284842,5.457824045459017,0.11325663920284867,237.880741307977,23.83709316467926
2013-06-01,237.9253,5.476150989532471,5.247252733371955,0.22889825616051596,-0.007449954914100745,0.2363482110746167,0.4071188308663155,Train,0.04997648298740387,0.35714234787891164,0.02901327930407754,0.20733493177053916,0.021563324389976796,0.20733493177053916,5.268816057761931,0.2073349317705393,196.74067486505814,41.18461810369186
2013-07-01,166.5477,5.121268272399902,5.257029264308708,-0.13576099190880608,-0.22285228481800365,0.08709129290919757,0.15001808216197793,Train,0.12567980587482452,0.024338276287153404,0.07296198317211654,0.014129309737081028,-0.14989030164588713,0.014129309737081042,5.107138962662821,0.01412930973708093,167.22112837656397,-0.6734294019545928
2013-08-01,190.34024,5.254053115844727,5.266805795245461,-0.012752679400734657,-0.01913546858678809,0.006382789186053433,0.010994598432868433,Train,0.1744217723608017,-0.16342717392793327,0.1012585779493855,-0.09487578876333207,0.08212310936259741,-0.09487578876333207,5.348928904608059,-0.09487578876333203,213.23409011201716,-22.89384963350153
2013-09-01,166.5477,5.121268272399902,5.276582326182215,-0.15531405378231256,-0.6007685217667236,0.445454467984411,0.7673123540280813,Train,0.20099008083343506,0.5663222731946462,0.11668250753137877,0.32877196045303225,-0.4840860142353448,0.32877196045303225,4.79249631194687,0.32877196045303236,121.80978605494454,44.737912919664836
2013-10-01,261.71783,5.571080684661865,5.286358857118968,0.28472182754289754,0.18306593734397814,0.10165589019891941,0.17510615790272588,Train,0.27014514803886414,-0.09503899013613826,0.15682969597257154,-0.055173805773652135,0.3398956333165497,-0.05517380577365216,5.626254490435517,-0.05517380577365216,281.70243612916806,-19.984601656511813
2013-11-01,237.9253,5.476150989532471,5.296135388055721,0.18001560147674933,0.17466150532995428,0.005354096146795051,0.009222635338419747,Train,0.3163692057132721,-0.3071465703748523,0.18366454740086038,-0.17831045125406533,0.35832605273081464,-0.1783104512540653,5.654461440786536,-0.17831045125406497,289.7901381852145,-51.864845216464516
2013-12-01,356.88794,5.88021993637085,5.305911918992474,0.5743080173783754,0.5013967055409672,0.07291131183740829,0.12559252256326034,Train,0.3197547495365143,-0.19416222697325394,0.18562998639673123,-0.11271867455932294,0.6870266919376984,-0.11271867455932294,5.992938610930173,-0.11271867455932316,406.92323309513904,-50.03529364201404
2014-01-01,475.8506,6.167203426361084,5.315688449929228,0.8515149764318561,0.23852234240130255,0.6129926340305536,1.0559032512304236,Train,0.31396886706352234,0.7419343841669013,0.18227105807334779,0.43072157595720584,0.4207934004746503,0.43072157595720584,5.736481850403878,0.4307215759572056,314.64628708847243,161.20429884902757
2014-02-01,261.71783,5.571080684661865,5.325464980865981,0.2456157037958846,-0.0010445780732619703,0.24666028186914657,0.42488176711445264,Train,0.35291603207588196,0.07196573503857068,0.20488139215568787,0.041778889713458695,0.2038368140824259,0.041778889713458695,5.529301794948407,0.041778889713458334,255.5804309827663,6.137403489889948
2014-03-01,237.9253,5.476150989532471,5.335241511802734,0.1409094777297364,-0.08494180936935969,0.22585128709909608,0.3890374779456565,Train,0.3831767439842224,0.005860733961434106,0.2224489045946522,0.003402382504443885,0.1375070952252925,0.003402382504443885,5.472748607028027,0.0034023825044435796,241.4726689391446,-3.5473759703945973
2014-04-01,333.0954,5.811426639556885,5.345018042739488,0.46640859681739677,0.07810664148834985,0.38830195532904693,0.668864965628013,Train,0.40043941140174866,0.26842555422626435,0.23247055000424058,0.15583140532480635,0.31057719149259044,0.15583140532480633,5.655595234232078,0.15583140532480666,290.12002111212905,42.9753768370897
2014-05-01,285.51035,5.657774448394775,5.354794573676241,0.3029798747185346,0.22893977970714138,0.07404009501139322,0.12753689474194052,Train,0.4137588441371918,-0.28622194939525125,0.24020299532702738,-0.16616290031563416,0.4691427750341688,-0.1661629003156342,5.82393734871041,-0.1661629003156344,343.49436741898836,-57.984021960003986
2014-06-01,214.13277,5.371255397796631,5.364571104612994,0.00668429318363728,-0.007449954914100745,0.014134248097738025,0.024346782802214126,Train,0.386883020401001,-0.36253623759878684,0.22460054125314244,-0.2104662931554044,0.2171505863390417,-0.2104662931554044,5.581721690952035,-0.21046629315540422,269.38911347586856,-55.25634675223574
2014-07-01,261.71783,5.571080684661865,5.374347635549747,0.19673304911211797,-0.22285228481800365,0.41958533393012165,0.7227517814567014,Train,0.30942457914352417,0.4133272023131772,0.17963292335918066,0.239952410570941,-0.04321936145882299,0.23995241057094097,5.331128274090924,0.2399524105709414,209.45432909920777,52.26350537344848
2014-08-01,261.71783,5.571080684661865,5.384124166486501,0.1869565181753643,-0.01913546858678809,0.20609198676215237,0.3550013275752471,Train,0.2583434581756592,0.09665786939958793,0.1499783590278016,0.056113627734350774,0.13084289044101352,0.056113627734350774,5.514967056927515,0.05611362773435058,251.9286538891316,9.789180583524654
2014-09-01,309.3029,5.737548828125,5.393900697423254,0.34364813070174627,-0.6007685217667236,0.9444166524684698,1.6267937957112646,Train,0.18637771904468536,1.4404160766665792,0.10819946693854476,0.8362171855299251,-0.4925690548281788,0.8362171855299251,4.901331642595075,0.8362171855299252,135.93029958168648,173.37258738120414
2014-10-01,309.3029,5.737548828125,5.4036772283600065,0.3338715997649935,0.18306593734397814,0.15080566242101534,0.2597685199042228,Train,0.09727540612220764,0.16249311378201514,0.05647213166145596,0.09433353075955939,0.2395380690054341,0.09433353075955939,5.64321529736544,0.09433353075955964,286.5381907934257,22.764696169464912
2014-11-01,166.5477,5.121268272399902,5.41345375929676,-0.29218548689685786,0.17466150532995428,-0.46684699222681214,-0.8041617950255259,Train,0.12109693139791489,-0.9252587264234408,0.07030144747080239,-0.5371484396976145,0.24496295280075667,-0.5371484396976145,5.658416712097517,-0.5371484396976145,290.9425696634741,-124.39487068886473
2014-12-01,261.71783,5.571080684661865,5.423230290233514,0.14785039442835135,0.5013967055409672,-0.3535463111126158,-0.6089970395072102,Train,-0.01862083189189434,-0.5903762076153158,-0.010810112362047791,-0.34273619875056804,0.4905865931789194,-0.34273619875056804,5.913816883412434,-0.3427361987505684,375.8914726327825,-114.17363816012625
2015-01-01,214.13277,5.371255397796631,5.433006821170267,-0.061751423373635816,0.23852234240130255,-0.30027376577493836,-0.5172330431708855,Train,-0.22336074709892273,-0.29387229607196275,-0.12966954362878655,-0.1706042221461518,0.108852798772516,-0.1706042221461518,5.541859619942783,-0.17060422214615212,258.8228393200003,-44.690072596367486
2015-02-01,142.75517,4.968111515045166,5.44278335210702,-0.47467183706185434,-0.0010445780732619703,-0.47362725898859237,-0.8158410637810073,Train,-0.38136982917785645,-0.43447123460315085,-0.22139992073620457,-0.2522273382523878,-0.22244449880946654,-0.2522273382523878,5.220338853297553,-0.2522273382523874,187.38339944103396,-44.62822671154177
2015-03-01,166.5477,5.121268272399902,5.452559883043773,-0.3312916106438708,-0.08494180936935969,-0.24634980127451112,-0.4243469524182891,Train,-0.5224841237068176,0.0981371712885285,-0.30332222091083905,0.05697241963632793,-0.38826403028019874,0.05697241963632793,5.064295852763575,0.05697241963632749,160.16621832266,6.381480651949374
2015-04-01,118.96265,4.787180423736572,5.462336413980527,-0.6751559902439546,0.07810664148834985,-0.7532626317323045,-1.2975236858015515,Train,-0.5299607515335083,-0.7675629342680432,-0.30766269223698434,-0.4455999394953201,-0.2295560507486345,-0.44559993949532006,5.2327803632318926,-0.4455999394953203,189.74181407445488,-70.77916759007988
2015-05-01,285.51035,5.657774448394775,5.47211294491728,0.18566150347749577,0.22893977970714138,-0.04327827622964561,-0.07454848564502234,Train,-0.5732590556144714,0.49871056996944907,-0.3327990306626092,0.28952075443296355,-0.1038592509554678,0.28952075443296355,5.368253693961812,0.28952075443296366,217.4143802970285,68.09596516195589
2015-06-01,237.9253,5.476150989532471,5.481889475854033,-0.005738486321562597,-0.007449954914100745,0.0017114685925381477,0.002948070092388292,Train,-0.4201090633869171,0.4230571334793054,-0.24388954295345494,0.2456010115459931,-0.25133949786755566,0.24560101154599306,5.2305499779864775,0.24560101154599323,189.31686042799618,48.608432540753824
2015-07-01,166.5477,5.121268272399902,5.491666006790786,-0.37039773439088375,-0.22285228481800365,-0.1475454495728801,-0.2541526786119478,Train,-0.28492775559425354,0.03077507698230575,-0.16541157081068647,0.01786612123780637,-0.38826385562869015,0.0178661212378064,5.103402151162096,0.017866121237806176,166.59369076753367,-0.04599179292429767
2015-08-01,237.9253,5.476150989532471,5.50144253772754,-0.02529154819506907,-0.01913546858678809,-0.0061560796082809795,-0.010604082516419271,Train,-0.20494641363620758,0.1943423311197883,-0.11897931158330965,0.11282323197502868,-0.13811478017009773,0.11282323197502866,5.363327757557442,0.11282323197502908,216.3411305001942,21.584162468555803
2015-09-01,214.13277,5.371255397796631,5.511219068664293,-0.1399636708676617,-0.6007685217667236,0.46080485089906187,0.7937539755539998,Train,-0.11265286803245544,0.9064068435864553,-0.06539934243581723,0.5262041933348791,-0.6661678642025408,0.5262041933348791,4.845051204461752,0.5262041933348787,128.43665308002366,85.69611364360915
2015-10-01,285.51035,5.657774448394775,5.520995599601046,0.13677884879372915,0.18306593734397814,-0.04628708855024899,-0.0797312799157752,Train,0.037366509437561035,-0.11709778935333623,0.021692702449743244,-0.06797979099999224,0.2047586397937214,-0.06797979099999224,5.725754239394767,-0.06797979099999196,311.27825427688384,-25.767908817899468
2015-11-01,309.3029,5.737548828125,5.530772130537799,0.20677669758720096,0.17466150532995428,0.03211519225724668,0.05531964665765738,Train,0.10420705378055573,-0.048887407122898345,0.06049622094360485,-0.028381028686358167,0.23515772627355913,-0.028381028686358167,5.765929856811358,-0.028381028686357723,324.07965623410996,-14.776769271219337
2015-12-01,475.8506,6.167203426361084,5.540548661474553,0.6266547648865313,0.5013967055409672,0.1252580593455641,0.2157617967383311,Train,0.1414557248353958,0.07430607190293528,0.08212051365928406,0.043137545686280046,0.5835172192002512,0.04313754568628003,6.124065880674804,0.04313754568627992,464.07852963636446,11.772056301135535
2016-01-01,237.9253,5.476150989532471,5.5503251924113055,-0.0741742028788348,0.23852234240130255,-0.31269654528013735,-0.5386317558807098,Train,0.17938756942749023,-0.7180193253082,0.10414141500895842,-0.41683796028909575,0.34266375741026095,-0.41683796028909575,5.892988949821566,-0.4168379602890955,368.122785754838,-130.197492786088
2016-02-01,309.3029,5.737548828125,5.560101723348059,0.1774471047769408,-0.0010445780732619703,0.17849168285020278,0.3074587487289852,Train,0.12847162783145905,0.17898712089752616,0.07458274368492632,0.10390893916527646,0.07353816561166435,0.10390893916527646,5.633639888959723,0.10390893916527677,283.7980351755912,25.5048517872994
2016-03-01,237.9253,5.476150989532471,5.569878254284812,-0.09372726475234128,-0.08494180936935969,-0.008785455382981588,-0.015133282828269189,Train,0.14715145528316498,-0.16228473811143418,0.08542710524884262,-0.0942125606318242,0.00048529587948292763,-0.0942125606318242,5.570363550164295,-0.09421256063182426,266.33537110495996,-28.41007813620996
2016-04-01,285.51035,5.657774448394775,5.579654785221566,0.07811966317320973,0.07810664148834985,1.302168485987909e-05,2.2430350083730814e-05,Train,0.14941968023777008,-0.14939724988768635,0.08674389747187726,-0.08673087578701738,0.1648505389602271,-0.08673087578701738,5.744505324181793,-0.08673087578701733,317.18905406700014,-31.678708608015768
2016-05-01,380.68048,5.944583892822266,5.5894313161583185,0.3551525766639472,0.22893977970714138,0.1262127969568058,0.21740636878017364,Train,0.14655350148677826,0.07085286729339538,0.08507996996703669,0.0411328269897691,0.31401974967417806,0.04113282698976911,5.903451065832496,0.04113282698976928,372.0048631239669,8.675617833064337
2016-06-01,309.3029,5.737548828125,5.599207847095072,0.13834098102992787,-0.007449954914100745,0.14579093594402862,0.2511304617985888,Train,0.16174425184726715,0.08938620995132163,0.09389878747283165,0.05189214847119697,0.0864488325587309,0.05189214847119697,5.685656679653803,0.05189214847119672,299.0043790088969,10.298507953993749
2016-07-01,214.13277,5.371255397796631,5.608984378031825,-0.23772898023519407,-0.22285228481800365,-0.014876695417190416,-0.025625676699066402,Train,0.1846497803926468,-0.2102754570917132,0.1071963317890677,-0.12207302720625812,-0.11565595302893594,-0.12207302720625812,5.493328425002889,-0.12207302720625801,246.51441347979508,-32.38164675616227
2016-08-01,214.13277,5.371255397796631,5.618760908968579,-0.24750551117194775,-0.01913546858678809,-0.22837004258515967,-0.3933761305805207,Train,0.18133853375911713,-0.5747146643396378,0.10527402518242843,-0.3336440677675881,0.08613855659564033,-0.3336440677675881,5.704899465564219,-0.3336440677675885,304.83320056982575,-90.70043384619294
2016-09-01,214.13277,5.371255397796631,5.628537439905331,-0.25728204210870054,-0.6007685217667236,0.34348647965802304,0.591668595167037,Train,0.10676788538694382,0.48490070978009314,0.06198288263337549,0.28150359702464756,-0.5387856391333481,0.28150359702464756,5.0897518007719835,0.28150359702464733,164.32152140077702,49.8112453228558
2016-10-01,380.68048,5.944583892822266,5.638313970842085,0.30626992198018055,0.18306593734397814,0.12320398463620241,0.21222357450942078,Train,0.1617218554019928,0.050501719107427984,0.09388578547102358,0.029318199165178832,0.2769517228150017,0.02931819916517886,5.915265693657087,0.029318199165178527,376.4379126077885,4.242568349242731
2016-11-01,356.88794,5.88021993637085,5.648090501778838,0.23212943459201174,0.17466150532995428,0.05746792926205746,0.09899070556574087,Train,0.188309445977211,-0.08931874041147013,0.10932090905856551,-0.05185297979650805,0.2839824143885198,-0.05185297979650805,5.932072916167358,-0.05185297979650816,382.8352053571336,-25.94726590400859
2016-12-01,523.43567,6.262322902679443,5.6578670327155915,0.6044558699638518,0.5013967055409672,0.10305916442288465,0.17752335141076223,Train,0.16980122029781342,0.00772213111294881,0.09857616895361246,0.004482995469272194,0.5999728744945796,0.004482995469272222,6.257839907210171,0.004482995469272666,530.6472995998125,-7.211630654500027
2017-01-01,261.71783,5.571080684661865,5.667643563652344,-0.0965628789904791,0.23852234240130255,-0.33508522139178165,-0.5771971065629691,Train,0.1479082852602005,-0.7251053918231696,0.08586647429197766,-0.42095169568375934,0.32438881669328024,-0.42095169568375934,5.992032380345624,-0.4209516956837591,406.55372803884006,-144.8358935661838
2017-02-01,309.3029,5.737548828125,5.677420094589098,0.06012873353590198,-0.0010445780732619703,0.06117331160916395,0.10537336834202236,Train,0.015318894758820534,0.09005447358320183,0.008893210280112137,0.05228010132905181,0.007848632206850167,0.05228010132905181,5.6852687267959485,0.052280101329051476,298.88801402621476,10.414872936675863
2017-03-01,499.6431,6.215893268585205,5.687196625525851,0.5286966430593543,-0.08494180936935969,0.613638452428714,1.0570156981155325,Train,-0.04245620593428612,1.0994719040498186,-0.024647467915526213,0.6382859203442401,-0.1095892772848859,0.6382859203442401,5.5776073482409645,0.6382859203442406,268.2789254108607,231.3641715129674
2017-04-01,285.51035,5.657774448394775,5.6969731564626045,-0.0391987080678291,0.07810664148834985,-0.11730534955617895,-0.2020629500368791,Train,0.03583569824695587,-0.23789864828383497,0.020804007407996726,-0.13810935696417567,0.09891064889634657,-0.13810935696417567,5.795883805358951,-0.1381093569641756,333.964379711108,-48.45403425212362
2017-05-01,309.3029,5.737548828125,5.706749687399357,0.030799140725642715,0.22893977970714138,-0.19814063898149867,-0.3413048269859144,Train,0.014964895322918892,-0.3562697223088333,0.008687699930176372,-0.20682833891167504,0.23762747963731776,-0.20682833891167504,5.944377167036675,-0.2068283389116754,387.5871848383077,-78.28429787541705
2017-06-01,214.13277,5.371255397796631,5.716526218336111,-0.3452708205394801,-0.007449954914100745,-0.3378208656253794,-0.581909358358676,Train,-0.06312526762485504,-0.5187840907338209,-0.03664665681268868,-0.3011742088126907,-0.04409661172678943,-0.3011742088126907,5.672429606609321,-0.3011742088126903,295.06232754883706,-80.92956082520425
2017-07-01,309.3029,5.737548828125,5.726302749272864,0.011246078852136243,-0.22285228481800365,0.2340983636701399,0.4032433826842726,Train,-0.1932528018951416,0.5964961845794142,-0.11219071816423097,0.34628908183437085,-0.3350430029822346,0.34628908183437085,5.391259746290629,0.3462890818343709,222.49747979003442,86.8054071728562
2017-08-01,428.26553,6.062075614929199,5.736079280209617,0.3259963347195818,-0.01913546858678809,0.3451318033063699,0.5945027280638593,Train,-0.14997658133506775,0.744479309398927,-0.08706720007571832,0.4321990033820882,-0.10620266866250641,0.43219900338208816,5.629876611547111,0.43219900338208816,282.7282753267142,145.53725812055143
2017-09-01,452.05804,6.116020202636719,5.74585581114637,0.3701643914903485,-0.6007685217667236,0.9709329132570721,1.6724690688268031,Train,-0.054229505360126495,1.7266985741869296,-0.0314823231144912,1.0024152363715633,-0.6322508448812147,1.0024152363715633,5.1136049662651555,1.0024152363715633,168.31237098596128,283.7456734476325
2017-10-01,404.473,6.005054473876953,5.755632342083124,0.24942213179382922,0.18306593734397814,0.06635619444985108,0.11430108221395635,Train,0.07919198274612427,0.03510909946783208,0.04597400570656578,0.020382188743285297,0.22903994305054393,0.02038218874328529,5.984672285133668,0.020382188743285568,403.56510556085874,0.9078863825006351
2017-11-01,666.1908,6.503076076507568,5.765408873019877,0.7376672034876917,0.17466150532995428,0.5630056981577374,0.9697988428297796,Train,0.15757259726524353,0.812226245564536,0.09147698080870742,0.47152871734902996,0.2661384861386617,0.47152871734902996,6.031547359158538,0.4715287173490301,422.98062174279863,243.21017415563887
2017-12-01,523.43567,6.262322902679443,5.77518540395663,0.487137498722813,0.5013967055409672,-0.01425920681815418,-0.02456202897620064,Train,0.20822592079639435,-0.23278794977259498,0.12088319219936264,-0.13514239901751682,0.6222798977403298,-0.1351423990175168,6.39746530169696,-0.1351423990175169,610.3109156258137,-86.87524668050116
2018-01-01,428.26553,6.062075614929199,5.784961934893383,0.27711368003581605,0.23852234240130255,0.0385913376345135,0.06647505469956881,Train,0.2068701982498169,-0.14039514355024807,0.1200961428803339,-0.0815048052458204,0.3586184852816364,-0.08150480524582038,6.143580420175019,-0.08150480524582004,473.24345679516523,-44.977923347899605
2018-02-01,618.6058,6.429083347320557,5.794738465830137,0.6343448814904198,-0.0010445780732619703,0.6353894595636818,1.0944826396027998,Train,0.13301731646060944,0.9614653231421904,0.07722169156487518,0.5581677679988066,0.07617711349161321,0.5581677679988066,5.87091557932175,0.5581677679988069,360.06426826187214,258.5415056639091
2018-03-01,285.51035,5.657774448394775,5.80451499676689,-0.14674054837211425,-0.08494180936935969,-0.061798739002754566,-0.10645069094206518,Train,0.13974027335643768,-0.24619096429850285,0.08112462779624426,-0.1429233667989988,-0.003817181573115433,-0.1429233667989988,5.800697815193774,-0.14292336679899886,335.5807891130841,-50.07044365409973
2018-04-01,428.26553,6.062075614929199,5.814291527703643,0.2477840872255559,0.07810664148834985,0.16967744573720606,0.2922758882702326,Train,0.09358406066894531,0.19869182760128729,0.0543291630041711,0.11534828273303496,0.13243580449252096,0.11534828273303493,5.946727332196164,0.11534828273303521,388.50150287990556,39.76403056736007
2018-05-01,214.13277,5.371255397796631,5.824068058640396,-0.45281266084376526,0.22893977970714138,-0.6817524405509067,-1.174344647143179,Train,0.045707523822784424,-1.2200521709659635,0.02653498357022163,-0.7082874241211283,0.255474763277363,-0.7082874241211283,6.079542821917759,-0.7082874241211279,443.82600847148444,-229.69324174785163
2018-06-01,261.71783,5.571080684661865,5.83384458957715,-0.26276390491528456,-0.007449954914100745,-0.25531395000118384,-0.4397880413637968,Train,-0.17799225449562073,-0.26179578686817606,-0.1033313807805458,-0.15198256922063805,-0.11078133569464654,-0.15198256922063802,5.723063253882503,-0.15198256922063802,310.43904767165725,-48.721213199001
2018-07-01,309.3029,5.737548828125,5.8436211205139035,-0.10607229238890348,-0.22285228481800365,0.11677999242910017,0.20115800229730826,Train,-0.3334309160709381,0.5345889183682464,-0.19356952947286815,0.3103495219019683,-0.4164218142908718,0.3103495219019683,5.427199306223032,0.3103495219019683,230.67596616610558,78.62692079678504
2018-08-01,404.473,6.005054473876953,5.853397651450656,0.15165682242629686,-0.01913546858678809,0.17079229101308493,0.2941962518864791,Train,-0.32563814520835876,0.6198343970948379,-0.18904552489964366,0.35983781591272856,-0.20818099348643174,0.35983781591272856,5.645216657964225,0.35983781591272823,287.114234642581,117.3587573007784
2018-09-01,523.43567,6.262322902679443,5.863174182387409,0.3991487202920343,-0.6007685217667236,0.9999172420587579,1.7223956834668515,Validate,-0.26701948046684265,1.989415163933694,-0.1550151251813133,1.154932367240071,-0.7557836469480369,1.1549323672400713,5.1073905354393725,1.1549323672400709,167.26345355661255,356.17221538869995
2018-10-01,452.05804,6.116020202636719,5.872950713324163,0.243069489312556,0.18306593734397814,0.06000355196857787,0.10335841263279698,Validate,-0.10876307636499405,0.21212148899779104,-0.06314116808386903,0.12314472005244691,0.1199247692601091,0.12314472005244691,5.992875482584272,0.12314472005244692,406.8974823889875,45.16056204460625
2018-11-01,713.7759,6.571969032287598,5.882727244260916,0.6892417880266812,0.17466150532995428,0.514580282696727,0.886384213046616,Validate,-0.013134313747286797,0.8995185267939028,-0.00762497659776225,0.5222052592944892,0.16703652873219202,0.5222052592944892,6.049763772993108,0.5222052592944895,430.7748036958359,283.0010752104141
2018-12-01,856.53107,6.75405740737915,5.892503775197669,0.8615536321814812,0.5013967055409672,0.360156926640514,0.6203840775253442,Validate,0.059394627809524536,0.5609894497158197,0.03448087626001598,0.325676050380498,0.5358775818009831,0.32567605038049807,6.428381356998653,0.32567605038049763,629.5054180269692,227.02564886756204
2019-01-01,689.98334,6.538115501403809,5.902280306134422,0.6358351952693866,0.23852234240130255,0.39731285286808404,0.6843865811903612,Validate,0.11576514691114426,0.568621434279217,0.06720614057329996,0.33010671229478405,0.30572848297460253,0.33010671229478405,6.208008789109025,0.33010671229478383,504.80396875774437,185.17936864459938
2019-02-01,594.81323,6.389927387237549,5.912056837071176,0.47787055016637314,-0.0010445780732619703,0.4789151282396351,0.8249496207591637,Validate,0.14343084394931793,0.6815187768098457,0.08326714661713923,0.39564798162249587,0.08222256854387726,0.39564798162249587,5.994279405615053,0.3956479816224956,407.47054122983855,187.34269119203645
2019-03-01,761.36096,6.636420249938965,5.921833368007929,0.7145868819310355,-0.08494180936935969,0.7995286913003952,1.3772187424914701,Validate,0.16723665595054626,1.2099820865409239,0.09708734026354048,0.7024413510368547,0.012145530894180787,0.7024413510368547,5.93397889890211,0.702441351036855,383.5674862672362,377.7934756468263
2019-04-01,309.3029,5.737548828125,5.931609898944682,-0.19406107081968216,0.07810664148834985,-0.272167712308032,-0.4688192913777712,Validate,0.1944407969713211,-0.6632600883490922,0.11288039520624593,-0.3850481075142779,0.19098703669459577,-0.3850481075142779,6.122596935639278,-0.38504810751427776,463.39585636663645,-154.09296940374583
2019-05-01,452.05804,6.116020202636719,5.941386429881435,0.1746337727552838,0.22893977970714138,-0.05430600695185758,-0.093544173483413,Validate,0.14795605838298798,-0.24150023186640096,0.08589420843555495,-0.14020021538741254,0.31483398814269636,-0.14020021538741256,6.256220418024132,-0.1402002153874129,529.7869993588213,-77.72895492522753
2019-06-01,333.0954,5.811426639556885,5.951162960818189,-0.13973632126130386,-0.007449954914100745,-0.13228636634720312,-0.22786832429132986,Validate,0.02771398238837719,-0.25558230667970705,0.01608903755522238,-0.14837540390242548,0.008639082641121634,-0.14837540390242548,5.959802043459311,-0.14837540390242587,393.62756040371244,-60.53216245449369
2019-07-01,356.88794,5.88021993637085,5.960939491754942,-0.0807195553840927,-0.22285228481800365,0.14213272943391095,0.24482906120539172,Validate,-0.12212396413087845,0.36695302533627017,-0.07089767965351547,0.21303040908742643,-0.29374996447151913,0.21303040908742643,5.667189527283423,0.21303040908742688,293.51499508011943,63.372944373005566
2019-08-01,237.9253,5.476150989532471,5.970716022691695,-0.4945650331592244,-0.01913546858678809,-0.4754295645724363,-0.8189456040642706,Validate,-0.17342236638069153,-0.6455232376835791,-0.10067838416411236,-0.37475118040832395,-0.11981385275090045,-0.37475118040832395,5.850902169940794,-0.37475118040832367,352.9099709833179,-114.98467801456792
2019-09-01,333.0954,5.811426639556885,5.980492553628448,-0.16906591407156313,-0.6007685217667236,0.43170260769516045,0.7436242488474203,Validate,-0.3430296778678894,1.0866539267153097,-0.19914198156115234,0.6308445892563128,-0.7999105033278759,0.6308445892563128,5.180582050300572,0.6308445892563128,180.0408039221215,153.05459402709724
2019-10-01,666.1908,6.503076076507568,5.990269084565202,0.5128069919423668,0.18306593734397814,0.32974105459838865,0.5679915749154549,Validate,-0.25416427850723267,0.8221558534226876,-0.14755218376027546,0.4772932383586641,0.03551375358370268,0.4772932383586641,6.0257828381489045,0.4772932383586639,420.5436073997102,245.6471884987273
2019-11-01,642.3983,6.466763973236084,6.000045615501955,0.46671835773412873,0.17466150532995428,0.29205685240417445,0.5030790956981074,Validate,-0.16567116975784302,0.6687502654559504,-0.09617851504334596,0.3882353674475204,0.07848299028660832,0.3882353674475204,6.078528605788564,0.3882353674475203,443.3750874633396,199.02322796634792
2019-12-01,689.98334,6.538115501403809,6.009822146438708,0.5282933549651005,0.5013967055409672,0.02689664942413339,0.04633050708523162,Validate,-0.08299554139375687,0.1293260484789885,-0.04818211845873801,0.0750787678828714,0.45321458708222917,0.07507876788287138,6.463036733520937,0.07507876788287149,651.7388495154852,38.244487886858565
2020-01-01,380.68048,5.944583892822266,6.019598677375462,-0.0750147845531961,0.23852234240130255,-0.31353712695449865,-0.5400796899562741,Validate,-0.07700514793395996,-0.46307454202231413,-0.04470446360587027,-0.2688326633486284,0.19381787879543227,-0.2688326633486284,6.213416556170894,-0.2688326633486282,507.54664800109856,-126.86616704406731
2020-02-01,380.68048,5.944583892822266,6.0293752083122145,-0.08479131548994889,-0.0010445780732619703,-0.08374673741668692,-0.14425695743974096,Validate,-0.1913040727376938,0.04704711529795283,-0.11105940559573184,0.027312668179044916,-0.11210398366899381,0.027312668179044916,5.917271224643221,0.027312668179044763,377.1956356013631,3.484845355668142
2020-03-01,356.88794,5.88021993637085,6.039151739248968,-0.1589318028781186,-0.08494180936935969,-0.0739899935087589,-0.12745059298791242,Validate,-0.2530248165130615,0.1255742235251491,-0.14689068204752787,0.07290068853876897,-0.23183249141688755,0.07290068853876897,5.807319247832081,0.07290068853876885,337.8168308658377,19.071108587287313
2020-04-01,23.79253,3.2105424404144287,6.048928270185721,-2.8383858297712923,0.07810664148834985,-2.9164924712596423,-5.023769800207118,Validate,-0.294286847114563,-4.729482953092555,-0.17084488504329465,-2.7456475862163474,-0.0927382435549448,-2.7456475862163474,5.956190026630776,-2.7456475862163474,392.2047302047742,-368.41220014495974
2020-05-01,23.79253,3.2105424404144287,6.058704801122475,-2.848162360708046,0.22893977970714138,-3.0771021404151875,-5.300426096589188,Validate,-0.4766208231449127,-4.823805273444275,-0.2766968029248479,-2.8004053374903397,-0.0477570232177065,-2.8004053374903393,6.010947777904768,-2.8004053374903393,414.33614050509186,-390.5436104452774
2020-06-01,356.88794,5.88021993637085,6.0684813320592275,-0.18826139568837785,-0.007449954914100745,-0.1808114407742771,-0.3114546204542163,Validate,-0.44337520003318787,0.13192057957897158,-0.25739643420499064,0.07658499343071354,-0.26484638911909136,0.07658499343071351,5.803634942940136,0.07658499343071323,336.57082310410436,20.317116349020637
2020-07-01,951.7012,6.8593010902404785,6.078257862995981,0.7810432272444974,-0.22285228481800365,1.003895512062501,1.7292484056661455,Validate,-0.29267096519470215,2.0219193708608474,-0.16990680315635698,1.173802315218858,-0.39275908797436065,1.173802315218858,5.68549877502162,1.1738023152188584,298.9570106677149,652.7441612072851
2020-08-01,618.6058,6.429083347320557,6.088034393932734,0.3410489533878227,-0.01913546858678809,0.3601844219746108,0.6204314392896702,Validate,-0.13917618989944458,0.7596076291891147,-0.08079715555509688,0.4409815775297077,-0.09993262414188497,0.4409815775297077,5.988101769790849,0.44098157752970746,404.95493722420065,213.6508367015806
2020-09-01,1046.8713,6.9545159339904785,6.097810924869488,0.8567050091209909,-0.6007685217667236,1.4574735308877145,2.510553886639226,Validate,0.0028441045433282852,2.5077097820958976,0.0016511125744157838,1.4558224183132986,-0.5991174091923078,1.4558224183132986,5.4986935156771795,1.455822418313299,247.8459193823992,799.0254185082258
2020-10-01,713.7759,6.571969032287598,6.10758745580624,0.46438157648135725,0.18306593734397814,0.2813156391373791,0.4845769451322928,Validate,0.10384543240070343,0.3807315127315894,0.06028628576071843,0.2210293533766607,0.24335222310469656,0.2210293533766607,6.350939678910937,0.22102935337666096,582.520783926244,131.255094980006
2020-11-01,380.68048,5.944583892822266,6.117363986742994,-0.17278009392072846,0.17466150532995428,-0.34744159925068274,-0.5984814398980332,Validate,0.2538308799266815,-0.8523123198247147,0.14735863300282118,-0.4948002322535039,0.32202013833277543,-0.4948002322535039,6.43938412507577,-0.4948002322535041,636.4810280498614,-255.80054709283013
2020-12-01,1832.0248,7.513722896575928,6.127140517679747,1.3865823788961809,0.5013967055409672,0.8851856733552137,1.5247661693627705,Validate,0.28051021695137024,1.2442559524114003,0.16284701894906722,0.7223386544061465,0.6642437244900343,0.7223386544061465,6.791384242169781,0.7223386544061468,905.4398136316469,926.5849666417906
2021-01-01,142.75517,4.968111515045166,6.136917048616501,-1.1688055335713345,0.23852234240130255,-1.407327875972637,-2.4241760786193174,Validate,0.30083468556404114,-2.7250107641833585,0.17464615825054633,-1.5819740342231834,0.41316850065184885,-1.5819740342231834,6.550085549268349,-1.5819740342231832,711.1054047686896,-568.3502320391974
2021-02-01,237.9253,5.476150989532471,6.146693579553253,-0.6705425900207826,-0.0010445780732619703,-0.6694980119475207,-1.1532359252989923,Validate,0.2013813704252243,-1.3546172957242166,0.11690966625757847,-0.7864076782050992,0.1158650881843165,-0.7864076782050992,6.2625586677375695,-0.7864076782050988,533.1619442285012,-295.23665125975117
2021-03-01,142.75517,4.968111515045166,6.156470110490007,-1.188358595444841,-0.08494180936935969,-1.1034167860754813,-1.900677605566877,Validate,-0.032571494579315186,-1.8681061109875619,-0.01890901106064427,-1.084507775014837,-0.10385082043000396,-1.084507775014837,6.052619290060003,-1.0845077750148366,432.009506034667,-289.25433330517484
2021-04-01,523.43567,6.262322902679443,6.16624664142676,0.09607626125268354,0.07810664148834985,0.017969619764333686,0.03095335715174139,Validate,-0.2825186550617218,0.3134720122134632,-0.16401299487168808,0.18198261463602178,-0.08590635338333823,0.18198261463602178,6.080340288043422,0.18198261463602172,444.1808836267048,79.25478531860767
2021-05-01,475.8506,6.167203426361084,6.1760231723635135,-0.008819746002429518,0.22893977970714138,-0.2377595257095709,-0.409549874289723,Validate,-0.2820853292942047,-0.1274645449955183,-0.1637614325213363,-0.07399809318823461,0.06517834718580509,-0.07399809318823461,6.2412015195493185,-0.07399809318823447,521.8747288261914,-46.02414288869136
2021-06-01,285.51035,5.657774448394775,6.185799703300266,-0.5280252549054909,-0.007449954914100745,-0.5205752999913902,-0.8967108595692591,Validate,-0.2856011390686035,-0.6111097205006556,-0.1658024959349092,-0.354772804056481,-0.17325245084900995,-0.35477280405648093,6.012547252451256,-0.3547728040564806,415.00099165457,-129.4906461955856
2021-07-01,356.88794,5.88021993637085,6.19557623423702,-0.31535629786617037,-0.22285228481800365,-0.09250401304816672,-0.15934169956853395,Test,-0.3097837269306183,0.15044202736208434,-0.17984142252589932,0.08733740947773261,-0.402693707343903,0.08733740947773261,5.792882526893117,0.08733740947773239,332.9605654480278,23.927374005097192
2021-08-01,571.0207,6.349174976348877,6.205352765173773,0.1438222111751042,-0.01913546858678809,0.16295767976189227,0.28070083443281935,Test,0.0,0.28070083443281935,-8.7938457396052e-18,0.16295767976189227,-0.0191354685867881,0.1629576797618923,6.186217296586984,0.16295767976189257,493.9009730838949,77.11971783407387
2021-09-01,452.05804,6.116020202636719,6.2151292961105264,-0.0991090934738077,-0.6007685217667236,0.5016594282929159,0.8641275472789502,Test,0.0,0.8641275472789502,-8.7938457396052e-18,0.5016594282929159,-0.6007685217667236,0.5016594282929159,5.614360774343803,0.5016594282929159,278.3599701880309,173.69807424556285
2021-10-01,404.473,6.005054473876953,6.224905827047279,-0.2198513531703261,0.18306593734397814,-0.40291729051430425,-0.694040439333895,Test,0.0,-0.694040439333895,-8.7938457396052e-18,-0.40291729051430425,0.18306593734397814,-0.40291729051430425,6.407971764391258,-0.4029172905143046,616.767489438695,-212.29449749533558
2021-11-01,452.05804,6.116020202636719,6.234682357984033,-0.11866215534731417,0.17466150532995428,-0.29332366067726845,-0.5052612213876941,Test,0.0,-0.5052612213876941,-8.7938457396052e-18,-0.29332366067726845,0.17466150532995428,-0.29332366067726845,6.409343863313987,-0.29332366067726845,617.6157093331773,-165.55766489958353
2021-12-01,880.3236,6.7814249992370605,6.244458888920786,0.5369661103162748,0.5013967055409672,0.03556940477530768,0.061269659799380774,Test,0.0,0.061269659799380774,-8.7938457396052e-18,0.035569404775307685,0.5013967055409672,0.03556940477530768,6.745855594461753,0.035569404775307234,865.0961984502884,15.227409948149102
2022-01-01,927.9086,6.834010601043701,6.254235419857539,0.5797751811861618,0.23852234240130255,0.34125283878485924,0.5878210633548729,Test,0.0,0.5878210633548729,-8.7938457396052e-18,0.34125283878485924,0.23852234240130255,0.34125283878485924,6.492757762258842,0.34125283878485924,671.4300921310039,256.47853824008985
2022-02-01,499.6431,6.215893268585205,6.264011950794293,-0.04811868220908799,-0.0010445780732619703,-0.04707410413582602,-0.08108694435519224,Test,0.0,-0.08108694435519224,-8.7938457396052e-18,-0.047074104135826016,-0.0010445780732619792,-0.047074104135826016,6.262967372721031,-0.04707410413582558,533.3803034963037,-33.73720657247554
2022-03-01,261.71783,5.571080684661865,6.273788481731046,-0.7027077970691806,-0.08494180936935969,-0.6177659876998209,-1.0641255354453443,Test,0.0,-1.0641255354453443,-8.7938457396052e-18,-0.6177659876998209,-0.0849418093693597,-0.6177659876998209,6.188846672361686,-0.6177659876998209,495.2039659916918,-233.48613151903555
2022-04-01,499.6431,6.215893268585205,6.283565012667799,-0.06767174408259358,0.07810664148834985,-0.14577838557094341,-0.2511088433010586,Test,0.0,-0.2511088433010586,-8.7938457396052e-18,-0.14577838557094341,0.07810664148834984,-0.14577838557094341,6.361671654156148,-0.14577838557094314,588.8168386571177,-89.1737417332896
2022-05-01,261.71783,5.571080684661865,6.293341543604552,-0.7222608589426871,0.22893977970714138,-0.9512006386498285,-1.6384794713091901,Test,0.0,-1.6384794713091901,-8.7938457396052e-18,-0.9512006386498285,0.22893977970714138,-0.9512006386498285,6.522281323311693,-0.9512006386498282,691.5785871721828,-429.86075269952653
2022-06-01,237.9253,5.476150989532471,6.303118074541306,-0.8269670850088353,-0.007449954914100745,-0.8195171300947346,-1.4116495926163533,Test,0.0,-1.4116495926163533,-8.7938457396052e-18,-0.8195171300947346,-0.007449954914100753,-0.8195171300947346,6.295668119627205,-0.8195171300947344,551.1437953741636,-313.2185024054136
2022-07-01,214.13277,5.371255397796631,6.312894605478059,-0.941639207681428,-0.22285228481800365,-0.7187869228634243,-1.238137959020845,Test,0.0,-1.238137959020845,-8.7938457396052e-18,-0.7187869228634243,-0.22285228481800365,-0.7187869228634243,6.090042320660055,-0.7187869228634245,448.52106331757864,-234.38829659394582
2022-08-01,190.34024,5.254053115844727,6.322671136414812,-1.068618020570085,-0.01913546858678809,-1.0494825519832969,-1.8077738250497986,Test,0.0,-1.8077738250497986,-8.7938457396052e-18,-1.0494825519832969,-0.0191354685867881,-1.0494825519832969,6.303535667828023,-1.0494825519832967,555.5049465861018,-365.1647061075862
2022-09-01,333.0954,5.811426639556885,6.332447667351565,-0.5210210277946805,-0.6007685217667236,0.07974749397204306,0.1373681076865302,Test,0.0,0.1373681076865302,-8.7938457396052e-18,0.07974749397204307,-0.6007685217667236,0.07974749397204306,5.731679145584842,0.07974749397204306,313.13396566797803,19.961432281240718
2022-10-01,666.1908,6.503076076507568,6.342224198288319,0.1608518782192494,0.18306593734397814,-0.022214059124728736,-0.03826456624543518,Test,0.0,-0.03826456624543518,-8.7938457396052e-18,-0.022214059124728725,0.18306593734397814,-0.022214059124728736,6.525290135632297,-0.02221405912472907,693.665564244976,-27.474768346538553
2022-11-01,689.98334,6.538115501403809,6.352000729225072,0.18611477217873684,0.17466150532995428,0.011453266848782562,0.01972869008771215,Test,0.0,0.01972869008771215,-8.7938457396052e-18,0.01145326684878257,0.17466150532995428,0.011453266848782562,6.526662234555026,0.011453266848782562,694.6193683244679,-4.636030922124178
2022-12-01,1070.6638,6.976967811584473,6.3617772601618245,0.6151905514226481,0.5013967055409672,0.11379384588168096,0.19601425068754047,Test,0.0,0.19601425068754047,-8.7938457396052e-18,0.11379384588168097,0.5013967055409672,0.11379384588168096,6.863173965702792,0.11379384588168051,972.9055788344509,97.75823952492408
2023-01-01,713.7759,6.571969032287598,6.371553791098578,0.20041524118901943,0.23852234240130255,-0.03810710121228311,-0.06564093894643926,Test,0.0,-0.06564093894643926,-8.7938457396052e-18,-0.038107101212283105,0.23852234240130255,-0.03810710121228311,6.610076133499881,-0.03810710121228311,755.1324241745151,-41.35654526826511
2023-02-01,689.98334,6.538115501403809,6.381330322035332,0.1567851793684767,-0.0010445780732619703,0.15782975744173866,0.27186779215903994,Test,0.0,0.27186779215903994,-8.7938457396052e-18,0.15782975744173866,-0.0010445780732619792,0.15782975744173866,6.3802857439620695,0.1578297574417391,599.8985603741439,90.08477702819982
2023-03-01,856.53107,6.75405740737915,6.391106852972085,0.3629505544070657,-0.08494180936935969,0.4478923637764254,0.7715117227480986,Test,0.0,0.7715117227480986,-8.7938457396052e-18,0.4478923637764254,-0.0849418093693597,0.4478923637764254,6.306165043602725,0.4478923637764254,556.9701326293564,299.56093426517486
2023-04-01,808.946,6.696967601776123,6.4008833839088375,0.29608421786728556,0.07810664148834985,0.21797757637893572,0.3754747101616463,Test,0.0,0.3754747101616463,-8.7938457396052e-18,0.21797757637893572,0.07810664148834984,0.21797757637893572,6.478990025397187,0.217977576378936,662.2356898534946,146.71029403322416
2023-05-01,666.1908,6.503076076507568,6.410659914845591,0.09241616166197719,0.22893977970714138,-0.1365236180451642,-0.23516715236164518,Test,0.0,-0.23516715236164518,-8.7938457396052e-18,-0.1365236180451642,0.22893977970714138,-0.1365236180451642,6.639599694552732,-0.13652361804516389,777.7889509677668,-111.59815506932932
2023-06-01,428.26553,6.062075614929199,6.420436445782345,-0.35836083085314563,-0.007449954914100745,-0.3509108759390449,-0.6044574016491119,Test,0.0,-0.6044574016491119,-8.7938457396052e-18,-0.3509108759390449,-0.007449954914100753,-0.35091087593904485,6.412986490868244,-0.3509108759390447,619.8732050734084,-191.60767162614275
2023-07-01,452.05804,6.116020202636719,6.430212976719098,-0.3141927740823789,-0.22285228481800365,-0.09134048926437524,-0.1573374853610789,Test,0.0,-0.1573374853610789,-8.7938457396052e-18,-0.09134048926437523,-0.22285228481800365,-0.09134048926437524,6.207360691901094,-0.09134048926437544,504.47626482130585,-52.4182203877121
2023-08-01,618.6058,6.429083347320557,6.43998950765585,-0.01090616033529379,-0.01913546858678809,0.008229308251494299,0.01417529812878157,Test,0.0,0.01417529812878157,-8.7938457396052e-18,0.008229308251494307,-0.0191354685867881,0.00822930825149431,6.420854039069062,0.008229308251494594,624.7772209356731,-6.1714470098918355
2023-09-01,428.26553,6.062075614929199,6.449766038592604,-0.3876904236634049,-0.6007685217667236,0.21307809810331868,0.3670351714896383,Test,0.0,0.3670351714896383,-8.7938457396052e-18,0.21307809810331868,-0.6007685217667236,0.21307809810331868,5.8489975168258805,0.21307809810331868,352.23653678753976,76.02899665972586
2023-10-01,666.1908,6.503076076507568,6.459542569529358,0.04353350697821057,0.18306593734397814,-0.13953243036576757,-0.24034994663239803,Test,0.0,-0.24034994663239803,-8.7938457396052e-18,-0.13953243036576757,0.18306593734397814,-0.13953243036576757,6.642608506873336,-0.1395324303657679,780.1357094661065,-113.944913567669
2023-11-01,1118.2489,7.020412921905518,6.469319100466111,0.551093821439407,0.17466150532995428,0.3764323161094527,0.6484190582106704,Test,0.0,0.6484190582106704,-8.7938457396052e-18,0.3764323161094527,0.17466150532995428,0.3764323161094527,6.643980605796065,0.3764323161094527,781.2082405726907,337.04066079449683
2023-12-01,880.3236,6.7814249992370605,6.479095631402863,0.30232936783419717,0.5013967055409672,-0.19906733770677,-0.34290110097454496,Test,0.0,-0.34290110097454496,-8.7938457396052e-18,-0.19906733770677,0.5013967055409672,-0.19906733770677,6.980492336943831,-0.19906733770677043,1094.134787777628,-213.81117937919043
2024-01-01,927.9086,6.834010601043701,6.488872162339617,0.3451384387040841,0.23852234240130255,0.10661609630278157,0.18365030258094725,Test,0.0,0.18365030258094725,-8.7938457396052e-18,0.10661609630278159,0.23852234240130255,0.10661609630278157,6.72739450474092,0.10661609630278157,849.2538027055492,78.65482766554453
2024-02-01,666.1908,6.503076076507568,6.498648693276371,0.0044273832311976236,-0.0010445780732619703,0.005471961304459594,0.009425662579328769,Test,0.0,0.009425662579328769,-8.7938457396052e-18,0.0054719613044596025,-0.0010445780732619792,0.0054719613044596025,6.497604115203108,0.005471961304460038,674.6968351888671,-8.506039290429612
2024-03-01,333.0954,5.811426639556885,6.5084252242131235,-0.6969985846562388,-0.08494180936935969,-0.6120567752868791,-1.0542911987598402,Test,0.0,-1.0542911987598402,-8.7938457396052e-18,-0.6120567752868791,-0.0849418093693597,-0.6120567752868791,6.423483414843764,-0.6120567752868791,626.4247894899621,-293.32939154074336
2024-04-01,547.22815,6.306691646575928,6.518201755149877,-0.21151010857394947,0.07810664148834985,-0.2896167500622993,-0.49887592611158255,Test,0.0,-0.49887592611158255,-8.7938457396052e-18,-0.2896167500622993,0.07810664148834984,-0.2896167500622993,6.596308396638227,-0.28961675006229903,744.7935268463243,-197.5653774322618
2024-05-01,309.3029,5.737548828125,6.52797828608663,-0.79042945796163,0.22893977970714138,-1.0193692376687713,-1.7559024896946558,Forecast,0.0,-1.7559024896946558,-8.7938457396052e-18,-1.0193692376687713,0.22893977970714138,-1.0193692376687713,6.756918065793771,-1.019369237668771,874.7305544571925,-565.4276674943019
2024-06-01,,,6.537754817023384,,-0.007449954914100745,,,Forecast,0.0,,-8.7938457396052e-18,,-0.007449954914100753,,6.530304862109283,,697.1578712061798,
2024-07-01,,,6.5475313479601365,,-0.22285228481800365,,,Forecast,0.0,,-8.7938457396052e-18,,-0.22285228481800365,,6.324679063142133,,567.3966228678995,
2024-08-01,,,6.55730787889689,,-0.01913546858678809,,,Forecast,0.0,,-8.7938457396052e-18,,-0.0191354685867881,,6.538172410310102,,702.6723260848628,
2024-09-01,,,6.567084409833643,,-0.6007685217667236,,,Forecast,0.0,,-8.7938457396052e-18,,-0.6007685217667236,,5.966315888066919,,396.20649327534437,
2024-10-01,,,6.576860940770397,,0.18306593734397814,,,Forecast,0.0,,-8.7938457396052e-18,,0.18306593734397814,,6.759926878114375,,877.3694312907356,
2024-11-01,,,6.586637471707149,,0.17466150532995428,,,Forecast,0.0,,-8.7938457396052e-18,,0.17466150532995428,,6.761298977037104,,878.5754682529631,
2024-12-01,,,6.596414002643903,,0.5013967055409672,,,Forecast,0.0,,-8.7938457396052e-18,,0.5013967055409672,,7.09781070818487,,1230.454290297906,
2025-01-01,,,6.606190533580656,,0.23852234240130255,,,Forecast,0.0,,-8.7938457396052e-18,,0.23852234240130255,,6.844712875981958,,955.0911632700924,
2025-02-01,,,6.61596706451741,,-0.0010445780732619703,,,Forecast,0.0,,-8.7938457396052e-18,,-0.0010445780732619792,,6.614922486444147,,758.8058028296394,
2025-03-01,,,6.625743595454162,,-0.08494180936935969,,,Forecast,0.0,,-8.7938457396052e-18,,-0.0849418093693597,,6.540801786084803,,704.5249796462164,
2025-04-01,,,6.635520126390916,,0.07810664148834985,,,Forecast,0.0,,-8.7938457396052e-18,,0.07810664148834984,,6.713626767879266,,837.6279465882515,
2025-05-01,,,6.645296657327669,,0.22893977970714138,,,Forecast,0.0,,-8.7938457396052e-18,,0.22893977970714138,,6.87423643703481,,983.7391941769383,
2025-06-01,,,6.6550731882644225,,-0.007449954914100745,,,Forecast,0.0,,-8.7938457396052e-18,,-0.007449954914100753,,6.647623233350322,,784.0627296269208,
2025-07-01,,,6.664849719201175,,-0.22285228481800365,,,Forecast,0.0,,-8.7938457396052e-18,,-0.22285228481800365,,6.441997434383172,,638.149141853071,
2025-08-01,,,6.674626250137929,,-0.01913546858678809,,,Forecast,0.0,,-8.7938457396052e-18,,-0.0191354685867881,,6.655490781551141,,790.2636093677506,
2025-09-01,,,6.684402781074682,,-0.6007685217667236,,,Forecast,0.0,,-8.7938457396052e-18,,-0.6007685217667236,,6.083634259307958,,445.6497144801061,
2025-10-01,,,6.6941793120114355,,0.18306593734397814,,,Forecast,0.0,,-8.7938457396052e-18,,0.18306593734397814,,6.877245249355414,,986.706551468938,
2025-11-01,,,6.703955842948188,,0.17466150532995428,,,Forecast,0.0,,-8.7938457396052e-18,,0.17466150532995428,,6.8786173482781425,,988.0627127451282,
2025-12-01,,,6.713732373884942,,0.5013967055409672,,,Forecast,0.0,,-8.7938457396052e-18,,0.5013967055409672,,7.215129079425909,,1383.7424865121238,
2026-01-01,,,6.723508904821695,,0.23852234240130255,,,Forecast,0.0,,-8.7938457396052e-18,,0.23852234240130255,,6.962031247222997,,1074.1028805450967,
2026-02-01,,,6.733285435758448,,-0.0010445780732619703,,,Forecast,0.0,,-8.7938457396052e-18,,-0.0010445780732619792,,6.732240857685186,,853.3844338892425,
2026-03-01,,,6.743061966695201,,-0.08494180936935969,,,Forecast,0.0,,-8.7938457396052e-18,,-0.0849418093693597,,6.6581201573258415,,792.3468763792883,
2026-04-01,,,6.752838497631955,,0.07810664148834985,,,Forecast,0.0,,-8.7938457396052e-18,,0.07810664148834984,,6.830945139120304,,942.0181511132183,
2026-05-01,,,6.7626150285687086,,0.22893977970714138,,,Forecast,0.0,,-8.7938457396052e-18,,0.22893977970714138,,6.99155480827585,,1106.3169431084962,
2026-06-01,,,6.772391559505461,,-0.007449954914100745,,,Forecast,0.0,,-8.7938457396052e-18,,-0.007449954914100753,,6.76494160459136,,881.7852766086758,
2026-07-01,,,6.782168090442214,,-0.22285228481800365,,,Forecast,0.0,,-8.7938457396052e-18,,-0.22285228481800365,,6.559315805624211,,717.7087486029252,
2026-08-01,,,6.791944621378968,,-0.01913546858678809,,,Forecast,0.0,,-8.7938457396052e-18,,-0.0191354685867881,,6.772809152792179,,888.7580255759167,
2026-09-01,,,6.8017211523157215,,-0.6007685217667236,,,Forecast,0.0,,-8.7938457396052e-18,,-0.6007685217667236,,6.200952630548998,,501.2474980208078,
2026-10-01,,,6.811497683252474,,0.18306593734397814,,,Forecast,0.0,,-8.7938457396052e-18,,0.18306593734397814,,6.994563620596453,,1109.6536692438187,
2026-11-01,,,6.821274214189227,,0.17466150532995428,,,Forecast,0.0,,-8.7938457396052e-18,,0.17466150532995428,,6.995935719519181,,1111.1786419143423,
2026-12-01,,,6.831050745125981,,0.5013967055409672,,,Forecast,0.0,,-8.7938457396052e-18,,0.5013967055409672,,7.3324474506669475,,1556.1115948509191,
2027-01-01,,,6.840827276062734,,0.23852234240130255,,,Forecast,0.0,,-8.7938457396052e-18,,0.23852234240130255,,7.079349618464037,,1207.9288638575597,
2027-02-01,,,6.850603806999487,,-0.0010445780732619703,,,Forecast,0.0,,-8.7938457396052e-18,,-0.0010445780732619792,,6.849559228926225,,959.7359645763496,
2027-03-01,,,6.86038033793624,,-0.08494180936935969,,,Forecast,0.0,,-8.7938457396052e-18,,-0.0849418093693597,,6.77543852856688,,891.1006121943187,
