,DataOriginal,DataLog,Linear,DataLinear,MonthlyAverage,DataSeasons,DataRolled,DataNormalised,ConfLowerNormalised,ConfUpperNormalised,ModelledNormalised,ResidualsNormalised,ModelledSeasons,ResidualsSeasons,ModelledLinear,ResidualsLinear,ModelledLog,ResidualsLog,ModelledOriginal,ResidualsOriginal,ConfLowerSeasons,ConfUpperSeasons,ConfLowerLinear,ConfUpperLinear,ConfLowerLog,ConfUpperLog,ConfLowerOriginal,ConfUpperOriginal,Purpose
2010-04-01,1352.265,7.210275650024414,6.576925209669715,0.6333504403546995,0.0915938489367517,0.5417565914179477,0.23185877427332433,1.3131967156877322,0.0,0.0,1.3131967156877322,0.0,0.23185877427332433,0.3098978171446234,0.323452623210076,0.30989781714462344,6.900377832879791,0.3098978171446234,1023.776379680364,328.4886349680735,-0.002468938367956212,-0.002468938367956212,0.08912491056879548,0.08912491056879548,6.66605012023851,6.66605012023851,809.7031754940966,809.7031754940966,Train
2010-05-01,1183.2319,7.076849937438965,6.580895700532473,0.495954236906492,0.0672860413490043,0.4286681955574877,0.243955240111305,1.3809865602213263,1.004840944656551,1.7213788109214407,1.3631098777889958,0.017876682432330426,0.24076531277297114,0.18790288278451656,0.30805135412197543,0.18790288278451656,6.888947054654448,0.18790288278451683,1012.1290838036894,171.10284979006065,0.17683556134392409,0.30469506420201825,0.24412160269292837,0.37198110555102254,6.825017303225401,6.952876806083496,949.386906754941,1079.013343148435,Train
2010-06-01,777.5524,6.657436370849609,6.584866191395231,0.07257017945437827,0.02664815054999418,0.045922028904384085,0.24295776473459868,1.375396605137032,1.0256983539407736,1.7023904573508666,1.36404440564582,0.011352199491212023,0.2409320705575994,-0.19501004165321534,0.2675802211075936,-0.19501004165321534,6.852446412502824,-0.195010041653215,975.8159790469258,-198.26354984770705,0.1805573716034291,0.3013067695117697,0.20720552215342328,0.3279549200617639,6.792071713548655,6.912821111456995,918.5860124249621,1036.6076234622642,Train
2010-07-01,709.93915,6.566586971282959,6.5888366822579885,-0.02224971097502948,-0.012562990489765823,-0.009686720485263657,0.20631563704224515,1.1700503351673728,0.7934495613928492,1.468692138466851,1.13107084992985,0.038979485237522704,0.19936011125808287,-0.2090468317433465,0.18679712076831703,-0.2090468317433465,6.775633803026306,-0.20904683174334693,903.5935002082831,-193.65435225906435,0.13911473953519934,0.2596054829809664,0.1265517490454335,0.24704249249120058,6.715388431303422,6.835879174749189,850.7050658260853,959.7661542148954,Train
2010-08-01,1115.6187,7.018060207366943,6.592807173120747,0.42525303424619665,0.09359010000394846,0.3316629342422482,0.19783728087186755,1.1225367510851745,0.7079203275362043,1.3740957795186743,1.0410080535274393,0.08152869755773517,0.1832892447816907,0.14837368946055748,0.27687934478563914,0.1483736894605575,6.869686517906386,0.1483736894605574,992.8023925402905,122.8162598034595,0.1238528450344256,0.24272564452895584,0.21744294503837408,0.3363157445329043,6.810250118159121,6.929122917653651,935.4554845309952,1053.661125631024,Train
2010-09-01,777.5524,6.657436370849609,6.596777663983505,0.06065870686610442,0.007829090862962573,0.052829616003141844,0.20664822415482817,1.1719141877138817,0.7803705234971945,1.4465459754796646,1.1134582494884295,0.05845593822545214,0.19621730688932426,-0.14338769088618242,0.20404639775228683,-0.14338769088618242,6.800824061735792,-0.14338769088618264,926.6698741757536,-149.1174449765349,0.13678090714205912,0.2556537066365894,0.1446099980050217,0.26348279749955195,6.741387661988527,6.8602604614830565,873.139112591081,983.47876666037,Train
2010-10-01,1217.0386,7.104997158050537,6.600748154846263,0.5042490032042739,0.1877149680650847,0.3165340351391892,0.19536637116553104,1.1086895177616054,0.7170788702867659,1.383254322269236,1.050166596278001,0.058522921483604495,0.1849235013620101,0.1316105337771791,0.3726384694270948,0.13161053377717913,6.973386624273358,0.13161053377717913,1101.3929366586349,115.64563756011512,0.12548710161474497,0.24435990110927522,0.31320206967982966,0.4320748691743599,6.913950224526093,7.032823024020623,1037.7798614605929,1168.9015661375058,Train
2010-11-01,845.16565,6.740715026855469,6.6047186457090215,0.1359963811464473,-0.09997905595120715,0.23597543709765445,0.1336951668272278,0.7630777159106458,0.3684561015854254,1.0346315535678956,0.7015438275766605,0.06153388833398532,0.1227150180566947,0.11326041904095975,0.022735962105487548,0.11326041904095975,6.627454607814509,0.11326041904095963,779.0097944094786,66.15585500458394,0.06327861830942957,0.18215141780395983,-0.03670043764177758,0.08217236185275267,6.568018208067244,6.6868910075617745,733.9996895213117,826.7762399749636,Train
2010-12-01,642.32587,6.466651439666748,6.608689136571779,-0.14203769690503076,-0.05521631240844771,-0.08682138449658305,0.11114694133515661,0.6367151302522307,0.18845968972128313,0.8546351417037532,0.5215474157125182,0.11516771453971253,0.09059633623858394,-0.17741772073516698,0.035380023830136234,-0.17741772073516698,6.644069160401915,-0.17741772073516682,792.0775651347849,-149.75169843556614,0.031159936491318825,0.15003273598584907,-0.024056375917128885,0.09481642357740136,6.5846327606546495,6.70350556014918,746.3133905731137,840.6442582913724,Train
2011-01-01,709.93915,6.566586971282959,6.612659627434537,-0.04607265615157807,-0.16760473149004718,0.1215320753384691,0.11738096434009472,0.6716512393591324,0.25589314480756,0.9220685967900301,0.588980870798795,0.08267036856033738,0.10262920770185927,0.018902867636609838,-0.06497552378818791,0.018902867636609838,6.54768410364635,0.01890286763660942,719.2050566550911,-9.265908705872334,0.04319280795459414,0.16206560744912438,-0.12441192353545304,-0.005539124040922799,6.488247703899084,6.607120503393614,677.645956534335,763.3091639128036,Train
2011-02-01,912.77893,6.817588806152344,6.616630118297295,0.20095868785504845,-0.09379896912938612,0.29475765698443457,0.14309819600134377,0.8157732630560572,0.41281069893559186,1.078986150918062,0.7458984249268269,0.06987483812923034,0.13062968249198179,0.16412797449245278,0.03683071336259566,0.16412797449245278,6.653460831659891,0.16412797449245264,799.5609747650192,113.21795589904332,0.07119328274471666,0.19006608223924693,-0.022605686384669463,0.0962671131098608,6.594024431912626,6.712897231407156,753.3649735073346,848.5859389347515,Train
2011-03-01,743.7458,6.613042831420898,6.6206006091600536,-0.007557777739155114,-0.0788237660224177,0.07126598828326258,0.10537625714308192,0.6043756197313201,0.2655568704238387,0.9317323224063088,0.5986445964150737,0.00573102331624642,0.10435360945538452,-0.03308762117212194,0.025529843432966826,-0.03308762117212194,6.64613045259302,-0.03308762117212183,793.7140157487443,-49.96822717452551,0.0449172097081194,0.16379000920264963,-0.03390655631429829,0.08496624318023194,6.586694052845755,6.705566852340286,747.8554105602956,842.3809222997437,Train
2011-04-01,676.1325,6.517867088317871,6.624571100022811,-0.10670401170493982,0.0915938489367517,-0.19829786064169153,0.15153859721802734,0.8630741436557129,0.47485656383175157,1.1410320158142215,0.8079442898229866,0.05512985383272628,0.14170118870752452,-0.33999904934921604,0.23329503764427623,-0.33999904934921604,6.857866137667087,-0.339999049349216,981.124425355512,-304.99191803129327,0.08226478896025939,0.2011375884547896,0.1738586378970111,0.2927314373915413,6.798429737919822,6.917302537414352,924.4513890483861,1041.268020011004,Train
2011-05-01,946.5855,6.853917121887207,6.628541590885569,0.22537553100163787,0.0672860413490043,0.15808948965263359,0.16798011432290036,0.9552141044809837,0.6818029377632,1.34797838974567,1.014890663754435,-0.05967655927345139,0.17862884003611249,-0.0205393503834789,0.2459148813851168,-0.020539350383478927,6.874456472270686,-0.020539350383478983,997.5541083241267,-50.96859807022042,0.11919244028884736,0.2380652397833776,0.18647848163785166,0.3053512811323819,6.815020072523421,6.933892872017951,939.933004750414,1058.7038282395874,Train
2011-06-01,878.9723,6.779890537261963,6.632512081748327,0.1473784555136355,0.02664815054999418,0.1207303049636413,0.16400962346014233,0.932963063398942,0.5785679256383137,1.2447433776207837,0.9116556516295488,0.021307411769393214,0.16020751445196302,-0.039477209488321716,0.1868556650019572,-0.0394772094883217,6.8193677467502845,-0.03947720948832156,944.032780711593,-65.06049067253048,0.1007711147046979,0.21964391419922813,0.12741926525469208,0.2462920647492223,6.759931347003019,6.87880414649755,889.500100625457,1001.9049474471838,Train
2011-07-01,1014.1988,6.922839641571045,6.636482572611086,0.28635706895995927,-0.012562990489765823,0.2989200594497251,0.18287776486311094,1.0387020775438065,0.722574615195176,1.388750067177646,1.055662341186411,-0.0169602636426045,0.1859041658110323,0.1130158936386928,0.17334117532126647,0.1130158936386928,6.809823747932352,0.11301589363869269,935.0562929014575,79.14249860244877,0.1264677660637672,0.24534056555829745,0.11390477557400137,0.2327775750685316,6.750387348185087,6.869260147679618,881.0415968980309,992.3787551084318,Train
2011-08-01,743.7458,6.613042831420898,6.640453063473844,-0.02741023205294546,0.09359010000394846,-0.12100033205689392,0.1509147870466175,0.8595782469942623,0.5357471027904792,1.2019225547729493,0.8688348287817143,-0.009256581787451923,0.15256653777917595,-0.27356686983606987,0.2461566377831244,-0.27356686983606987,6.886609701256968,-0.2735668698360696,1009.7638084166409,-266.0180198424222,0.09313013803191084,0.2120029375264411,0.1867202380358593,0.3055930375303896,6.827173301509704,6.946046101004233,951.4381497389344,1071.6612291674248,Train
2011-09-01,1419.8783,7.259030342102051,6.644423554336601,0.6146067877654495,0.007829090862962573,0.606777696902487,0.13714044473834353,0.7823854093392704,0.37656689388939635,1.0427423458718663,0.7096546198806314,0.07273078945863898,0.12416231333667312,0.48261538356581385,0.13199140419963568,0.48261538356581385,6.776414958536237,0.4826153835658138,904.300404470352,515.5778914280855,0.06472591358940799,0.18359871308393821,0.07255500445237056,0.1914278039469008,6.716978558788972,6.835851358283502,852.0604628022359,959.7394294678297,Train
2011-10-01,1555.1049,7.349941253662109,6.6483940451993595,0.7015472084627499,0.1877149680650847,0.5138322403976652,0.1718205460437577,0.9767362806922681,0.6106418096880837,1.2768172616705538,0.9437295356793187,0.03300674501294942,0.16593080007636252,0.34790144032130266,0.3536457681414472,0.34790144032130266,7.002039813340807,0.3479014403213023,1133.4368984217142,421.6679599767233,0.10649440032909742,0.22536719982362766,0.2942093683941821,0.4130821678887123,6.942603413593542,7.0614762130880715,1067.9747412117206,1202.9078444845925,Train
2011-11-01,845.16565,6.740715026855469,6.652364536062118,0.088350490793351,-0.09997905595120715,0.18832954674455815,0.17948082872531113,1.0196652964081985,0.679102167488568,1.345277619471038,1.012189893479803,0.007475402928395436,0.1781469127564721,0.010182633988086054,0.07816785680526495,0.010182633988086054,6.730532392867382,0.010182633988086387,863.7014143274063,-18.53576491334377,0.11871051300920697,0.2375833125037372,0.01873145705799982,0.13760425655253006,6.671095993120118,6.789968792614648,813.8042186322065,916.6542276560359,Train
2011-12-01,845.16565,6.740715026855469,6.656335026924876,0.08437999993059275,-0.05521631240844771,0.13959631233904046,0.1475061683984417,0.8404759958633053,0.48531596706351865,1.1514914190459886,0.8184036930547537,0.022072302808551658,0.14356757171443693,-0.003971259375396469,0.08835125930598922,-0.003971259375396469,6.744686286230865,-0.003971259375396663,876.0273300121797,-30.861680598117232,0.08413117196717182,0.20300397146170204,0.02891485955872411,0.14778765905325433,6.6852498864836,6.804122685978131,825.418873045915,929.7349610172301,Train
2012-01-01,507.0994,6.230677127838135,6.660305517787634,-0.4296283899494995,-0.16760473149004718,-0.2620236584594523,0.14970455958778728,0.8527960072571985,0.48091185576597206,1.1470873077484423,0.8139995817572071,0.038796425499991405,0.1427816991073529,-0.4048053575668052,-0.024823032382694288,-0.4048053575668052,6.63548248540494,-0.40480535756680514,785.2968195275016,-278.1974237755485,0.08334529936008779,0.20221809885461806,-0.08425943212995939,0.03461336736457088,6.576046085657675,6.694918885152205,739.9239247589705,833.4482715957527,Train
2012-02-01,811.359,6.699942588806152,6.664276008650392,0.03566658015576074,-0.09379896912938612,0.12946554928514686,0.11604634620102211,0.6641719013961899,0.30280712577611024,0.9689825777585803,0.6358948517673453,0.028277049628844586,0.11100057028594834,0.018464978999198522,0.01720160115656222,0.018464978999198522,6.6814776098069535,0.018464978999198856,822.3072650190428,-10.948256229980302,0.05156417053868322,0.17043697003321345,-0.0422347985907029,0.07663800090382733,6.622041210059689,6.740914009554219,774.7986995891033,872.7251725120805,Train
2012-03-01,1183.2319,7.076849937438965,6.66824649951315,0.408603437925815,-0.0788237660224177,0.4874272039482327,0.11207585533826407,0.6419208603141482,0.20961891707669467,0.8757943690591647,0.5427066430679297,0.09921421724621848,0.09437200311942423,0.39305520082880846,0.015548237097006534,0.39305520082880846,6.683794736610157,0.3930552008288082,824.2171842580789,359.0147493356711,0.034935603372159105,0.15380840286668934,-0.04388816265025859,0.07498463684427165,6.624358336862891,6.743231136357421,776.5984078206704,874.7520518893342,Train
2012-04-01,777.5524,6.657436370849609,6.672216990375908,-0.014780619526298722,0.0915938489367517,-0.10637446846305042,0.05427307191874328,0.3179880890318842,-0.054312122850632305,0.6118633291318378,0.27877560314060273,0.03921248589128146,0.04727596933988834,-0.15365043780293874,0.13886981827664002,-0.15365043780293874,6.811086808652548,-0.15365043780293863,936.2393358071477,-158.6869066079289,-0.012160430407376781,0.10671236908715348,0.07943341852937491,0.1983062180239052,6.751650408905283,6.870523208399813,882.1563728593136,993.6342455076808,Train
2012-05-01,676.1325,6.517867088317871,6.676187481238666,-0.15832039292079525,0.0672860413490043,-0.22560643426979954,-0.00046627117790153566,0.011223153876901207,-0.45648842959569846,0.20968702238677162,-0.12340070360446344,0.13462385748136466,-0.024488643617382518,-0.20111779065241703,0.042797397731621785,-0.20111779065241703,6.718984878970288,-0.2011177906524173,853.7736932944034,-177.64118597018467,-0.08392504336464764,0.03494775612988261,-0.016639002015643334,0.10223379747888692,6.659548479223023,6.778421278717553,804.449372155649,906.1185502233677,Train
2012-06-01,946.5855,6.853917121887207,6.680157972101425,0.17375914978578244,0.02664815054999418,0.14711099923578827,-0.018947433338368708,-0.09234718860482899,-0.5324248988472153,0.1337505531352547,-0.19933717285598035,0.10698998425115136,-0.03803879869559105,0.1851497979313793,-0.011390648145596868,0.1851497979313793,6.668767323955827,0.18514979793137964,811.9090166789441,134.67649357496214,-0.09747519844285617,0.021397601051674073,-0.07082704789286198,0.048045751601668255,6.609330924208563,6.728203723703093,765.0004773663629,861.690153496955,Train
2012-07-01,709.93915,6.566586971282959,6.684128462964182,-0.11754149168122296,-0.012562990489765823,-0.10497850119145714,-0.07732091136339887,-0.4194781914285875,-0.8525476653063738,-0.18637221332390375,-0.5194599393151388,0.09998174788655129,-0.09516172227028806,-0.009816778921169084,-0.10772471276005388,-0.009816778921169084,6.576403750204128,-0.009816778921169167,740.1889743750759,-30.249826425857123,-0.15459812201755319,-0.035725322523022934,-0.16716111250731902,-0.048288313012788756,6.516967350456863,6.6358401499513935,697.4190069750747,785.5781003219212,Train
2012-08-01,743.7458,6.613042831420898,6.68809895382694,-0.07505612240604176,0.09359010000394846,-0.16864622240999022,-0.06162687624043912,-0.33152719687034504,-0.7926332488718563,-0.1264577968893862,-0.4595455228806212,0.12801832601027618,-0.08447055316392535,-0.08417566924606487,0.009119546840023113,-0.08417566924606487,6.697218500666963,-0.0841756692460649,835.3693898574478,-91.62360128322905,-0.1439069529111905,-0.02503415341666023,-0.05031685290724203,0.06855594658728822,6.637782100919698,6.756654900414229,787.1070805472989,886.5871991972765,Train
2012-09-01,743.7458,6.613042831420898,6.692069444689698,-0.0790266132688,0.007829090862962573,-0.08685570413176258,-0.06913955193290913,-0.373629007766615,-0.7055592109508592,-0.03938375896838908,-0.3724714849596241,-0.001157522806990885,-0.06893300277812371,-0.017922701353638867,-0.06110391191516114,-0.017922701353638867,6.630965532774537,-0.017922701353638715,781.7531633289117,-38.00737475469293,-0.12836940252538884,-0.009496603030858586,-0.12054031166242626,-0.0016675121678960125,6.571529133027272,6.6904019325218025,736.5847536044522,829.6876080440168,Train
2012-10-01,845.16565,6.740715026855469,6.696039935552457,0.04467509130301206,0.1877149680650847,-0.14303987676207264,-0.08876651404810865,-0.4836205315948856,-0.8629279846371524,-0.1967525326546823,-0.5298402586459173,0.04621972705103172,-0.09701399349226833,-0.04602588326980431,0.09070097457281637,-0.04602588326980431,6.786740910125273,-0.04602588326980417,913.6969231267719,-68.53127371270944,-0.15645039323953347,-0.03757759374500321,0.03126457482555123,0.15013737432008148,6.727304510378008,6.846177309872538,860.91475968998,969.7113746126398,Train
2012-11-01,709.93915,6.566586971282959,6.700010426415214,-0.13342345513225506,-0.09997905595120715,-0.03344439918104791,-0.10030778820808754,-0.5482990245947187,-0.8820094673709066,-0.2158340153884365,-0.5489217413796715,0.0006227167849528481,-0.10041890621356085,0.06697450703251294,-0.20039796216476802,0.06697450703251295,6.499612464250446,0.06697450703251295,685.4025978931554,24.536550056063334,-0.15985530596082598,-0.040982506466295726,-0.25983436191203313,-0.14096156241750288,6.440176064503181,6.559048863997711,645.7940530413937,727.4367012637329,Train
2012-12-01,439.48615,6.087879180908203,6.703980917277972,-0.6161017363697692,-0.05521631240844771,-0.5608854239613215,-0.1467651056496216,-0.8086506321626982,-1.156892464421102,-0.49071701243863197,-0.823804738429867,0.015154106267168843,-0.14946921465041885,-0.4114162093109026,-0.20468552705886656,-0.4114162093109026,6.499295390219106,-0.41141620931090284,685.1849919547382,-245.69884693520692,-0.208905614397684,-0.09003281490315372,-0.26412192680613167,-0.14524912731160144,6.439858990471841,6.558731789966371,645.5890039531376,727.205769515452,Train
2013-01-01,642.32587,6.466651439666748,6.7079514081407305,-0.2412999684739825,-0.16760473149004718,-0.07369523698393532,-0.18750613897504645,-1.036967592856861,-1.4386380229375204,-0.7724625709550503,-1.1055502969462854,0.06858270408942446,-0.19974408320993756,0.12604884622600224,-0.3673488146999847,0.1260488462260022,6.340602593440746,0.1260488462260021,584.4931374699505,57.83272922926824,-0.25918048295720264,-0.14030768346267242,-0.4267852144472498,-0.3079124149527196,6.281166193693481,6.400038993188011,550.7075264203154,620.3477206820706,Train
2013-02-01,777.5524,6.657436370849609,6.711921899003489,-0.054485528153879415,-0.09379896912938612,0.03931344097550671,-0.20905817217077163,-1.1577474139459072,-1.5454532397304455,-0.8792777877479754,-1.2123655137392104,0.05461809979330323,-0.21880426294337552,0.2581177039188822,-0.31260323207276164,0.2581177039188822,6.399318666930727,0.25811770391888267,619.9003087645812,157.6521204346376,-0.2782406626906406,-0.1593678631961104,-0.37203963182002675,-0.2531668323254965,6.339882267183462,6.458755066677992,584.071543250494,657.9231656732555,Train
2013-03-01,980.39215,6.888972282409668,6.715892389866247,0.17307989254342093,-0.0788237660224177,0.25190365856583863,-0.2057870165847586,-1.1394155200199338,-1.5207204432474084,-0.8545449912649383,-1.1876327172561734,0.04821719723623952,-0.21439092596357873,0.46629458452941736,-0.2932146919859964,0.46629458452941736,6.422677697880251,0.4662945845294173,634.5746603682283,345.817490510678,-0.27382732571084384,-0.1549545262163136,-0.35265109173326153,-0.23377829223873128,6.363241298132985,6.482114097627516,597.8991181731552,673.4961490916672,Train
2013-04-01,709.93915,6.566586971282959,6.719862880729004,-0.1532759094460454,0.0915938489367517,-0.24486975838279712,-0.2473590181312121,-1.3723893124921043,-1.7089636342066685,-1.0427881822241984,-1.3758759082154335,0.003486595723329211,-0.24798116863691508,0.003111410254117958,-0.1563873197001634,0.0031114102541179856,6.563475561028841,0.0031114102541183186,730.6684174835848,-20.72926953436604,-0.30741756838418016,-0.18854476888964994,-0.21582371944742845,-0.09695091995289824,6.504039161281576,6.622911960776106,688.4478294213196,775.474521055878,Train
2013-05-01,405.6795,6.008025169372559,6.723833371591763,-0.715808202219204,0.0672860413490043,-0.7830942435682083,-0.30573249615624226,-1.699520315315863,-2.073962083791188,-1.407786631808718,-1.740874357799953,0.04135404248409014,-0.31311173954605853,-0.4699825040221498,-0.24582569819705424,-0.4699825040221498,6.478007673394709,-0.46998250402215014,670.7320609036299,-265.0525565090986,-0.3725481392933237,-0.2536753397987934,-0.3052620979443194,-0.18638929844978913,6.418571273647443,6.537444073141973,631.9700726123076,711.8677660597879,Train
2013-06-01,608.5193,6.412670612335205,6.727803862454521,-0.3151332501193158,0.02664815054999418,-0.34178140066931,-0.33769547397273575,-1.8786441458654075,-2.258096939651564,-1.5919214876690941,-1.9250092136603292,0.046365067794921666,-0.34596888811781457,0.0041874874485045566,-0.31932073756782037,0.0041874874485045566,6.4084831248867005,0.004187487448504612,625.6166772399132,-17.0973901305382,-0.4054052878650797,-0.28653248837054945,-0.3787571373150855,-0.25988433782055526,6.349046725139435,6.467919524633966,589.4580513234329,663.9895946293229,Train
2013-07-01,574.71265,6.3556084632873535,6.731774353317279,-0.3761658900299256,-0.012562990489765823,-0.3636028995401598,-0.3243981813526244,-1.8041247439583845,-2.178550566549451,-1.5123751145669808,-1.8454628405582159,0.04133809659983134,-0.33177457934803806,-0.03182832019212173,-0.3443375698378039,-0.03182832019212173,6.387436783479475,-0.03182832019212167,612.5664996749666,-37.85385319059162,-0.39121097909530317,-0.2723381796007729,-0.403773969585069,-0.2849011700905387,6.32800038373221,6.4468731832267405,577.1609282267987,650.1402468478692,Train
2013-08-01,811.359,6.699942588806152,6.735744844180037,-0.03580225537388504,0.09359010000394846,-0.1293923553778335,-0.3426652436290583,-1.906495248566171,-2.2230149086231976,-1.5568394566407275,-1.8899271826319626,-0.016568065934208454,-0.3397088267062367,0.2103164713284032,-0.24611872670228824,0.2103164713284032,6.489626117477749,0.2103164713284036,678.5820563540613,132.77695243500125,-0.3991452264535018,-0.28027242695897153,-0.30555512644955335,-0.18668232695502307,6.430189717730484,6.549062517225014,639.3670877013033,720.1984816025315,Train
2013-09-01,473.29276,6.161824703216553,6.739715335042795,-0.577890631826242,0.007829090862962573,-0.5857197226892046,-0.34663573449181634,-1.9287462896482128,-2.249828075050894,-1.5836526230684238,-1.9167403490596588,-0.012005940588553976,-0.3444933863099984,-0.2412263363792062,-0.3366642954470358,-0.2412263363792062,6.403051039595759,-0.24122633637920643,622.2220702489791,-148.92931512202597,-0.4039297860572635,-0.28505698656273326,-0.3961006951943009,-0.2772278956997707,6.343614639848494,6.462487439343024,586.2593285608906,660.3871077999415,Train
2013-10-01,439.48615,6.087879180908203,6.743685825905553,-0.6558066449973499,0.1877149680650847,-0.8435216130624346,-0.3736003462703052,-2.0798587604190657,-2.349830595726463,-1.683655143743993,-2.016742869735228,-0.0631158906838376,-0.36233790392744936,-0.4811837091349852,-0.17462293586236466,-0.4811837091349852,6.569062890043188,-0.4811837091349851,734.76793166377,-295.28178664423876,-0.42177430367471447,-0.30290150418018424,-0.23405933560962977,-0.11518653611509955,6.509626490295923,6.6284992897904536,692.3107830293637,779.8250823669276,Train
2013-11-01,507.0994,6.230677127838135,6.747656316768311,-0.5169791889301765,-0.09997905595120715,-0.4170001329789693,-0.41130102613859715,-2.2911372661672327,-2.6170956409840875,-1.9509201890016175,-2.2840079149928525,-0.007129351174380183,-0.41002885987945903,-0.006971273099510289,-0.5100079158306662,-0.006971273099510289,6.237648400937645,-0.006971273099510178,527.213347677076,-20.11395192512282,-0.4694652596267242,-0.3505924601321939,-0.5694443155779314,-0.45057151608340107,6.17821200119038,6.29708480068491,496.7330404390441,559.5602160108014,Train
2013-12-01,540.906,6.295092582702637,6.7516268076310695,-0.45653422492843276,-0.05521631240844771,-0.40131791251998505,-0.35094940301057154,-1.9529205337764208,-2.2726130968985414,-1.6064376449160713,-1.9395253709073064,-0.013395162869114463,-0.348559161062751,-0.05275875145723408,-0.4037754734711987,-0.05275875145723408,6.347851334159871,-0.05275875145723408,588.7526447973686,-47.84663893799359,-0.4079955608100161,-0.28912276131548587,-0.4632118732184638,-0.3443390737239336,6.2884149344126055,6.407287733907136,554.7212408449353,624.8680728429115,Train
2014-01-01,540.906,6.295092582702637,6.755597298493827,-0.4605047157911901,-0.16760473149004718,-0.29289998430114295,-0.35967507296065054,-2.0018200898360154,-2.2126473238838695,-1.5464718719013995,-1.8795595978926345,-0.12226049194338096,-0.3378588278533922,0.04495884355224927,-0.5054635593434393,0.04495884355224922,6.250133739150387,0.04495884355224966,533.8496117652376,7.056394094137431,-0.39729522760065733,-0.2784224281061271,-0.5648999590907045,-0.4460271595961743,6.190697339403123,6.309570138897652,502.9863619733888,566.6028733899155,Train
2014-02-01,777.5524,6.657436370849609,6.759567789356585,-0.10213141850697571,-0.09379896912938612,-0.00833244937758959,-0.3460640214904414,-1.9255423509110525,-2.216097012304487,-1.5499215603220171,-1.8830092863132522,-0.042533064597800374,-0.3384743925949665,0.3301419432173769,-0.4322733617243526,0.3301419432173769,6.327294427632232,0.33014194321737733,576.7529160290433,200.7995131701755,-0.3979107923422316,-0.2790379928477013,-0.4917097614716177,-0.37283696197708743,6.267858027884968,6.386730827379497,543.4139508823318,612.1335015186069,Train
2014-03-01,743.7458,6.613042831420898,6.763538280219343,-0.1504954487984449,-0.0788237660224177,-0.0716716827760272,-0.3739738437257783,-2.0819518787545648,-2.2785516610470684,-1.6123762090645983,-1.9454639350558334,-0.1364879436987314,-0.349618842477328,0.2779471597013008,-0.4284426084997457,0.2779471597013008,6.335095671719598,0.27794715970130035,581.2777342065766,162.46805436764214,-0.4090552422245931,-0.2901824427300629,-0.4878790082470108,-0.3690062087524806,6.275659271972333,6.3945320714668625,547.6776665170116,616.935411705394,Train
2014-04-01,473.29276,6.161824703216553,6.767508771082102,-0.6056840678655488,0.0915938489367517,-0.6972779168023006,-0.3482741358300933,-1.9379280600506636,-2.2436347830492718,-1.5774593310668017,-1.9105470570580367,-0.027381002992626913,-0.34338825108454235,-0.3538896657177582,-0.25179440214779064,-0.3538896657177582,6.515714368934311,-0.35388966571775793,696.5444488813204,-223.25169375436724,-0.40282465083180746,-0.28395185133727724,-0.31123080189505575,-0.19235800240052553,6.456277969187046,6.575150768681576,656.2929686648755,739.2608598620578,Train
2014-05-01,878.9723,6.779890537261963,6.77147926194486,0.008411275317103062,0.0672860413490043,-0.05887476603190124,-0.3047815275310675,-1.6941909888728857,-1.9130793931847634,-1.2469039412022933,-1.5799916671935283,-0.11419932167935731,-0.28440372311332257,0.22552895708142134,-0.21711768176431828,0.22552895708142134,6.554361580180542,0.22552895708142096,724.0303013204585,154.94198871860397,-0.3438401228605877,-0.2249673233660575,-0.2765540815115834,-0.15768128201705317,6.494925180433277,6.613797979927806,682.1927626851403,768.429898183943,Train
2014-06-01,574.71265,6.3556084632873535,6.775449752807617,-0.41984128952026367,0.02664815054999418,-0.44648944007025787,-0.2483419559218,-1.3778977974415623,-1.5955187911415083,-0.9293433391590382,-1.2624310651502733,-0.11546673229128901,-0.2277379938948231,-0.21875144617543477,-0.20108984334482893,-0.21875144617543474,6.574359909462788,-0.21875144617543452,738.6756491768627,-163.96300269248775,-0.2871743936420882,-0.16830159414755796,-0.260526243092094,-0.1416534435975638,6.514923509715524,6.633796309210053,695.9930075083975,783.9721017159874,Train
2014-07-01,709.93915,6.566586971282959,6.779420243670375,-0.21283327238741645,-0.012562990489765823,-0.20027028189765061,-0.20877109483041578,-1.156138602865671,-1.3107073124651287,-0.6445318604826588,-0.9776195864738938,-0.17851901639177725,-0.1769160404624579,-0.023354241435192713,-0.18947903095222374,-0.023354241435192713,6.589941212718152,-0.023354241435193046,750.2910160598215,-40.35186811060271,-0.236352440209723,-0.11747964071519276,-0.24891543069948885,-0.1300426312049586,6.530504812970887,6.6493776124654165,706.9381150106867,796.2987735003896,Train
2014-08-01,608.5193,6.412670612335205,6.783390734533134,-0.3707201221979286,0.09359010000394846,-0.46431022220187707,-0.2181095402652157,-1.208472216062252,-1.381115859258218,-0.7149404072757479,-1.048028133266983,-0.16044408279526912,-0.1894797893077942,-0.2748304328940829,-0.09588968930384573,-0.2748304328940829,6.687501045229288,-0.27483043289408293,827.2813687197364,-218.7620816103614,-0.2489161890550593,-0.13004338956052905,-0.15532608905111084,-0.03645328955658059,6.628064645482023,6.746937444976553,779.485774933361,878.0038816874222,Train
2014-09-01,676.1325,6.517867088317871,6.787361225395892,-0.26949413707802083,0.007829090862962573,-0.2773232279409834,-0.18478329886122982,-1.0217085154967687,-1.2577169475303807,-0.5915414955479107,-0.9246292215391457,-0.09707929395762294,-0.16746040380204844,-0.10986282413893497,-0.15963131293908586,-0.10986282413893497,6.627729912456806,-0.10986282413893456,779.2245642891322,-103.09205696491347,-0.22689680354931352,-0.10802400405478328,-0.21906771268635095,-0.10019491319182071,6.568293512709541,6.687166312204071,734.202066204266,827.0041619891662,Train
2014-10-01,777.5524,6.657436370849609,6.79133171625865,-0.1338953454090408,0.1877149680650847,-0.3216103134741255,-0.19668510164924022,-1.0884074481829957,-1.3012731546875003,-0.6350977027050301,-0.9681854286962651,-0.12022201948673061,-0.17523260294976892,-0.14637771052435658,0.01248236511531578,-0.14637771052435658,6.803814081373966,-0.14637771052435689,929.4477762385551,-151.89534703933634,-0.23466900269703408,-0.11579620320250379,-0.04695403463194939,0.0719187648625809,6.744377681626701,6.863250481121231,875.7567170985031,986.4267826225353,Train
2014-11-01,1048.0054,6.955597877502441,6.7953022071214075,0.16029567038103387,-0.09997905595120715,0.260274726332241,-0.13450782798817418,-0.7399595815530496,-1.0430046087008384,-0.37682915671836825,-0.7099168827096033,-0.030042698843446347,-0.1291469884296707,0.38942171476191173,-0.22912604438087786,0.38942171476191173,6.56617616274053,0.38942171476191145,732.6470329878942,315.35833810585575,-0.18858338817693585,-0.06971058868240558,-0.288562444128143,-0.16968964463361275,6.506739762993265,6.625612562487794,690.3122698319045,777.5743035384208,Train
2014-12-01,912.77893,6.817588806152344,6.799272697984166,0.01831610816817797,-0.05521631240844771,0.07353242057662568,-0.13230943679882853,-0.7276395701591563,-0.909939485526462,-0.2437640335439919,-0.5768517595352269,-0.15078781062392932,-0.10540275759716196,0.17893517817378762,-0.16061907000560965,0.17893517817378762,6.638653627978556,0.1789351781737878,787.79423658732,124.98469407674247,-0.16483915734442708,-0.04596635784989683,-0.2200554697528748,-0.10118267025834454,6.579217228231291,6.698090027725821,742.2772295209465,836.0986261403273,Train
2015-01-01,507.0994,6.230677127838135,6.803243188846924,-0.5725660610087893,-0.16760473149004718,-0.4049613295187421,-0.09183294273472707,-0.5008051148213792,-0.7886521215796073,-0.12247666959713721,-0.45556439558837225,-0.04524071923300699,-0.08376015810964141,-0.32120117140910065,-0.2513648895996886,-0.32120117140910065,6.551878299247235,-0.32120117140910054,722.2320810642458,-215.13268531229267,-0.14319655785690655,-0.02432375836237629,-0.3108012893469537,-0.19192848985242347,6.49244189949997,6.611314698994501,680.4983078981876,766.5215580412903,Train
2015-02-01,1217.0386,7.104997158050537,6.807213679709682,0.29778347834085483,-0.09379896912938612,0.39158244747024096,-0.08469046547055241,-0.46077793417140206,-0.6527922719980678,0.013383179984402305,-0.31970454600683273,-0.14107338816456932,-0.059517234401476375,0.45109968187171734,-0.1533162035308625,0.45109968187171734,6.65389747617882,0.45109968187171745,799.9106116546792,417.1279625640708,-0.1189536341487415,-8.083465421124952e-05,-0.21275260327812762,-0.09387980378359737,6.594461076431554,6.713333875926085,753.6944347617791,848.9569869804985,Train
2015-03-01,676.1325,6.517867088317871,6.8111841705724405,-0.29331708225456943,-0.0788237660224177,-0.21449331623215173,-0.033312679241330516,-0.17285151106494945,-0.4549553266800612,0.21122012530240886,-0.12186760068882617,-0.05098391037612328,-0.0242150756932678,-0.19027824053888392,-0.1030388417156855,-0.19027824053888392,6.708145328856755,-0.1902782405388841,844.558366239963,-168.42585891574424,-0.08365147544053292,0.035221324053997326,-0.16247524146295061,-0.04360244196842037,6.64870892910949,6.7675817286040205,795.7658112921871,896.3388925396604,Train
2015-04-01,1048.0054,6.955597877502441,6.815154661435198,0.14044321606724353,0.0915938489367517,0.04884936713049183,-0.015447882692080889,-0.07273534516007521,-0.2755081294138624,0.3906673225686077,0.057579596577372674,-0.1303149417374479,0.007805603899473472,0.04104376323101836,0.09939945283622517,0.041043763231018354,6.914554114271423,0.041043763231018104,1038.4073594173058,9.59801167644423,-0.051630795847791656,0.06724200364673859,0.03996305308896004,0.15883585258349028,6.855117714524158,6.973990514018688,978.4288378599911,1102.058861500761,Train
2015-05-01,946.5855,6.853917121887207,6.819125152297956,0.034791969589250904,0.0672860413490043,-0.0324940717597534,0.008071646243439895,0.05907052536420976,-0.2138501770127251,0.45232527496974495,0.11923754897850994,-0.06016702361430018,0.018807890746297348,-0.05130196250605075,0.08609393209530165,-0.05130196250605075,6.9052190843932575,-0.05130196250605046,1028.7496084917884,-82.16409823788217,-0.04062850900096778,0.07824429049356246,0.02665753234803652,0.14553033184256675,6.845782684645993,6.964655484140523,969.3283829905714,1091.8096866762435,Train
2015-06-01,980.39215,6.888972282409668,6.823095643160714,0.0658766392489536,0.02664815054999418,0.03922848869895941,-0.0014509775437159904,0.0057047576491195615,-0.23722320935389085,0.42895224262857923,0.09586451663734419,-0.09015975898822462,0.014637191002255023,0.024591297696704387,0.04128534155224921,0.024591297696704387,6.864380984712963,0.02459129769670465,987.5437033693654,-7.151552490459153,-0.0447992087450101,0.07407359074952015,-0.01815105819501592,0.10072174129951433,6.804944584965699,6.923817384460229,930.5002455896118,1048.0804034653481,Train
2015-07-01,811.359,6.699942588806152,6.827066134023473,-0.12712354521732028,-0.012562990489765823,-0.11456055472755446,0.011284481694742545,0.07707558722880671,-0.2416970666710584,0.4244783853114117,0.09139065932017663,-0.014315072091369924,0.01383887286812361,-0.12839942759567807,0.0012758823783577868,-0.12839942759567807,6.82834201640183,-0.1283994275956779,952.5519291068553,-141.19292031779275,-0.04559752687914151,0.07327527261538874,-0.05816051736890733,0.06071228212562292,6.768905616654565,6.887778416149096,897.5276554976932,1010.9457936993233,Train
2015-08-01,1183.2319,7.076849937438965,6.831036624886231,0.24581331255273398,0.09359010000394846,0.1522232125487855,0.08894720101417446,0.5123054915030041,0.22684928608497734,0.8930247380674474,0.5599370120762124,-0.0476315205732083,0.09744660185199994,0.05477661069678558,0.1910367018559484,0.05477661069678558,7.022073326742179,0.054776610696785966,1156.3928314661807,26.839102127569276,0.03801020210473482,0.15688300159926505,0.1316003021086833,0.2504731016032135,6.962636926994914,7.081509726489444,1089.6060127435471,1227.2695590128728,Train
2015-09-01,878.9723,6.779890537261963,6.835007115748988,-0.055116578487025336,0.007829090862962573,-0.06294566934998791,0.061026014159900326,0.3558322751606151,0.1226728779834681,0.7888483299659381,0.45576060397470314,-0.09992832881408803,0.07885729293126695,-0.14180296228125486,0.08668638379422952,-0.14180296228125486,6.921693499543218,-0.14180296228125489,1045.8546418870988,-166.88235184803625,0.019420893184001822,0.13829369267853206,0.027249984046964396,0.14612278354149463,6.862257099795952,6.981129899290483,985.4463783348762,1109.962202619118,Train
2015-10-01,1081.812,6.987316608428955,6.8389776066117465,0.1483390018172086,0.1877149680650847,-0.03937596624787609,0.0756261848419421,0.437653140358443,0.09281246492574419,0.7589879169082143,0.4259001909169792,0.011752949441463767,0.07352898057200566,-0.11290494681988175,0.26124394863709033,-0.11290494681988172,7.100221555248837,-0.1129049468198815,1250.4691047291685,-168.65709301041852,0.014092580824740537,0.13296538031927077,0.20180754888982524,0.32068034838435544,7.040785155501572,7.159657954996102,1178.2536581131371,1327.106899916328,Train
2015-11-01,980.39215,6.888972282409668,6.842948097474505,0.04602418493516325,-0.09997905595120715,0.1460032408863704,0.07429892155639348,0.4302150197546561,0.17058249118157054,0.8367579431640406,0.5036702171728056,-0.07345519741814949,0.08740631680569874,0.05859692408067166,-0.01257273914550841,0.05859692408067166,6.830375358328996,0.058596924080672075,954.4927987811728,25.899352097733413,0.027969917058433623,0.14684271655296385,-0.07200913889277352,0.0468636606017567,6.7709389585817314,6.889811758076261,899.3565281839719,1013.00551886278,Train
2015-12-01,1115.6187,7.018060207366943,6.846918588337263,0.1711416190296804,-0.05521631240844771,0.2263579314381281,0.11520814534156425,0.6594745371650469,0.29777806124412,0.9639535132265901,0.630865787235355,0.028608749929691868,0.11010318059982695,0.11625475083830115,0.05488686819137924,0.11625475083830115,6.901805456528642,0.11625475083830139,1025.2404194750407,90.37823286870935,0.05066678085256182,0.16953958034709204,-0.004549531555885888,0.11432326793864434,6.8423690567813775,6.961241856275907,966.021690105088,1088.0856010167242,Train
2016-01-01,1352.265,7.210275650024414,6.85088907920002,0.35938657082439374,-0.16760473149004718,0.5269913023144409,0.10214750904983082,0.5862813817769253,0.3102598260395605,0.9764352780220306,0.6433475520307955,-0.057066170253870174,0.11233043517585616,0.41466086713858474,-0.05527429631419102,0.41466086713858474,6.7956147828858295,0.4146608671385845,921.8499481894019,430.41506645903564,0.05289403542859104,0.17176683492312128,-0.11471069606145615,0.004162103433074105,6.736178383138564,6.855051182633094,868.5973182073757,978.3636767749148,Train
2016-02-01,912.77893,6.817588806152344,6.854859570062779,-0.03727076391043482,-0.09379896912938612,0.0565282052189513,0.1467271868602702,0.8361105028280272,0.4847969149108692,1.1509723668933391,0.8178846409021042,0.018225861925923015,0.1434749516962638,-0.08694674647731251,0.04967598256687769,-0.08694674647731251,6.904535552629656,-0.08694674647731215,1028.0459824286052,-115.26705176454266,0.0840385519489987,0.20291135144352893,-0.00976041718038742,0.1091123823141428,6.8450991528823915,6.963971952376921,968.6653593443489,1091.0629717745785,Train
2016-03-01,845.16565,6.740715026855469,6.858830060925537,-0.11811503407006807,-0.0788237660224177,-0.039291268047650374,0.14275669599751217,0.8138594617459856,0.5588921870748808,1.2250676390573507,0.8919799130661158,-0.07812045132013024,0.15669656231736032,-0.1959878303650107,0.07787279629494262,-0.1959878303650107,6.93670285722048,-0.1959878303650111,1061.685767957124,-216.52011854306147,0.09726016257009522,0.21613296206462543,0.018436396547677522,0.13730919604220773,6.8772664574732145,6.996139256967744,1000.3639765876653,1126.7627993638491,Train
2016-04-01,1081.812,6.987316608428955,6.862800551788295,0.12451605664066001,0.0915938489367517,0.032922207703908316,0.1635328218161709,0.9302910177162519,0.5735742976035387,1.2397497495860088,0.9066620235947738,0.02362899412147812,0.15931644807844,-0.12639424037453167,0.2509102970151917,-0.12639424037453167,7.113710848803486,-0.12639424037453129,1267.4649118594432,-185.6529001406932,0.09988004833117489,0.21875284782570512,0.19147389726792657,0.3103466967624568,7.054274449056222,7.173147248550752,1194.2687300435778,1345.1435007673335,Train
2016-05-01,1622.718,7.3924736976623535,6.866771042651053,0.5257026550113002,0.0672860413490043,0.4584166136622959,0.1760339950642323,1.0003488843960189,0.7136371456414574,1.3798125976239275,1.0467248716326925,-0.04637598723667358,0.1843093576819036,0.2741072559803923,0.2515953990309079,0.2741072559803923,7.118366441681961,0.2741072559803923,1273.384136127495,349.3338814506301,0.12487295793463847,0.2437457574291687,0.19215899928364277,0.311031798778173,7.058930041934696,7.1778028414292265,1199.846388209419,1351.4252080526705,Train
2016-06-01,878.9723,6.779890537261963,6.870741533513811,-0.09085099625184778,0.02664815054999418,-0.11749914680184197,0.11720557465384653,0.6706683374336602,0.3249608734168443,0.9911363253993144,0.6580485994080794,0.012619738025580807,0.11495370004104881,-0.23245284684289078,0.141601850591043,-0.23245284684289078,7.012343384104853,-0.23245284684289036,1145.18607457153,-266.21378453246757,0.05551730029378369,0.17439009978831393,0.08216545084377787,0.2010382503383081,6.952906984357589,7.071779783852119,1079.045936578933,1215.3765197830376,Train
2016-07-01,1453.6849,7.2825446128845215,6.874712024376569,0.40783258850795256,-0.012562990489765823,0.4203955789977184,0.11813422796375694,0.6758726065439629,0.25662039654369295,0.922795848526163,0.589708122534928,0.08616448400903487,0.10275897899492345,0.3176366000027949,0.09019598850515763,0.3176366000027949,6.964908012881726,0.31763660000279526,1092.0856873783828,361.5992491450547,0.043322579247658324,0.16219537874218856,0.030759588757892503,0.14963238825242273,6.905471613134462,7.024344412628992,1029.0096827009006,1159.024357070472,Train
2016-08-01,1183.2319,7.076849937438965,6.878682515239327,0.19816742219963768,0.09359010000394846,0.10457732219568922,0.060523013872544267,0.35301340957318394,-0.011868760239695297,0.6543066917427748,0.32121896575153974,0.0317944438216442,0.054849591751985755,0.04972773044370346,0.14843969175593422,0.04972773044370346,7.027122206995261,0.0497277304437036,1162.251145797188,20.980787796562026,-0.004586807995279373,0.11428599149925088,0.08900329200866909,0.20787609150319936,6.967685807247996,7.086558606742527,1095.126275752126,1233.486626342372,Train
2016-09-01,1183.2319,7.076849937438965,6.882653006102085,0.19419693133687943,0.007829090862962573,0.18636784047391686,0.013011171055643913,0.08675213283320901,-0.4023855461389068,0.26378990584356327,-0.06929782014767179,0.1560499529808808,-0.014834488397318407,0.20120232887123526,-0.007005397534355834,0.20120232887123526,6.875647608567729,0.20120232887123546,998.7442310255744,184.48770256817556,-0.07427088814458353,0.04460191134994672,-0.06644179728162096,0.05243100221290929,6.816211208820464,6.935084008314995,941.0544519711102,1059.9668319889945,Train
2016-10-01,1318.4584,7.184976577758789,6.886623496964844,0.2983530807939454,0.1877149680650847,0.1106381127288607,-0.009529981351913916,-0.0395708145287023,-0.4667869919819358,0.19938846000053428,-0.13369926599070076,0.09412845146199846,-0.026326326074726073,0.13696443880358677,0.16138864199035863,0.13696443880358677,7.048012138955202,0.1369644388035871,1186.8069748996254,131.6513991238121,-0.0857627258219912,0.03311007367253905,0.1019522422430935,0.22082504173762374,6.9885757392079375,7.107448538702467,1118.2651220789141,1259.5462117854909,Train
2016-11-01,507.0994,6.230677127838135,6.890593987827601,-0.6599168599894663,-0.09997905595120715,-0.5599378040382591,0.020262618554777928,0.12738999394024075,-0.3013929317199911,0.364782520262479,0.031694794271243956,0.0956951996689968,0.003186702219240195,-0.5631245062574993,-0.09679235373196696,-0.5631245062574993,6.793801634095634,-0.5631245062574992,920.1781999444546,-413.0788041925015,-0.05624969752802493,0.06262310196650532,-0.1562287534792321,-0.03735595398470183,6.734365234348369,6.853238033842899,867.0220374226975,976.5895535699183,Train
2016-12-01,1183.2319,7.076849937438965,6.894564478690359,0.18228545874860558,-0.05521631240844771,0.2375017711570533,-0.012423443075700638,-0.0557860730220996,-0.397952131306962,0.2682233206755081,-0.06486440531572697,0.009078332293627374,-0.01404338684768082,0.2515451580047341,-0.06925969925612853,0.2515451580047341,6.825304779434231,0.25154515800473387,949.6601596547885,233.57177393896154,-0.07347978659494594,0.045393012899584306,-0.12869609900339365,-0.009823299508863403,6.765868379686966,6.884741179181496,894.8027542661061,1007.876937306669,Train
2017-01-01,709.93915,6.566586971282959,6.8985349695531175,-0.33194799827015853,-0.16760473149004718,-0.16434326678011135,0.027408406886940028,0.16743573015736574,-0.21715933839448498,0.4490161135879851,0.11592838759675006,0.051507342560615677,0.018217401744851317,-0.18256066852496267,-0.14938732974519586,-0.18256066852496267,6.749147639807922,-0.182560668524963,879.9488000560061,-170.00965210678737,-0.041218998002413805,0.07765380149211644,-0.20882372949246097,-0.08995092999793074,6.689711240060657,6.808584039555186,829.1140564722482,933.8965750781277,Train
2017-02-01,540.906,6.295092582702637,6.902505460415876,-0.607412877713239,-0.09379896912938612,-0.5136139085838529,-0.03235389909778666,-0.1674784080658354,-0.43102369801554447,0.23515175396692561,-0.09793597202430944,-0.06954243604152595,-0.01994469964241099,-0.49366920894144195,-0.11374366877179712,-0.49366920894144195,6.788761791644078,-0.4936692089414416,915.547286286649,-374.64128042727395,-0.07938109938967611,0.03949170010485414,-0.17318006851906223,-0.054307269024531986,6.729325391896814,6.848198191391344,862.6583484984277,971.6750507998483,Train
2017-03-01,676.1325,6.517867088317871,6.906475951278633,-0.388608862960762,-0.0788237660224177,-0.30978509693834433,-0.01726866581656275,-0.08293920193867804,-0.5145109812776887,0.15166447070478134,-0.1814232552864537,0.09848405334777566,-0.03484222709412063,-0.27494286984422367,-0.11366599311653833,-0.27494286984422367,6.792809958162095,-0.27494286984422356,919.2651424964438,-243.13263517222504,-0.09427862684138574,0.024594172653144494,-0.17310239286380344,-0.0542295933692732,6.733373558414829,6.85224635790936,866.1616675329692,975.6205820690312,Train
2017-04-01,1622.718,7.3924736976623535,6.910446442141391,0.48202725552096215,0.0915938489367517,0.39043340658421044,-0.018893554961689752,-0.09204524861444593,-0.3794518662765783,0.2867235857058918,-0.04636414028534326,-0.045681108329102674,-0.010742187007596736,0.40117559359180716,0.08085166192915497,0.4011755935918072,6.991298104070546,0.4011755935918071,1121.3163214737779,501.40169610434714,-0.07017858675486185,0.04869421273966839,0.02141526218188984,0.14028806167642008,6.931861704323281,7.050734503817812,1056.5535765578884,1190.0450244479737,Train
2017-05-01,1149.4253,7.047886848449707,6.91441693300415,0.13346991544555742,0.0672860413490043,0.06618387409655312,0.005765217417637997,0.04614505989164236,-0.32979851790389025,0.3363769340785798,0.003289208087344772,0.04285585180429759,-0.001882009845899216,0.06806588394245233,0.06540403150310509,0.06806588394245233,6.979820964507255,0.06806588394245239,1108.5089768456244,40.916316123125625,-0.061318409593164334,0.05755438990136591,0.005967631755839968,0.12484043125037021,6.920384564759989,7.03925736425452,1044.485273835598,1176.4533802707585,Train
2017-06-01,1487.4916,7.305518627166748,6.918387423866908,0.3871312032998402,0.02664815054999418,0.360483052749846,0.06740998318228061,0.39160869724380126,0.11885552094224144,0.7850309729247116,0.4519432469334765,-0.06033454968967522,0.07817612115165488,0.2823069315981911,0.10482427170164907,0.2823069315981911,7.023211695568557,0.28230693159819076,1157.7111215932257,329.7804555552118,0.01873972140438976,0.13761252089892,0.04538787195438394,0.16426067144891418,6.963775295821292,7.082648095315822,1090.848231547748,1228.6685789384965,Train
2017-07-01,743.7458,6.613042831420898,6.922357914729666,-0.30931508330876767,-0.012562990489765823,-0.29675209281900183,0.078621192708113,0.45443747392694167,0.21591470161321713,0.8820901535956872,0.5490024276044522,-0.0945649536775105,0.09549542718232484,-0.3922475200013267,0.08293243669255902,-0.3922475200013267,7.005290351422225,-0.3922475200013267,1137.130428488917,-393.38463991469825,0.03605902743505972,0.15493182692958996,0.023496036945293897,0.14236883643982412,6.94585395167496,7.0647267511694904,1071.4551378324923,1206.827559920447,Train
2017-08-01,1487.4916,7.305518627166748,6.9263284055924235,0.3791902215743246,0.09359010000394846,0.2856001215703761,0.13809980647232845,0.7877617716313143,0.5108392710635568,1.1770147230460268,0.8439269970547918,-0.05616522542347746,0.14812196739174013,0.137478154178636,0.2417120673956886,0.137478154178636,7.168040472988112,0.13747815417863585,1338.2865713355422,149.20500581289525,0.08868556764447504,0.20755836713900527,0.1822756676484235,0.30114846714295374,7.108604073240847,7.2274768727353775,1261.003658373195,1420.3021557099873,Train
2017-09-01,1217.0386,7.104997158050537,6.930298896455182,0.1746982615953554,0.007829090862962573,0.16686917073239282,0.14842588702324636,0.8456301940750177,0.6441243505721149,1.3102998025545851,0.97721207656335,-0.13158188248833225,0.17190544738170874,-0.005036276649315913,0.1797345382446713,-0.005036276649315913,7.110033434699853,-0.0050362766493154965,1262.808807561599,-45.770233342849,0.11246904763444363,0.23134184712897388,0.1202981384974062,0.23917093799193645,7.050597034952588,7.169469834447118,1189.8813040935163,1340.2022647261645,Train
2017-10-01,1859.3644,7.528527736663818,6.93426938731794,0.5942583493458784,0.1877149680650847,0.4065433812807937,0.1596283545345117,0.9084099796051761,0.5990559754494732,1.2652314274319432,0.9321437014407082,-0.02373372183553213,0.16386341595657145,0.24267996532422226,0.35157838402165614,0.24267996532422226,7.285847771339596,0.2426799653242222,1505.7339497354178,353.6304301473947,0.10442701620930633,0.22329981570383653,0.29214198427439103,0.4110147837689212,7.226411371592331,7.3452841710868615,1418.7885631489632,1598.0037208428337,Train
2017-11-01,1115.6187,7.018060207366943,6.938239878180698,0.07982032918624515,-0.09997905595120715,0.1797993851374523,0.14649710660693427,0.8348211093131941,0.5496362586414228,1.215811710623893,0.8827239846326579,-0.0479028753194638,0.15504492816973173,0.02475445696772058,0.055065872218524575,0.02475445696772058,6.993305750399223,0.024754456967720273,1123.57179905926,-7.953146715510002,0.09560852842246662,0.21448132791699687,-0.0043705275287405365,0.11450227196578971,6.933869350651958,7.0527421501464875,1058.6789028511394,1192.438623564855,Train
2017-12-01,1419.8783,7.259030342102051,6.9422103690434565,0.31681997305859433,-0.05521631240844771,0.37203628546704204,0.14004106232061256,0.7986407700030468,0.4341351329890669,1.1003105849715369,0.767222858980302,0.03141791102274483,0.13443482896807826,0.23760145649896378,0.07921851655963055,0.23760145649896378,7.021428885603087,0.2376014564989637,1155.6472001950322,264.23109570340534,0.07499842922081314,0.19387122871534335,0.019782116812365427,0.13865491630689564,6.961992485855822,7.080865285350352,1088.903407780481,1226.4782665772357,Train
2018-01-01,1521.2982,7.327976226806641,6.946180859906214,0.3817953669004268,-0.16760473149004718,0.549400098390474,0.12602540067385792,0.7200955538386898,0.35884819122930034,1.0250236432117705,0.6919359172205354,0.02815963661815446,0.12100057601604873,0.42839952237442525,-0.046604155473998446,0.42839952237442525,6.899576704432215,0.42839952237442525,1022.9557309366173,498.34248683682017,0.061564176268783605,0.18043697576331386,-0.10604055522126357,0.01283224427326668,6.84014030468495,6.959013104179481,963.8688384634418,1085.6610021188583,Train
2018-02-01,642.32587,6.466651439666748,6.950151350768972,-0.483499911102224,-0.09379896912938612,-0.3897009419728379,0.18163269275991176,1.0317245648190587,0.6489328993092698,1.3151083512917399,0.9820206253005048,0.0497039395185539,0.1727634880798318,-0.5624644300526697,0.07896451895044568,-0.5624644300526697,7.029115869719417,-0.5624644300526693,1164.5725895644298,-522.246722865211,0.11332708833256669,0.2321998878270969,0.019528119203180566,0.1384009186977108,6.969679469972153,7.088552269466683,1097.3137616790898,1235.9502312954553,Train
2018-03-01,811.359,6.699942588806152,6.95412184163173,-0.25417925282557796,-0.0788237660224177,-0.17535548680316027,0.15860647775317174,0.9026832765278177,0.612697560368667,1.278873012351137,0.945785286359902,-0.04310200983208434,0.16629762962214734,-0.3416531164253076,0.08747386359972964,-0.3416531164253076,7.04159570523146,-0.3416531164253076,1179.2098893313148,-367.8508805422523,0.10686122987488222,0.22573402936941245,0.028037463852464528,0.14691026334699475,6.982159305484195,7.101032104978725,1111.1064228241144,1251.4838938869507,Train
2018-04-01,1453.6849,7.2825446128845215,6.9580923324944886,0.32445228039003293,0.0915938489367517,0.23285843145328122,0.14739124100011414,0.8398319308471572,0.45001504675388204,1.1161904987363522,0.7831027727451171,0.056729158102040156,0.13726845155104453,0.0955899799022367,0.2288623004877962,0.09558997990223672,7.186954632982284,0.09558997990223705,1363.859131200507,89.82580532293059,0.07783205180377943,0.19670485129830967,0.16942590074053113,0.2882987002350614,7.12751823323502,7.24639103272955,1285.1005654835024,1447.4407347422941,Train
2018-05-01,1115.6187,7.018060207366943,6.962062823357247,0.05599738400969656,0.0672860413490043,-0.011288657339307742,0.08103431685386808,0.46796087099779277,0.1295362730060831,0.7957117249885532,0.46262399899731815,0.005336872000474613,0.08008200179429563,-0.09137065913360337,0.14736804314329993,-0.09137065913360337,7.109430866500547,-0.0913706591336032,1262.0475059552634,-146.42885361151343,0.020645602047030507,0.13951840154156075,0.0879316433960348,0.20680444289056504,7.049994466753281,7.168867266247812,1189.1639330447163,1339.3943423312203,Train
2018-06-01,1318.4584,7.184976577758789,6.966033314220004,0.2189432635387849,0.02664815054999418,0.19229511298879073,0.09097352352376387,0.5236612122349794,0.05217741167636025,0.7183528636588303,0.3852651376675953,0.13839607456738412,0.0662780341088948,0.12601707887989594,0.09292618465888898,0.12601707887989594,7.0589594988788935,0.12601707887989555,1199.8817619954657,118.5766120279718,0.006841634361629667,0.1257144338561599,0.03348978491162385,0.15236258440615408,6.999523099131628,7.118395898626158,1130.5854346248286,1273.4216761427826,Train
2018-07-01,1521.2982,7.327976226806641,6.970003805082762,0.3579724217238782,-0.012562990489765823,0.37053541221364406,0.07866891254636148,0.45470490083157317,0.08946410332484422,0.7556395553073143,0.42255182931607926,0.0321530715154939,0.07293149665686818,0.2976039155567759,0.06036850616710236,0.29760391555677584,7.030372311249865,0.2976039155567758,1166.0379837710016,355.26023400243594,0.013495096909603061,0.1323678964041333,0.0009321064198372381,0.11980490591436747,6.9709359115025995,7.08980871099713,1098.6945959898578,1237.5053636990367,Train
2018-08-01,1183.2319,7.076849937438965,6.973974295945521,0.10287564149344419,0.09359010000394846,0.00928554148949573,0.03811475965052233,0.22743523737593166,-0.19778922847275182,0.46838622350971826,0.13529849751848322,0.09213673985744844,0.02167381729733221,-0.012388275807836479,0.11526391730128067,-0.012388275807836482,7.0892382132468015,-0.012388275807836635,1236.79900068369,-53.56706708994011,-0.03776258244993291,0.08111021704459734,0.05582751755401555,0.1747003170485458,7.029801813499536,7.148674612994067,1165.372381107176,1312.5996624329841,Train
2018-09-01,1115.6187,7.018060207366943,6.977944786808279,0.04011542055866446,0.007829090862962573,0.03228632969570189,0.074889805274072,0.43352639316697056,0.04264371529815014,0.7088191672806202,0.3757314412893852,0.05779495187758538,0.06457683486080464,-0.03229050516510275,0.07240592572376721,-0.03229050516510275,7.050350712532046,-0.032290505165102346,1189.5879994533507,-73.96934710960068,0.005140435113539509,0.12401323460806975,0.012969525976502083,0.1318423254710323,6.990914312784781,7.109787112279311,1120.8856688953638,1262.4975414545029,Validate
2018-10-01,878.9723,6.779890537261963,6.981915277671037,-0.20202474040907425,0.1877149680650847,-0.38973970847415895,0.0775816434492982,0.4486117324596444,0.1373300268519499,0.80350547883442,0.47041775284318493,-0.021806020383540514,0.08147272451677419,-0.4712124329909331,0.2691876925818589,-0.4712124329909331,7.251102970252896,-0.4712124329909333,1454.2818016733443,-575.3095116342818,0.022036324769509067,0.14090912426403931,0.20975129283459376,0.32862409232912404,7.191666570505631,7.3105393700001615,1370.3054375242918,1543.400732564074,Validate
2018-11-01,1318.4584,7.184976577758789,6.9858857685337945,0.19909080922499456,-0.09997905595120715,0.2990698651762017,0.034864835358858697,0.2092223258174094,-0.1600625471501556,0.5061129048323145,0.17302517884107943,0.036197146976329975,0.02840579190118331,0.2706640732750184,-0.07157326405002384,0.2706640732750184,6.914312504483771,0.27066407327501807,1038.1562587613223,280.3021152621152,-0.03103060784608181,0.08784219164844845,-0.13100966379728896,-0.012136864302758704,6.854876104736506,6.973748904231035,978.1922268513739,1101.7923838765632,Validate
2018-12-01,1284.6517,7.159020900726318,6.989856259396553,0.1691646413297656,-0.05521631240844771,0.22438095373821332,0.03813909038640015,0.22757158933398594,-0.14010592316428053,0.5260695288181896,0.1929818028269545,0.03458978650703143,0.03196686542108102,0.1924140883171323,-0.02324944698736669,0.1924140883171323,6.966606812409186,0.19241408831713258,1093.9441989999468,190.70753439849068,-0.0274695343261841,0.09140326516834615,-0.08268584673463181,0.036186952759898444,6.907170412661921,7.026043212156451,1030.7609497678166,1160.9966807170133,Validate
2019-01-01,980.39215,6.888972282409668,6.993826750259311,-0.10485446784964303,-0.16760473149004718,0.06275026364040415,0.05485983538383085,0.32127637212291627,-0.020753006416313835,0.6454224455661562,0.3123347195749212,0.00894165254799506,0.05326428083836624,0.009485982802037905,-0.11434045065168094,0.009485982802037912,6.87948629960763,0.009485982802037718,1002.5893155715839,-22.19716469267769,-0.006172118908898887,0.11270068058563136,-0.17377685039894605,-0.054904050904415816,6.820049899860365,6.938922699354896,944.6776576894946,1064.0473828368094,Validate
2019-02-01,1048.0054,6.955597877502441,6.997797241122069,-0.04219936361962784,-0.09379896912938612,0.051599605509758284,-0.008688438427739096,-0.03485472102153621,-0.39385386545950823,0.27232158652296184,-0.06076613946827321,0.025911418446737,-0.013312089510155282,0.06491169501991356,-0.1071110586395414,0.06491169501991356,6.890686182482527,0.064911695019914,1013.8925778130385,34.11279328071146,-0.0727484892574204,0.04612431023710985,-0.1665474583868065,-0.047674658892276275,6.831249782735263,6.950122582229793,955.3286704044533,1076.042837233335,Validate
2019-03-01,878.9723,6.779890537261963,7.001767731984827,-0.2218771947228637,-0.0788237660224177,-0.14305342870044602,-0.0015401199083763528,0.005205194626115837,-0.4123410101537217,0.25383444182874837,-0.07925328416248668,0.08445847878860252,-0.016610948148554096,-0.12644248055189192,-0.0954347141709718,-0.12644248055189192,6.9063330178138544,-0.12644248055189156,1029.8973201140227,-150.9250300749602,-0.07604734789581923,0.04282545159871103,-0.15487111391823694,-0.035998314423706664,6.84689661806659,6.96576941756112,970.4098664437898,1093.0276821655796,Validate
2019-04-01,912.77893,6.817588806152344,7.005738222847585,-0.1881494166952411,0.0915938489367517,-0.2797432656319928,0.012563544082686423,0.08424358502161966,-0.23905291193163034,0.4271225400508397,0.0940348140596047,-0.009791229037985044,0.014310697633261933,-0.29405396326525474,0.10590454657001364,-0.29405396326525474,7.111642769417599,-0.294053963265255,1264.844336436517,-352.0654057724546,-0.04512570211400319,0.07374709738052705,0.0464681468227485,0.16534094631727875,7.052206369670333,7.171079169164863,1191.7993737149473,1342.3624458553193,Validate
2019-05-01,1217.0386,7.104997158050537,7.009708713710343,0.09528844434019401,0.0672860413490043,0.02800240299118971,0.014761935272032076,0.0965635964155131,-0.26932851560159476,0.3968469363808753,0.0637592103896403,0.032804386025872795,0.008908298379543642,0.019094104611646068,0.07619433972854794,0.019094104611646068,7.085903053438891,0.0190941046116464,1232.677619758621,-15.63904553987095,-0.05052810136772149,0.06834469812680875,0.01675793998128281,0.13563073947581306,7.026466653691626,7.145339453186156,1161.488822564661,1308.2258952955583,Validate
2019-06-01,1690.3313,7.433271408081055,7.013679204573101,0.41959220350795334,0.02664815054999418,0.39294405295795914,-0.01387558020315278,-0.0639239995396413,-0.38500603954674456,0.2811694124357255,-0.051918313555509535,-0.012005685984131764,-0.01173327745312058,0.4046773304110797,0.014914873096873602,0.4046773304110797,7.028594077669975,0.40467733041107934,1163.9645616999958,526.3667371281292,-0.0711696772003857,0.04770312229414455,-0.04452152665039151,0.07435127284413873,6.96915767792271,7.08803047741724,1096.7408197817147,1235.3049688602534,Validate
2019-07-01,743.7458,6.613042831420898,7.01764969543586,-0.40460686401496115,-0.012562990489765823,-0.3920438735251953,-0.046298745613742025,-0.2456267689195746,-0.6074170758553952,0.05875837612707496,-0.2743293498641601,0.02870258094458547,-0.05142045362541913,-0.3406234198997762,-0.06398344411518496,-0.3406234198997762,6.953666251320675,-0.3406234198997762,1079.8662911718523,-336.1205025976335,-0.11085685337268426,0.008015946121845995,-0.12341984386245008,-0.004547044367919828,6.894229851573409,7.01310265106794,1017.4954011081445,1146.0566662554304,Validate
2019-08-01,1352.265,7.210275650024414,7.021620186298617,0.1886554637257971,0.09359010000394846,0.09506536372184865,-0.05621785949794373,-0.3012145081094615,-0.6818487821461267,-0.015673330163656574,-0.3487610561548916,0.047546548045430126,-0.06470209778027869,0.15976746150212734,0.028888002223669773,0.15976746150212734,7.0505081885222864,0.15976746150212762,1189.775503240818,162.4895114076196,-0.12413849752754381,-0.005265698033013561,-0.030548397523595353,0.0883244019709349,6.991071788775022,7.109944588269552,1121.0623528633862,1262.696527648373,Validate
2019-09-01,1386.0717,7.234950065612793,7.025590677161375,0.20935938845141777,0.007829090862962573,0.2015302975884552,-0.07168910630654322,-0.3879169739323965,-0.7619458864391155,-0.09577043445664546,-0.4288581604478805,0.04094118651548401,-0.07899467939729614,0.28052497698575135,-0.07116558853433357,0.28052497698575135,6.954425088627041,0.28052497698575163,1080.6868041153305,305.38485115810704,-0.13843107914456126,-0.019558279650031013,-0.1306019882815987,-0.01172918878706844,6.894988688879777,7.013861488374307,1018.2685667312273,1146.9274259870017,Validate
2019-10-01,946.5855,6.853917121887207,7.029561168024133,-0.1756440461369264,0.1877149680650847,-0.3633590142020111,-0.05332657123698931,-0.2850114299263693,-0.6569607104912176,0.009214741491252454,-0.3238729844999826,0.03886155457361329,-0.060261053393495495,-0.3030979608085156,0.1274539146715892,-0.3030979608085156,7.157015082695723,-0.3030979608085156,1323.6015171584518,-377.0160069045455,-0.11969745314076062,-0.0008246536462303718,0.06801751492432408,0.18689031441885431,7.097578682948457,7.216451482442988,1247.1659984641467,1404.7178143111162,Validate
2019-11-01,980.39215,6.888972282409668,7.033531658886892,-0.14455937647722372,-0.09997905595120715,-0.04458032052601657,-0.12476069849806283,-0.6853356606794997,-0.9992767655303753,-0.3331013135479052,-0.6661890395391402,-0.019146621140359477,-0.12134416243531462,0.07676384190929805,-0.22132321838652178,0.07676384190929805,6.8122084405003696,0.07676384190929841,937.2911630664247,43.10098781248155,-0.18078056218257976,-0.061907762688049504,-0.2807596181337869,-0.16188681863925666,6.752772040753105,6.871644840247635,883.1475049124496,994.7504848421455,Validate
2019-12-01,912.77893,6.817588806152344,7.037502149749649,-0.2199133435973053,-0.05521631240844771,-0.1646970311888576,-0.2134910207893487,-1.1825895556688868,-1.6183485848525252,-0.9521731328700551,-1.2852608588612902,0.10267130319240336,-0.23181175776924248,0.06711472658038489,-0.28702807017769016,0.06711472658038486,6.750474079571958,0.06711472658038531,881.1181009066097,31.660829757452802,-0.29124815751650757,-0.17237535802197737,-0.3464644699249553,-0.22759167043042508,6.691037679824694,6.809910479319224,830.215883357386,935.1374818826962,Validate
2020-01-01,912.77893,6.817588806152344,7.041472640612407,-0.22388383446006355,-0.16760473149004718,-0.05627910297001637,-0.3362320315444814,-1.870442863273947,-2.3200690275808644,-1.6538935755983943,-1.9869813015896294,0.11653843831568245,-0.35702722952135063,0.30074812655133426,-0.5246319610113979,0.3007481265513343,6.516840679601009,0.3007481265513343,697.3305432447235,215.44838741933904,-0.41646362926861574,-0.2975908297740855,-0.584068360758663,-0.4651955612641327,6.457404279853744,6.576277079348275,657.0337018161466,740.0950932794676,Validate
2020-02-01,912.77893,6.817588806152344,7.0454431314751655,-0.2278543253228218,-0.09379896912938612,-0.13405535619343567,-0.3295631727876919,-1.8330698896803042,-2.3869515298685653,-1.7207760778860952,-2.0538638038773303,0.2207939141970261,-0.3689617885935566,0.23490643240012093,-0.46276075772294273,0.23490643240012093,6.582682373752223,0.23490643240012066,744.8572607939509,167.9216698701116,-0.4283981883408218,-0.3095253888462915,-0.5221971574702079,-0.4033243579756776,6.523245974004958,6.6421187734994875,701.8179120825001,790.5322644960615,Validate
2020-03-01,1149.4253,7.047886848449707,7.049413622337924,-0.0015267738882167592,-0.0788237660224177,0.07729699213420094,-0.37266371558119543,-2.0746097852513943,-2.4617487848007094,-1.7955733328182393,-2.1286610588094743,0.05405127355808004,-0.3823086614959283,0.45960565363012923,-0.461132427518346,0.45960565363012923,6.588281194819578,0.4596056536301294,749.044894104656,400.380398864094,-0.4417450612431934,-0.3228722617486632,-0.520568827265611,-0.4016960277710809,6.528844795072313,6.647717594566843,705.7638999473423,794.9763412001934,Validate
2020-04-01,405.6795,6.008025169372559,7.053384113200682,-1.0453589438281234,0.0915938489367517,-1.136952792764875,-0.3999135554531495,-2.227320703731818,-2.6693565742197873,-2.0031811222373173,-2.3362688482285523,0.1089481444967344,-0.41935433625274315,-0.7175984565121318,-0.32776048731599144,-0.717598456512132,6.72562362588469,-0.7175984565121318,859.4671974691262,-453.7876930745949,-0.47879073600000827,-0.35991793650547804,-0.38719688706325656,-0.26832408756872633,6.666187226137425,6.785060025631956,809.8143353018845,912.1607147087542,Validate
2020-05-01,439.48615,6.087879180908203,7.057354604063439,-0.9694754231552363,0.0672860413490043,-1.0367614645042407,-0.4278282255329282,-2.3837573993965293,-2.6947280626205203,-2.0285526106380503,-2.3616403366292853,-0.02211706276724401,-0.4238816418515353,-0.6128798226527054,-0.35659560050253103,-0.6128798226527052,6.700759003560909,-0.6128798226527055,838.335806306949,-398.8496612874178,-0.48331804159880043,-0.36444524210427015,-0.41603200024979614,-0.29715920075526586,6.641322603813643,6.760195403308174,789.902321305814,889.7352738398866,Validate
2020-06-01,405.6795,6.008025169372559,7.061325094926198,-1.053299925553639,0.02664815054999418,-1.0799480761036333,-0.48128869137127217,-2.6833553742443494,-3.0332576930932795,-2.3670822411108094,-2.7001699671020445,0.016814592857695043,-0.4842890987255311,-0.5956589773781023,-0.4576409481755369,-0.5956589773781021,6.603684146750661,-0.5956589773781023,760.6872325658221,-355.00772817129086,-0.5437254984727963,-0.424852698978266,-0.5170773479228021,-0.3982045484282718,6.5442477470033955,6.663120546497926,716.7344226453771,807.3316362554255,Validate
2020-07-01,845.16565,6.740715026855469,7.065295585788956,-0.32458055893348714,-0.012562990489765823,-0.3120175684437213,-0.5341684887602144,-2.979699223098863,-3.345149405448301,-2.678973953465831,-3.012061679457066,0.032362456358202785,-0.5399432674230589,0.22792569897933757,-0.5525062579128247,0.22792569897933757,6.512789327876131,0.22792569897933745,694.507083869211,150.6585655448515,-0.599379667170324,-0.48050686767579365,-0.6119426576600898,-0.4930698581655595,6.453352928128866,6.572225727623397,654.3731688596998,737.0987301538569,Validate
2020-08-01,845.16565,6.740715026855469,7.069266076651714,-0.3285510497962454,0.09359010000394846,-0.42214114980019385,-0.6631601988765125,-3.7025820958343587,-4.075117286147661,-3.4089418341651907,-3.7420295601564257,0.03944746432206703,-0.6701992311659342,0.2480580813657403,-0.5766091311619856,0.24805808136574026,6.4926569454897285,0.24805808136574026,680.6448771353267,164.52077227873576,-0.7296356309131993,-0.610762831418669,-0.6360455309092508,-0.5171727314147205,6.433220545742463,6.552093345236994,641.3108743622331,722.3876259469956,Validate
2020-09-01,1048.0054,6.955597877502441,7.073236567514472,-0.11763869001203098,0.007829090862962573,-0.12546778087499355,-0.7682806858609951,-4.291688167427527,-4.779375298327592,-4.113199846345122,-4.446287572336357,0.15459940490883017,-0.7958675085321262,0.6703997276571326,-0.7880384176691636,0.6703997276571326,6.285198149845309,0.6703997276571325,552.9364774723194,495.06889362143056,-0.8553039082793913,-0.7364311087848611,-0.8474748174164287,-0.7286020179218985,6.225761750098044,6.344634549592574,520.9718289113529,586.8585856144997,Validate
2020-10-01,709.93915,6.566586971282959,7.07720705837723,-0.5106200870942708,0.1877149680650847,-0.6983350551593555,-0.8740587710230695,-4.8844794871602435,-5.341315229340513,-4.6751397773580425,-5.008227503349278,0.12374801618903408,-0.8961404509656562,0.19780539580630074,-0.7084254829005715,0.19780539580630074,6.368781575476659,0.1978053958063004,601.2263938930604,108.71275405615836,-0.9555768507129213,-0.8367040512183911,-0.7678618826478366,-0.6489890831533064,6.309345175729393,6.428217975223923,566.4751980108722,638.1056926764414,Validate
2020-11-01,540.906,6.295092582702637,7.081177549239988,-0.7860849665373513,-0.09997905595120715,-0.6861059105861441,-0.8105656254875121,-4.528657338571197,-5.010239622563325,-4.344064170580855,-4.67715189657209,0.14849455800089295,-0.8370630951356935,0.15095718454954943,-0.9370421510869007,0.15095718454954943,6.144135398153088,0.15095718454954898,480.05772191089125,60.848283948483754,-0.8964994948829587,-0.7776266953884284,-0.9964785508341658,-0.8776057513396356,6.084698998405822,6.203571797900352,452.2985082758058,509.5168615937573,Validate
2020-12-01,507.0994,6.230677127838135,7.085148040102746,-0.8544709122646115,-0.05521631240844771,-0.7992545998561638,-0.7635308323587743,-4.26506949757919,-4.475777094956558,-3.809601642974088,-4.142689368965323,-0.12238012861386682,-0.7416932392028892,-0.05756136065327455,-0.7969095516113369,-0.05756136065327455,6.288238488491409,-0.05756136065327411,554.6231947488371,-47.52379899688401,-0.8011296389501543,-0.6822568394556241,-0.856345951358602,-0.7374731518640718,6.228802088744144,6.347674888238674,522.5612149465496,588.6485945285718,Validate
2021-01-01,202.83975,5.317334175109863,7.0891185309655045,-1.7717843558556412,-0.16760473149004718,-1.6041796243655941,-0.6912667838716587,-3.8600943025161474,-4.045371512383747,-3.3791960604012767,-3.7122837863925118,-0.1478105161236356,-0.6648913751200161,-0.9392882492455781,-0.8324961066100632,-0.939288249245578,6.256622424355442,-0.9392882492455783,537.3313663166226,-334.491614119357,-0.7243277748672812,-0.6054549753727508,-0.8919325063573283,-0.773059706862798,6.197186024608176,6.316058824102706,506.2672034866605,570.2978445450443,Validate
2021-02-01,270.453,5.60378885269165,7.093089021828263,-1.4893001691366123,-0.09379896912938612,-1.3955012000072262,-0.664880430468161,-3.712222451432561,-3.7272011975198005,-3.0610257455373304,-3.3941134715285655,-0.31810897990399534,-0.6081168483322461,-0.7873843516749801,-0.7019158174616322,-0.7873843516749801,6.3911732043666305,-0.7873843516749801,614.863330651488,-344.4103277218005,-0.6675532480795112,-0.548680448584981,-0.7613522172088973,-0.6424794177143671,6.331736804619365,6.450609604113896,579.3252216327605,652.5777317656609,Validate
2021-03-01,338.06625,5.82619571685791,7.09705951269102,-1.27086379583311,-0.0788237660224177,-1.1920400298106921,-0.6874215828757189,-3.838545398794472,-3.941393727176735,-3.275218275194265,-3.6083060011855,-0.23023939760897205,-0.6463375086032959,-0.5457025212073963,-0.7251612746257136,-0.5457025212073964,6.371898238065307,-0.5457025212073967,603.1062582946445,-265.0400046325351,-0.705773908350561,-0.5869011088560308,-0.7845976743729787,-0.6657248748784484,6.3124618383180415,6.431334637812571,568.2465857055005,640.1006767101793,Validate
2021-04-01,912.77893,6.817588806152344,7.101030003553778,-0.2834411974014346,0.0915938489367517,-0.3750350463381863,-0.6861868795831016,-3.831625993955677,-3.996124507719599,-3.3299490557371287,-3.6630367817283638,-0.16858921222731338,-0.6561037062052787,0.2810686598670924,-0.564509857268527,0.2810686598670924,6.536520146285252,0.28106865986709195,711.2094325582674,201.5694981057951,-0.7155401059525438,-0.5966673064580136,-0.6239462570157921,-0.5050734575212619,6.4770837465379865,6.595956546032516,670.1117162327198,754.8239016782022,Validate
2021-05-01,811.359,6.699942588806152,7.105000494416537,-0.40505790561038424,0.0672860413490043,-0.4723439469593885,-0.643008467234902,-3.5896497093534885,-3.7714554987217763,-3.1052800467393062,-3.4383677727305413,-0.1512819366229472,-0.6160136158548228,0.1436696688954343,-0.5487275745058185,0.1436696688954343,6.556272919910718,0.1436696688954342,725.4174057325572,85.9416030565053,-0.675450015602088,-0.5565772161075577,-0.6081639742530837,-0.48929117475855344,6.496836520163453,6.6157093196579835,683.4998248778633,769.9019464619645,Validate
2021-06-01,1014.1988,6.922839641571045,7.108970985279295,-0.1861313437082499,0.02664815054999418,-0.21277949425824408,-0.6065791285510495,-3.3854959309758317,-3.5475592364063746,-2.8813837844239045,-3.2144715104151396,-0.17102442056069211,-0.5760614149465044,0.3632819206882604,-0.5494132643965103,0.3632819206882604,6.559557720882784,0.3632819206882605,727.807465619508,286.39132588439827,-0.6354978146937695,-0.5166250151992393,-0.6088496641437754,-0.4899768646492451,6.500121321135519,6.61899412063005,685.7519674630422,772.4383694667972,Validate
2021-07-01,1217.0386,7.104997158050537,7.112941476142053,-0.007944318091515967,-0.012562990489765823,0.004618672398249856,-0.5289164092316178,-2.9502660267016356,0.0,0.0,0.0,-2.9502660267016356,-0.002468938367956212,0.007087610766206068,-0.015031928857722036,0.0070876107662060685,7.097909547284331,0.0070876107662058985,1247.5790404049446,-30.540466186194635,-0.002468938367956212,-0.002468938367956212,-0.015031928857722036,-0.015031928857722036,7.097909547284331,7.097909547284331,1247.5790404049446,1247.5790404049446,Test
2021-08-01,676.1325,6.517867088317871,7.11691196700481,-0.5990448786869393,0.09359010000394846,-0.6926349786908879,-0.37725003320696526,-2.1003119831492656,0.0,0.0,0.0,-2.1003119831492656,-0.002468938367956212,-0.6901660403229316,0.09112116163599225,-0.6901660403229316,7.208033128640802,-0.6901660403229313,1392.9336556067271,-716.8011482825084,-0.002468938367956212,-0.002468938367956212,0.09112116163599225,0.09112116163599225,7.208033128640802,7.208033128640802,1392.9336556067271,1392.9336556067271,Test
2021-09-01,1115.6187,7.018060207366943,7.120882457867569,-0.10282225050062532,0.007829090862962573,-0.1106513413635879,-0.2659265444249479,-1.476443648501033,0.0,0.0,0.0,-1.476443648501033,-0.002468938367956212,-0.10818240299563169,0.005360152495006361,-0.10818240299563169,7.126242610362575,-0.10818240299563175,1283.4610321213584,-167.84237977760836,-0.002468938367956212,-0.002468938367956212,0.005360152495006361,0.005360152495006361,7.126242610362575,7.126242610362575,1283.4610321213584,1283.4610321213584,Test
2021-10-01,1250.8452,7.132373809814453,7.124852948730327,0.007520861084126196,0.1877149680650847,-0.1801941069809585,-0.16567585023928477,-0.9146283989681613,0.0,0.0,0.0,-0.9146283989681613,-0.002468938367956212,-0.17772516861300228,0.18524602969712847,-0.17772516861300228,7.3100989784274555,-0.17772516861300236,1542.7207412387863,-291.87552639503633,-0.002468938367956212,-0.002468938367956212,0.18524602969712847,0.18524602969712847,7.3100989784274555,7.3100989784274555,1542.7207412387863,1542.7207412387863,Test
2021-11-01,878.9723,6.779890537261963,7.128823439593085,-0.3489329023311223,-0.09997905595120715,-0.24895384637991513,-0.17605248937678245,-0.9727801569554844,0.0,0.0,0.0,-0.9727801569554844,-0.002468938367956212,-0.2464849080119589,-0.10244799431916336,-0.24648490801195894,7.0263754452739215,-0.24648490801195866,1161.3827986337662,-282.41050859470374,-0.002468938367956212,-0.002468938367956212,-0.10244799431916336,-0.10244799431916336,7.0263754452739215,7.0263754452739215,1161.3827986337662,1161.3827986337662,Test
2021-12-01,1352.265,7.210275650024414,7.132793930455843,0.07748171956857064,-0.05521631240844771,0.13269803197701835,-0.1417664542461933,-0.7806376731666842,0.0,0.0,0.0,-0.7806376731666842,-0.002468938367956212,0.13516697034497457,-0.05768525077640392,0.13516697034497455,7.075108679679439,0.13516697034497493,1219.4324576560196,132.83255699241795,-0.002468938367956212,-0.002468938367956212,-0.05768525077640392,-0.05768525077640392,7.075108679679439,7.075108679679439,1219.4324576560196,1219.4324576560196,Test
2022-01-01,1318.4584,7.184976577758789,7.136764421318601,0.04821215644018828,-0.16760473149004718,0.21581688793023546,-0.1238922004266393,-0.6804685077417657,0.0,0.0,0.0,-0.6804685077417657,-0.002468938367956212,0.21828582629819168,-0.1700736698580034,0.21828582629819168,6.966690751460598,0.2182858262981915,1094.0361114348268,224.4222625886107,-0.002468938367956212,-0.002468938367956212,-0.1700736698580034,-0.1700736698580034,6.966690751460598,6.966690751460598,1094.0361114348268,1094.0361114348268,Test
2022-02-01,1081.812,6.987316608428955,7.140734912181359,-0.15341830375240395,-0.09379896912938612,-0.05961933462301783,-0.14878602763634152,-0.8199760878064545,0.0,0.0,0.0,-0.8199760878064545,-0.002468938367956212,-0.05715039625506162,-0.09626790749734233,-0.05715039625506162,7.044467004684017,-0.057150396255061686,1182.6034950380492,-100.79148331929923,-0.002468938367956212,-0.002468938367956212,-0.09626790749734233,-0.09626790749734233,7.044467004684017,7.044467004684017,1182.6034950380492,1182.6034950380492,Test
2022-03-01,1183.2319,7.076849937438965,7.144705403044117,-0.06785546560515243,-0.0788237660224177,0.010968300417265264,-0.1110737585783436,-0.6086326350416168,0.0,0.0,0.0,-0.6086326350416168,-0.002468938367956212,0.013437238785221475,-0.08129270439037391,0.013437238785221475,7.063412698653743,0.013437238785221517,1205.241453418596,-22.00951982484594,-0.002468938367956212,-0.002468938367956212,-0.08129270439037391,-0.08129270439037391,7.063412698653743,7.063412698653743,1205.241453418596,1205.241453418596,Test
2022-04-01,845.16565,6.740715026855469,7.1486758939068755,-0.4079608670514068,0.0915938489367517,-0.4995547159881585,-0.19921383594063377,-1.1025787364564765,0.0,0.0,0.0,-1.1025787364564765,-0.002468938367956212,-0.4970857776202023,0.08912491056879548,-0.49708577762020223,7.237800804475671,-0.49708577762020223,1435.0515872061717,-589.8859377921092,-0.002468938367956212,-0.002468938367956212,0.08912491056879548,0.08912491056879548,7.237800804475671,7.237800804475671,1435.0515872061717,1435.0515872061717,Test
2022-05-01,1284.6517,7.159020900726318,7.152646384769633,0.006374515956685478,0.0672860413490043,-0.060911525392318824,-0.22346778742045723,-1.2385003868099347,0.0,0.0,0.0,-1.2385003868099347,-0.002468938367956212,-0.05844258702436261,0.06481710298104809,-0.05844258702436261,7.217463487750681,-0.05844258702436278,1406.1411282794888,-121.48939488105134,-0.002468938367956212,-0.002468938367956212,0.06481710298104809,0.06481710298104809,7.217463487750681,7.217463487750681,1406.1411282794888,1406.1411282794888,Test
2022-06-01,1318.4584,7.184976577758789,7.156616875632391,0.028359702126397934,0.02664815054999418,0.0017115515764037532,-0.1980646722371744,-1.09613870431448,0.0,0.0,0.0,-1.09613870431448,-0.002468938367956212,0.004180489944359965,0.02417921218203797,0.004180489944359964,7.1807960878144295,0.0041804899443596,1355.4794145103644,-37.02104048692695,-0.002468938367956212,-0.002468938367956212,0.02417921218203797,0.02417921218203797,7.1807960878144295,7.1807960878144295,1355.4794145103644,1355.4794145103644,Test
2022-07-01,946.5855,6.853917121887207,7.160587366495149,-0.30667024460794234,-0.012562990489765823,-0.2941072541181765,-0.24810510303116615,-1.376570449367467,0.0,0.0,0.0,-1.376570449367467,-0.002468938367956212,-0.2916383157502203,-0.015031928857722036,-0.2916383157502203,7.1455554376374275,-0.2916383157502205,1308.5086982715677,-361.92318801766146,-0.002468938367956212,-0.002468938367956212,-0.015031928857722036,-0.015031928857722036,7.1455554376374275,7.1455554376374275,1308.5086982715677,1308.5086982715677,Test
2022-08-01,1115.6187,7.018060207366943,7.164557857357908,-0.14649764999096426,0.09359010000394846,-0.24008774999491272,-0.3036080611002434,-1.6876147617354365,0.0,0.0,0.0,-1.6876147617354365,-0.002468938367956212,-0.2376188116269565,0.09112116163599225,-0.23761881162695653,7.2556790189938996,-0.2376188116269562,1460.9565023600614,-345.33785001631145,-0.002468938367956212,-0.002468938367956212,0.09112116163599225,0.09112116163599225,7.2556790189938996,7.2556790189938996,1460.9565023600614,1460.9565023600614,Test
2022-09-01,405.6795,6.008025169372559,7.168528348220666,-1.1605031788481073,0.007829090862962573,-1.1683322697110698,-0.33506857176128024,-1.8639227144238046,0.0,0.0,0.0,-1.8639227144238046,-0.002468938367956212,-1.1658633313431137,0.005360152495006361,-1.1658633313431137,7.173888500715672,-1.1658633313431137,1346.1417024654504,-940.4621980709192,-0.002468938367956212,-0.002468938367956212,0.005360152495006361,0.005360152495006361,7.173888500715672,7.173888500715672,1346.1417024654504,1346.1417024654504,Test
2022-10-01,980.39215,6.888972282409668,7.172498839083423,-0.28352655667375526,0.1877149680650847,-0.47124152473883996,-0.35187325394636493,-1.9580978898859227,0.0,0.0,0.0,-1.9580978898859227,-0.002468938367956212,-0.46877258637088376,0.18524602969712847,-0.4687725863708837,7.357744868780552,-0.4687725863708838,1618.0530778882817,-637.6609270093754,-0.002468938367956212,-0.002468938367956212,0.18524602969712847,0.18524602969712847,7.357744868780552,7.357744868780552,1618.0530778882817,1618.0530778882817,Test
2022-11-01,1250.8452,7.132373809814453,7.1764693299461815,-0.04409552013172835,-0.09997905595120715,0.0558835358194788,-0.30507489257523623,-1.6958350368950235,0.0,0.0,0.0,-1.6958350368950235,-0.002468938367956212,0.05835247418743501,-0.10244799431916336,0.05835247418743501,7.074021335627018,0.05835247418743528,1218.1061488894566,32.73906595429344,-0.002468938367956212,-0.002468938367956212,-0.10244799431916336,-0.10244799431916336,7.074021335627018,7.074021335627018,1218.1061488894566,1218.1061488894566,Test
2022-12-01,777.5524,6.657436370849609,7.18043982080894,-0.5230034499593303,-0.05521631240844771,-0.46778713755088264,-0.2987517407581441,-1.6603994407147638,0.0,0.0,0.0,-1.6603994407147638,-0.002468938367956212,-0.46531819918292644,-0.05768525077640392,-0.46531819918292644,7.122754570032535,-0.46531819918292605,1278.9885848117233,-501.43615561250454,-0.002468938367956212,-0.002468938367956212,-0.05768525077640392,-0.05768525077640392,7.122754570032535,7.122754570032535,1278.9885848117233,1278.9885848117233,Test
2023-01-01,709.93915,6.566586971282959,7.184410311671698,-0.617823340388739,-0.16760473149004718,-0.4502186088986918,-0.3117327849808875,-1.7331465539236897,0.0,0.0,0.0,-1.7331465539236897,-0.002468938367956212,-0.4477496705307356,-0.1700736698580034,-0.44774967053073556,7.014336641813695,-0.4477496705307358,1147.4729972563955,-437.53384930717675,-0.002468938367956212,-0.002468938367956212,-0.1700736698580034,-0.1700736698580034,7.014336641813695,7.014336641813695,1147.4729972563955,1147.4729972563955,Test
2023-02-01,777.5524,6.657436370849609,7.188380802534455,-0.530944431684846,-0.09379896912938612,-0.43714546255545983,-0.279984318260536,-1.5552248657232384,0.0,0.0,0.0,-1.5552248657232384,-0.002468938367956212,-0.43467652418750363,-0.09626790749734233,-0.43467652418750363,7.092112895037113,-0.4346765241875037,1240.3623982942006,-462.80996909498185,-0.002468938367956212,-0.002468938367956212,-0.09626790749734233,-0.09626790749734233,7.092112895037113,7.092112895037113,1240.3623982942006,1240.3623982942006,Test
2023-03-01,1014.1988,6.922839641571045,7.192351293397214,-0.26951165182616865,-0.0788237660224177,-0.19068788580375096,-0.2865167757014597,-1.5918334322478607,0.0,0.0,0.0,-1.5918334322478607,-0.002468938367956212,-0.18821894743579473,-0.08129270439037391,-0.18821894743579476,7.11105858900684,-0.1882189474357947,1264.1050709253393,-249.90627942143306,-0.002468938367956212,-0.002468938367956212,-0.08129270439037391,-0.08129270439037391,7.11105858900684,7.11105858900684,1264.1050709253393,1264.1050709253393,Test
2023-04-01,1555.1049,7.349941253662109,7.196321784259972,0.15361946940213755,0.0915938489367517,0.06202562046538586,-0.18427731293822083,-1.0188729180986205,0.0,0.0,0.0,-1.0188729180986205,-0.002468938367956212,0.06449455883334207,0.08912491056879548,0.06449455883334207,7.285446694828767,0.0644945588333421,1505.1297553123056,49.97510308613187,-0.002468938367956212,-0.002468938367956212,0.08912491056879548,0.08912491056879548,7.285446694828767,7.285446694828767,1505.1297553123056,1505.1297553123056,Test
2023-05-01,1453.6849,7.2825446128845215,7.20029227512273,0.08225233776179142,0.0672860413490043,0.014966296412787114,-0.17259133254853753,-0.9533834764344341,0.0,0.0,0.0,-0.9533834764344341,-0.002468938367956212,0.017435234780743325,0.06481710298104809,0.017435234780743325,7.265109378103778,0.01743523478074316,1474.8084891286012,-21.123552605163695,-0.002468938367956212,-0.002468938367956212,0.06481710298104809,0.06481710298104809,7.265109378103778,7.265109378103778,1474.8084891286012,1474.8084891286012,Test
2023-06-01,1183.2319,7.076849937438965,7.204262765985488,-0.12741282854652347,0.02664815054999418,-0.15406097909651764,-0.18608795694858812,-1.0290199542340088,0.0,0.0,0.0,-1.0290199542340088,-0.002468938367956212,-0.15159204072856142,0.02417921218203797,-0.15159204072856144,7.228441978167527,-0.1515920407285618,1421.674524274845,-238.442590681095,-0.002468938367956212,-0.002468938367956212,0.02417921218203797,0.02417921218203797,7.228441978167527,7.228441978167527,1421.674524274845,1421.674524274845,Test
2023-07-01,1453.6849,7.2825446128845215,7.208233256848246,0.07431135603627581,-0.012562990489765823,0.08687434652604163,-0.13605159311825124,-0.7486110008655996,0.0,0.0,0.0,-0.7486110008655996,-0.002468938367956212,0.08934328489399784,-0.015031928857722036,0.08934328489399784,7.193201327990524,0.08934328489399768,1372.4116746767909,81.27326184664662,-0.002468938367956212,-0.002468938367956212,-0.015031928857722036,-0.015031928857722036,7.193201327990524,7.193201327990524,1372.4116746767909,1372.4116746767909,Test
2023-08-01,1081.812,6.987316608428955,7.212203747711004,-0.22488713928204884,0.09359010000394846,-0.3184772392859973,-0.09065258986072933,-0.4941902953447803,0.0,0.0,0.0,-0.4941902953447803,-0.002468938367956212,-0.3160083009180411,0.09112116163599225,-0.3160083009180411,7.303324909346996,-0.3160083009180408,1532.2988095926046,-450.4867978738546,-0.002468938367956212,-0.002468938367956212,0.09112116163599225,0.09112116163599225,7.303324909346996,7.303324909346996,1532.2988095926046,1532.2988095926046,Test
2023-09-01,1453.6849,7.2825446128845215,7.216174238573762,0.06637037431075932,0.007829090862962573,0.058541283447796744,-0.09462308072348742,-0.5164413364268223,0.0,0.0,0.0,-0.5164413364268223,-0.002468938367956212,0.061010221815752955,0.005360152495006361,0.061010221815752955,7.221534391068769,0.061010221815752885,1411.8811393556125,41.803797167824996,-0.002468938367956212,-0.002468938367956212,0.005360152495006361,0.005360152495006361,7.221534391068769,7.221534391068769,1411.8811393556125,1411.8811393556125,Test
2023-10-01,1183.2319,7.076849937438965,7.22014472943652,-0.14329479199755557,0.1877149680650847,-0.33100976006264027,-0.08113239089929483,-0.44083811660359995,0.0,0.0,0.0,-0.44083811660359995,-0.002468938367956212,-0.32854082169468407,0.18524602969712847,-0.328540821694684,7.405390759133649,-0.3285408216946841,1697.0615722737423,-513.8296386799923,-0.002468938367956212,-0.002468938367956212,0.18524602969712847,0.18524602969712847,7.405390759133649,7.405390759133649,1697.0615722737423,1697.0615722737423,Test
2023-11-01,1115.6187,7.018060207366943,7.224115220299279,-0.2060550129323353,-0.09997905595120715,-0.10607595698112815,-0.1326071081287318,-0.7293077510515366,0.0,0.0,0.0,-0.7293077510515366,-0.002468938367956212,-0.10360701861317194,-0.10244799431916336,-0.10360701861317194,7.121667225980115,-0.10360701861317168,1277.5975532388693,-161.9789008951193,-0.002468938367956212,-0.002468938367956212,-0.10244799431916336,-0.10244799431916336,7.121667225980115,7.121667225980115,1277.5975532388693,1277.5975532388693,Test
2023-12-01,1487.4916,7.305518627166748,7.228085711162036,0.07743291600471203,-0.05521631240844771,0.13264922841315974,-0.1490918325806622,-0.8216898503145098,0.0,0.0,0.0,-0.8216898503145098,-0.002468938367956212,0.13511816678111596,-0.05768525077640392,0.13511816678111593,7.170400460385632,0.13511816678111632,1341.4510033066447,146.04057384179282,-0.002468938367956212,-0.002468938367956212,-0.05768525077640392,-0.05768525077640392,7.170400460385632,7.170400460385632,1341.4510033066447,1341.4510033066447,Test
2024-01-01,1284.6517,7.159020900726318,7.232056202024794,-0.07303530129847591,-0.16760473149004718,0.09456943019157127,-0.1486400919883117,-0.8191582493547649,0.0,0.0,0.0,-0.8191582493547649,-0.002468938367956212,0.09703836855952748,-0.1700736698580034,0.0970383685595275,7.061982532166791,0.0970383685595273,1203.517560337634,81.1341730608035,-0.002468938367956212,-0.002468938367956212,-0.1700736698580034,-0.1700736698580034,7.061982532166791,7.061982532166791,1203.517560337634,1203.517560337634,Test
2024-02-01,777.5524,6.657436370849609,7.2360266928875525,-0.5785903220379431,-0.09379896912938612,-0.484791352908557,-0.17219153583974703,-0.9511429743657345,0.0,0.0,0.0,-0.9511429743657345,-0.002468938367956212,-0.4823224145406008,-0.09626790749734233,-0.4823224145406008,7.13975878539021,-0.4823224145406009,1300.9398898016884,-523.3874606024697,-0.002468938367956212,-0.002468938367956212,-0.09626790749734233,-0.09626790749734233,7.13975878539021,7.13975878539021,1300.9398898016884,1300.9398898016884,Test
2024-03-01,1250.8452,7.132373809814453,7.239997183750311,-0.10762337393585764,-0.0788237660224177,-0.02879960791343994,-0.15593756879016368,-0.8600540634306252,0.0,0.0,0.0,-0.8600540634306252,-0.002468938367956212,-0.02633066954548373,-0.08129270439037391,-0.02633066954548373,7.158704479359937,-0.026330669545483687,1325.8411858546854,-74.99597101093536,-0.002468938367956212,-0.002468938367956212,-0.08129270439037391,-0.08129270439037391,7.158704479359937,7.158704479359937,1325.8411858546854,1325.8411858546854,Test
2024-04-01,878.9723,6.779890537261963,7.243967674613069,-0.4640771373511061,0.0915938489367517,-0.5556709862878578,-0.18274742531990873,-1.0102992697960216,0.0,0.0,0.0,-1.0102992697960216,-0.002468938367956212,-0.5532020479199016,0.08912491056879548,-0.5532020479199016,7.3330925851818645,-0.5532020479199016,1578.627681934683,-699.6553918956206,-0.002468938367956212,-0.002468938367956212,0.08912491056879548,0.08912491056879548,7.3330925851818645,7.3330925851818645,1578.627681934683,1578.627681934683,Test
2024-05-01,1250.8452,7.132373809814453,7.247938165475826,-0.11556435566137324,0.0672860413490043,-0.18285039701037753,-0.1615670917852328,-0.8916024920167496,0.0,0.0,0.0,-0.8916024920167496,-0.002468938367956212,-0.1803814586424213,0.06481710298104809,-0.18038145864242133,7.312755268456875,-0.1803814586424215,1546.8267622289573,-295.98154738520725,-0.002468938367956212,-0.002468938367956212,0.06481710298104809,0.06481710298104809,7.312755268456875,7.312755268456875,1546.8267622289573,1546.8267622289573,Forecast
2024-06-01,,,7.251908656338585,,0.02664815054999418,,-0.17081561425258354,-0.9434321676116355,0.0,0.0,0.0,-0.9434321676116355,-0.002468938367956212,,0.02417921218203797,,7.276087868520623,,1491.099902416315,,-0.002468938367956212,-0.002468938367956212,0.02417921218203797,0.02417921218203797,7.276087868520623,7.276087868520623,1491.099902416315,1491.099902416315,Forecast
2024-07-01,,,7.255879147201343,,-0.012562990489765823,,-0.23150858278573222,-1.283561834925381,0.0,0.0,0.0,-1.283561834925381,-0.002468938367956212,,-0.015031928857722036,,7.240847218343621,,1439.433065185592,,-0.002468938367956212,-0.002468938367956212,-0.015031928857722036,-0.015031928857722036,7.240847218343621,7.240847218343621,1439.433065185592,1439.433065185592,Forecast
2024-08-01,,,7.259849638064101,,0.09359010000394846,,-0.31302808603005805,-1.7404055548520245,0.0,0.0,0.0,-1.7404055548520245,-0.002468938367956212,,0.09112116163599225,,7.350970799700093,,1607.1225643190014,,-0.002468938367956212,-0.002468938367956212,0.09112116163599225,0.09112116163599225,7.350970799700093,7.350970799700093,1607.1225643190014,1607.1225643190014,Forecast
2024-09-01,,,7.263820128926859,,0.007829090862962573,,-0.2557736637372251,-1.4195458559881289,0.0,0.0,0.0,-1.4195458559881289,-0.002468938367956212,,0.005360152495006361,,7.269180281421866,,1480.8286081511994,,-0.002468938367956212,-0.002468938367956212,0.005360152495006361,0.005360152495006361,7.269180281421866,7.269180281421866,1480.8286081511994,1480.8286081511994,Forecast
2024-10-01,,,7.267790619789617,,0.1877149680650847,,-0.3692606916491177,-2.055538887487576,0.0,0.0,0.0,-2.055538887487576,-0.002468938367956212,,0.18524602969712847,,7.453036649486745,,1779.9256179504532,,-0.002468938367956212,-0.002468938367956212,0.18524602969712847,0.18524602969712847,7.453036649486745,7.453036649486745,1779.9256179504532,1779.9256179504532,Forecast
2024-11-01,,,7.271761110652375,,-0.09997905595120715,,-0.18285039701037753,-1.010876333789897,0.0,0.0,0.0,-1.010876333789897,-0.002468938367956212,,-0.10244799431916336,,7.169313116333211,,1339.9920905063532,,-0.002468938367956212,-0.002468938367956212,-0.10244799431916336,-0.10244799431916336,7.169313116333211,7.169313116333211,1339.9920905063532,1339.9920905063532,Forecast
2024-12-01,,,7.275731601515133,,-0.05521631240844771,,,,0.0,0.0,0.0,,-0.002468938367956212,,-0.05768525077640392,,7.218046350738729,,1406.961537832078,,-0.002468938367956212,-0.002468938367956212,-0.05768525077640392,-0.05768525077640392,7.218046350738729,7.218046350738729,1406.961537832078,1406.961537832078,Forecast
2025-01-01,,,7.2797020923778915,,-0.16760473149004718,,,,0.0,0.0,0.0,,-0.002468938367956212,,-0.1700736698580034,,7.109628422519888,,1262.297053241752,,-0.002468938367956212,-0.002468938367956212,-0.1700736698580034,-0.1700736698580034,7.109628422519888,7.109628422519888,1262.297053241752,1262.297053241752,Forecast
2025-02-01,,,7.28367258324065,,-0.09379896912938612,,,,0.0,0.0,0.0,,-0.002468938367956212,,-0.09626790749734233,,7.187404675743307,,1364.4735144113085,,-0.002468938367956212,-0.002468938367956212,-0.09626790749734233,-0.09626790749734233,7.187404675743307,7.187404675743307,1364.4735144113085,1364.4735144113085,Forecast
2025-03-01,,,7.287643074103407,,-0.0788237660224177,,,,0.0,0.0,0.0,,-0.002468938367956212,,-0.08129270439037391,,7.206350369713033,,1390.5899737818402,,-0.002468938367956212,-0.002468938367956212,-0.08129270439037391,-0.08129270439037391,7.206350369713033,7.206350369713033,1390.5899737818402,1390.5899737818402,Forecast
2025-04-01,,,7.291613564966165,,0.0915938489367517,,,,0.0,0.0,0.0,,-0.002468938367956212,,0.08912491056879548,,7.380738475534961,,1655.7122485518769,,-0.002468938367956212,-0.002468938367956212,0.08912491056879548,0.08912491056879548,7.380738475534961,7.380738475534961,1655.7122485518769,1655.7122485518769,Forecast
2025-05-01,,,7.2955840558289236,,0.0672860413490043,,,,0.0,0.0,0.0,,-0.002468938367956212,,0.06481710298104809,,7.360401158809972,,1622.3594694165042,,-0.002468938367956212,-0.002468938367956212,0.06481710298104809,0.06481710298104809,7.360401158809972,7.360401158809972,1622.3594694165042,1622.3594694165042,Forecast
2025-06-01,,,7.299554546691682,,0.02664815054999418,,,,0.0,0.0,0.0,,-0.002468938367956212,,0.02417921218203797,,7.32373375887372,,1563.913183446216,,-0.002468938367956212,-0.002468938367956212,0.02417921218203797,0.02417921218203797,7.32373375887372,7.32373375887372,1563.913183446216,1563.913183446216,Forecast
2025-07-01,,,7.303525037554439,,-0.012562990489765823,,,,0.0,0.0,0.0,,-0.002468938367956212,,-0.015031928857722036,,7.288493108696717,,1509.7250459103889,,-0.002468938367956212,-0.002468938367956212,-0.015031928857722036,-0.015031928857722036,7.288493108696717,7.288493108696717,1509.7250459103889,1509.7250459103889,Forecast
2025-08-01,,,7.307495528417197,,0.09359010000394846,,,,0.0,0.0,0.0,,-0.002468938367956212,,0.09112116163599225,,7.398616690053189,,1685.597658390559,,-0.002468938367956212,-0.002468938367956212,0.09112116163599225,0.09112116163599225,7.398616690053189,7.398616690053189,1685.597658390559,1685.597658390559,Forecast
2025-09-01,,,7.311466019279956,,0.007829090862962573,,,,0.0,0.0,0.0,,-0.002468938367956212,,0.005360152495006361,,7.316826171774962,,1553.140658241632,,-0.002468938367956212,-0.002468938367956212,0.005360152495006361,0.005360152495006361,7.316826171774962,7.316826171774962,1553.140658241632,1553.140658241632,Forecast
2025-10-01,,,7.315436510142714,,0.1877149680650847,,,,0.0,0.0,0.0,,-0.002468938367956212,,0.18524602969712847,,7.5006825398398425,,1866.8333627356249,,-0.002468938367956212,-0.002468938367956212,0.18524602969712847,0.18524602969712847,7.5006825398398425,7.5006825398398425,1866.8333627356249,1866.8333627356249,Forecast
2025-11-01,,,7.319407001005471,,-0.09997905595120715,,,,0.0,0.0,0.0,,-0.002468938367956212,,-0.10244799431916336,,7.216959006686308,,1405.4314312547774,,-0.002468938367956212,-0.002468938367956212,-0.10244799431916336,-0.10244799431916336,7.216959006686308,7.216959006686308,1405.4314312547774,1405.4314312547774,Forecast
2025-12-01,,,7.3233774918682295,,-0.05521631240844771,,,,0.0,0.0,0.0,,-0.002468938367956212,,-0.05768525077640392,,7.265692241091825,,1475.6689340107375,,-0.002468938367956212,-0.002468938367956212,-0.05768525077640392,-0.05768525077640392,7.265692241091825,7.265692241091825,1475.6689340107375,1475.6689340107375,Forecast
2026-01-01,,,7.327347982730988,,-0.16760473149004718,,,,0.0,0.0,0.0,,-0.002468938367956212,,-0.1700736698580034,,7.1572743128729845,,1323.9449383551919,,-0.002468938367956212,-0.002468938367956212,-0.1700736698580034,-0.1700736698580034,7.1572743128729845,7.1572743128729845,1323.9449383551919,1323.9449383551919,Forecast
2026-02-01,,,7.331318473593746,,-0.09379896912938612,,,,0.0,0.0,0.0,,-0.002468938367956212,,-0.09626790749734233,,7.235050566096404,,1431.1075290524907,,-0.002468938367956212,-0.002468938367956212,-0.09626790749734233,-0.09626790749734233,7.235050566096404,7.235050566096404,1431.1075290524907,1431.1075290524907,Forecast
2026-03-01,,,7.335288964456504,,-0.0788237660224177,,,,0.0,0.0,0.0,,-0.002468938367956212,,-0.08129270439037391,,7.25399626006613,,1458.498450737895,,-0.002468938367956212,-0.002468938367956212,-0.08129270439037391,-0.08129270439037391,7.25399626006613,7.25399626006613,1458.498450737895,1458.498450737895,Forecast
2026-04-01,,,7.339259455319262,,0.0915938489367517,,,,0.0,0.0,0.0,,-0.002468938367956212,,0.08912491056879548,,7.428384365888057,,1736.5584803250545,,-0.002468938367956212,-0.002468938367956212,0.08912491056879548,0.08912491056879548,7.428384365888057,7.428384365888057,1736.5584803250545,1736.5584803250545,Forecast
2026-05-01,,,7.34322994618202,,0.0672860413490043,,,,0.0,0.0,0.0,,-0.002468938367956212,,0.06481710298104809,,7.408047049163068,,1701.578112261903,,-0.002468938367956212,-0.002468938367956212,0.06481710298104809,0.06481710298104809,7.408047049163068,7.408047049163068,1701.578112261903,1701.578112261903,Forecast
2026-06-01,,,7.347200437044778,,0.02664815054999418,,,,0.0,0.0,0.0,,-0.002468938367956212,,0.02417921218203797,,7.371379649226816,,1640.2796943139795,,-0.002468938367956212,-0.002468938367956212,0.02417921218203797,0.02417921218203797,7.371379649226816,7.371379649226816,1640.2796943139795,1640.2796943139795,Forecast
2026-07-01,,,7.351170927907536,,-0.012562990489765823,,,,0.0,0.0,0.0,,-0.002468938367956212,,-0.015031928857722036,,7.3361389990498145,,1583.4472190360939,,-0.002468938367956212,-0.002468938367956212,-0.015031928857722036,-0.015031928857722036,7.3361389990498145,7.3361389990498145,1583.4472190360939,1583.4472190360939,Forecast
2026-08-01,,,7.355141418770295,,0.09359010000394846,,,,0.0,0.0,0.0,,-0.002468938367956212,,0.09112116163599225,,7.4462625804062865,,1767.9022742449606,,-0.002468938367956212,-0.002468938367956212,0.09112116163599225,0.09112116163599225,7.4462625804062865,7.4462625804062865,1767.9022742449606,1767.9022742449606,Forecast
2026-09-01,,,7.359111909633052,,0.007829090862962573,,,,0.0,0.0,0.0,,-0.002468938367956212,,0.005360152495006361,,7.364472062128058,,1628.9814785012445,,-0.002468938367956212,-0.002468938367956212,0.005360152495006361,0.005360152495006361,7.364472062128058,7.364472062128058,1628.9814785012445,1628.9814785012445,Forecast
2026-10-01,,,7.36308240049581,,0.1877149680650847,,,,0.0,0.0,0.0,,-0.002468938367956212,,0.18524602969712847,,7.548328430192939,,1957.982135909356,,-0.002468938367956212,-0.002468938367956212,0.18524602969712847,0.18524602969712847,7.548328430192939,7.548328430192939,1957.982135909356,1957.982135909356,Forecast
2026-11-01,,,7.3670528913585684,,-0.09997905595120715,,,,0.0,0.0,0.0,,-0.002468938367956212,,-0.10244799431916336,,7.264604897039405,,1474.0641594570927,,-0.002468938367956212,-0.002468938367956212,-0.10244799431916336,-0.10244799431916336,7.264604897039405,7.264604897039405,1474.0641594570927,1474.0641594570927,Forecast
2026-12-01,,,7.371023382221327,,-0.05521631240844771,,,,0.0,0.0,0.0,,-0.002468938367956212,,-0.05768525077640392,,7.313338131444922,,1547.7291961326823,,-0.002468938367956212,-0.002468938367956212,-0.05768525077640392,-0.05768525077640392,7.313338131444922,7.313338131444922,1547.7291961326823,1547.7291961326823,Forecast
2027-01-01,,,7.374993873084085,,-0.16760473149004718,,,,0.0,0.0,0.0,,-0.002468938367956212,,-0.1700736698580034,,7.204920203226082,,1388.601190922042,,-0.002468938367956212,-0.002468938367956212,-0.1700736698580034,-0.1700736698580034,7.204920203226082,7.204920203226082,1388.601190922042,1388.601190922042,Forecast
2027-02-01,,,7.378964363946842,,-0.09379896912938612,,,,0.0,0.0,0.0,,-0.002468938367956212,,-0.09626790749734233,,7.2826964564495,,1500.9932302773673,,-0.002468938367956212,-0.002468938367956212,-0.09626790749734233,-0.09626790749734233,7.2826964564495,7.2826964564495,1500.9932302773673,1500.9932302773673,Forecast
2027-03-01,,,7.3829348548096005,,-0.0788237660224177,,,,0.0,0.0,0.0,,-0.002468938367956212,,-0.08129270439037391,,7.301642150419227,,1529.7208070185875,,-0.002468938367956212,-0.002468938367956212,-0.08129270439037391,-0.08129270439037391,7.301642150419227,7.301642150419227,1529.7208070185875,1529.7208070185875,Forecast
