,DataOriginal,DataLog,Linear,DataLinear,MonthlyAverage,DataSeasons,DataRolled,DataNormalised,ConfLowerNormalised,ConfUpperNormalised,ModelledNormalised,ResidualsNormalised,ModelledSeasons,ResidualsSeasons,ModelledLinear,ResidualsLinear,ModelledLog,ResidualsLog,ModelledOriginal,ResidualsOriginal,ConfLowerSeasons,ConfUpperSeasons,ConfLowerLinear,ConfUpperLinear,ConfLowerLog,ConfUpperLog,ConfLowerOriginal,ConfUpperOriginal,Purpose
2010-04-01,1352.265,7.210275650024414,6.722415965834474,0.48785968418993964,0.029369663806115387,0.45849002038382425,0.08178764702114875,0.3395213939338778,0.0,0.0,0.3395213939338778,0.0,0.08178764702114875,0.3767023733626755,0.11115731082726414,0.3767023733626755,6.833573276661738,0.37670237336267576,962.6226323945974,389.6423822538401,0.0033838535582510583,0.0033838535582510583,0.03275351736436644,0.03275351736436644,6.7551694831988405,6.7551694831988405,889.9568203927873,889.9568203927873,Train
2010-05-01,1183.2319,7.076849937438965,6.722862555236191,0.3539873822027735,0.034471432367960464,0.319515949834813,0.10396776498019888,0.4355706312789839,0.13642914208847412,0.771536135753034,0.4539826389207541,-0.0184120076417702,0.10821954784329522,0.21129640199151778,0.1426909802112557,0.21129640199151778,6.865553535447447,0.21129640199151822,993.9375949854789,189.29433860827112,0.03488867908541125,0.18155041660117918,0.06936011145337172,0.21602184896913965,6.792222666689563,6.938884404205331,923.588845944492,1069.6389356279542,Train
2010-06-01,777.5524,6.657436370849609,6.723309144637908,-0.06587277378829892,0.04580073395236813,-0.11167350774066706,0.09894419446816323,0.41381645858606947,0.11385961311085274,0.7281423962641314,0.421001004687492,-0.007184546101422551,0.10060328187391976,-0.21227678961458682,0.1464040158262879,-0.21227678961458682,6.8697131604641966,-0.21227678961458718,998.084781686745,-220.53235248752628,0.029676822866239013,0.1715297408816005,0.07547755681860714,0.21733047483396864,6.798786701456516,6.940639619471877,929.6778416011983,1071.5197875999004,Train
2010-07-01,709.93915,6.566586971282959,6.723755734039625,-0.15716876275666625,-5.354024247530085e-05,-0.15711522251419094,0.06228130905813783,0.2550507482771617,-0.10745084968291219,0.506202833469379,0.1993759918932334,0.05567475638392827,0.04942464618324174,-0.20653986869743268,0.049371105940766435,-0.20653986869743268,6.7731268399803914,-0.20653986869743246,906.1005655735668,-196.16141762434802,-0.021429175536441587,0.12027846790292507,-0.02148271577891689,0.12022492766044977,6.702273018260708,6.843980661700075,844.0531285441249,972.7037924248342,Train
2010-08-01,1115.6187,7.018060207366943,6.724202323441342,0.2938578839256012,0.14389487497505937,0.14996300895054182,0.06158759931715364,0.2520466933986702,-0.08764609712084259,0.5222128893126785,0.21728339609591796,0.03476329730275224,0.05355990377127266,0.09640310517926916,0.19745477874633205,0.09640310517926914,6.921657102187674,0.09640310517926931,1051.3526790120427,64.2659733317073,-0.016855773809177525,0.12397558135172286,0.12703910116588185,0.26787045632678225,6.851241424607224,6.992072779768124,979.7993532233935,1128.1261126796276,Train
2010-09-01,777.5524,6.657436370849609,6.724648912843059,-0.06721254199344973,0.10124182479397889,-0.16845436678742862,0.0757781168439626,0.3134976013018097,0.021193453446476884,0.6310524398799979,0.3261229466632374,-0.012625345361427676,0.07869361786334139,-0.24714798465077,0.17993544265732028,-0.24714798465077,6.904584355500379,-0.24714798465076981,1033.5386283837272,-255.98619918450845,0.008277940282891211,0.14910929544379156,0.1095197650768701,0.25035112023777045,6.834168677919929,6.975000033080829,963.1965453596425,1109.0124541712353,Train
2010-10-01,1217.0386,7.104997158050537,6.725095502244776,0.3799016558057611,0.1428531830712614,0.23704847273449967,0.06731135993428171,0.27683298367161185,-0.049281120417541346,0.5605778660159797,0.25564837279921915,0.021184610872392706,0.06241931517625856,0.1746291575582411,0.20527249824751997,0.1746291575582411,6.930368000492296,0.1746291575582415,1060.5596584919494,156.47891572680055,-0.00799636240419161,0.13283499275670874,0.1348568206670698,0.2756881758279701,6.8599523229118455,7.000783678072747,988.3803163350295,1138.0047789832372,Train
2010-11-01,845.16565,6.740715026855469,6.725542091646493,0.01517293520897578,-0.048606265674937935,0.06377920088391371,0.009164057057019448,0.025030711684276074,-0.3574729817397489,0.2523860046937721,-0.0525434885229884,0.07757420020726448,-0.008749722986792274,0.07252892387070599,-0.05735598866173021,0.07252892387070599,6.668186102984762,0.07252892387070631,815.733284271751,29.432365142311482,-0.07916540056724244,0.061665954593657896,-0.1277716662421804,0.013059688918719961,6.597770425404312,6.7386017805652125,760.2005869760176,875.3173190489634,Train
2010-12-01,642.32587,6.466651439666748,6.72598868104821,-0.25933724138146186,-0.028315467159396427,-0.23102177422206543,-0.009860266974010712,-0.057352610963520824,-0.43299496033451107,0.17686402609900992,-0.12806546711775058,0.07071285615422976,-0.0261895948695234,-0.20483217935254203,-0.05450506202891983,-0.20483217935254203,6.67148361901929,-0.20483217935254228,818.4309206778013,-176.10505397858253,-0.09660527244997358,0.044226082710926776,-0.12492073960937,0.01591061555153035,6.60106794143884,6.74189929659974,762.7148011696565,878.2117590682981,Train
2011-01-01,709.93915,6.566586971282959,6.726435270449927,-0.15984829916696786,-0.21519251081526383,0.05534421164829598,-0.0001023425080315937,-0.015096694887744299,-0.3172442408821768,0.2926147455513442,-0.012314747665416279,-0.0027819472223280205,0.0005400771431040463,0.05480413450519193,-0.21465243367215978,0.05480413450519192,6.511782836777767,0.054804134505191726,697.4819364769539,12.457211472264817,-0.06987560043734613,0.07095575472355423,-0.28506811125260995,-0.1442367560917096,6.441367159197317,6.582198514358217,649.9895828630092,748.4390516034753,Train
2011-02-01,912.77893,6.817588806152344,6.726881859851644,0.09070694630069998,-0.12697634581135223,0.2176832921120522,0.02913879061425856,0.11152970722102827,-0.17940292944240938,0.4304560569911116,0.12552656377435112,-0.013996856553322848,0.03237100711060768,0.18531228500144453,-0.09460533870074454,0.18531228500144453,6.632276521150899,0.18531228500144437,786.9250745569097,125.85385610715275,-0.038044670469842494,0.10278668469105787,-0.16502101628119473,-0.02418966112029436,6.561860843570449,6.7026921987313495,733.3511533029201,844.4074325657399,Train
2011-03-01,743.7458,6.613042831420898,6.727328449253362,-0.11428561783246316,-0.08846265176025504,-0.025822966072208117,-0.005059246782962194,-0.036562174741313555,-0.36078174025199516,0.24907724618152582,-0.05585224703523467,0.019290072293921115,-0.009513796248883332,-0.016309169823324785,-0.09797644800913838,-0.01630916982332478,6.629352001244223,-0.016309169823324865,784.6241381984479,-40.878349624229145,-0.0799294738293335,0.06090188133156684,-0.16839212558958855,-0.0275607704286882,6.558936323663773,6.699767678824673,731.206666062857,841.9386334855759,Train
2011-04-01,676.1325,6.517867088317871,6.7277750386550785,-0.20990795033720744,0.029369663806115387,-0.23927761414332283,0.04462699475302425,0.17860014382196457,-0.11919973651573595,0.49065924991778503,0.18572975670102454,-0.007129612879059971,0.04627339673424696,-0.2855510108775698,0.07564306054036235,-0.2855510108775698,6.803418099195441,-0.28555101087756984,933.9981777273988,-257.86567040318005,-0.024142280846203214,0.11668907431469715,0.005227382959912173,0.14605873812081255,6.733002421614991,6.873833776775891,870.4242157306181,1002.2101203666836,Train
2011-05-01,946.5855,6.853917121887207,6.7282216280567955,0.12569549383041156,0.034471432367960464,0.0912240614624511,0.06459241331893827,0.26505880152939126,0.047566329189183854,0.6574253156227048,0.35249582240594435,-0.08743702087655308,0.08478375986822652,0.006440301594224582,0.11925519223618698,0.006440301594224582,6.847476820292982,0.006440301594224707,976.1139730983109,-29.528462844404658,0.014368082287776345,0.15519943744867667,0.04883951465573681,0.18967086981663714,6.777061142712532,6.917892497873432,909.6764034088583,1047.3984353279882,Train
2011-06-01,878.9723,6.779890537261963,6.728668217458512,0.05122231980345049,0.04580073395236813,0.005421585851082357,0.06414582391722126,0.26312488163227804,-0.06202956148757749,0.5478294249459434,0.242899931729183,0.020224949903095035,0.05947538834723613,-0.054053802496153776,0.10527612229960426,-0.05405380249615377,6.8339443397581165,-0.05405380249615366,962.9802635400705,-84.007973501008,-0.01094028923321404,0.1298910659276863,0.03486044471915409,0.17569179988005443,6.7635286621776665,6.904360017338567,897.4357030267017,1033.3065679204938,Train
2011-07-01,1014.1988,6.922839641571045,6.729114806860229,0.19372483471081559,-5.354024247530085e-05,0.1937783749532909,0.08653786678123097,0.36009184292877977,0.08490019435803431,0.6947591807915553,0.3898296875747948,-0.029737844646015033,0.09340506240222908,0.10037331255106181,0.09335152215975379,0.1003733125510618,6.822466329019983,0.10037331255106174,951.9789451294466,62.21984637445962,0.0229893848217789,0.16382073998267924,0.0229358445793036,0.16376719974020393,6.752050651439533,6.892882006600433,887.1824046820115,1021.5026583195789,Train
2011-08-01,743.7458,6.613042831420898,6.729561396261946,-0.11651856484104783,0.14389487497505937,-0.2604134398161072,0.05809879042577861,0.23693868387960143,-0.07377996784438001,0.536079018589141,0.23114952537238048,0.005789158507220948,0.05676193214222513,-0.31717537195833234,0.2006568071172845,-0.31717537195833234,6.930218203379231,-0.31717537195833234,1060.4006518294282,-316.6548632552094,-0.013653745438225041,0.1271776097226753,0.13024112953683434,0.2710724846977347,6.859802525798781,7.000633880959681,988.2321211198042,1137.8341721341033,Train
2011-09-01,1419.8783,7.259030342102051,6.730007985663663,0.5290223564383876,0.10124182479397889,0.42778053164440866,0.04784834957854565,0.19254996477334774,-0.1663374911373217,0.4435214952961993,0.13859200207943878,0.053957962693908956,0.03538813635393844,0.3923923952904702,0.13662996114791734,0.3923923952904702,6.86663794681158,0.39239239529047065,995.0171018290422,424.8611940693953,-0.035027541226511735,0.10580381393438863,0.06621428356746716,0.2070456387283675,6.79622226923113,6.937053624392031,927.294238952742,1067.6806246423653,Train
2011-10-01,1555.1049,7.349941253662109,6.73045457506538,0.6194866785967292,0.1428531830712614,0.47663349552546785,0.08605235234500092,0.35798936126452385,0.09095713271821126,0.7008161191517323,0.39588662593497176,-0.037897264670447905,0.09480375760286584,0.381829737922602,0.23765694067412724,0.381829737922602,6.9681115157395075,0.3818297379226019,1101.3923897366358,453.7124686618017,0.02438808002241566,0.165219435183316,0.16724126309367707,0.30807261825457743,6.897695838159057,7.038527193319958,1026.4366801319372,1181.8164250406096,Train
2011-11-01,845.16565,6.740715026855469,6.730901164467097,0.009813862388371675,-0.048606265674937935,0.05842012806330961,0.0972365364875955,0.406421581472132,0.12911328098327962,0.7389722674168007,0.4340427742000401,-0.02762119272790814,0.10361494541419043,-0.04519481735088082,0.0550086797392525,-0.04519481735088082,6.7859098442063495,-0.04519481735088071,917.7704652151251,-72.60481580106261,0.033199267833740255,0.17403062299464062,-0.01540699784119768,0.1254243573197027,6.715494166625899,6.8563255217867995,855.2998850249887,984.79852983045,Train
2011-12-01,845.16565,6.740715026855469,6.731347753868814,0.00936727298665474,-0.028315467159396427,0.037682740146051164,0.06878577762176724,0.28321783224061314,-0.06631938460610337,0.5435396018274177,0.23861010861065712,0.04460772362995602,0.05848476327386368,-0.020802023127812513,0.03016929611446725,-0.02080202312781251,6.761517049983281,-0.02080202312781232,895.6302153899336,-50.464565975871096,-0.0119309143065865,0.12890044085431385,-0.04024638146598293,0.10058497369491742,6.691101372402831,6.831932727563731,834.6650321454973,961.0430581929913,Train
2012-01-01,507.0994,6.230677127838135,6.731794343270531,-0.5011172154323962,-0.21519251081526383,-0.2859247046171324,0.07450807027215399,0.30799776560029535,-0.01510588303216498,0.594753103401356,0.2898236101845955,0.018174155415699833,0.07031121330515933,-0.3562359179222917,-0.1448812975101045,-0.3562359179222917,6.586913045760427,-0.3562359179222918,751.9806474689011,-244.881251716948,-0.00010446427529085117,0.1407268908856095,-0.21529697509055468,-0.07446561992965434,6.5164973681799765,6.657328723340877,700.7827262249778,806.9136665454528,Train
2012-02-01,811.359,6.699942588806152,6.732240932672248,-0.032298343866095536,-0.12697634581135223,0.09467800194525669,0.04437375834642989,0.17750352369729663,-0.14634951186549,0.463509474568031,0.1585799813512705,0.01892354234602614,0.04000384960962381,0.05467415233563288,-0.08697249620172842,0.054674152335632886,6.64526843647052,0.05467415233563244,797.2285161984445,14.130492590618019,-0.030411827970826363,0.110419527190074,-0.1573881737821786,-0.016556818621278224,6.574852758890069,6.71568411405097,742.9540260845798,855.4625524318759,Train
2012-03-01,1183.2319,7.076849937438965,6.732687522073965,0.34416241536500003,-0.08846265176025504,0.43262506712525506,0.043927168944712956,0.1755696038001837,-0.18265560235950906,0.4272033840740119,0.12227389085725142,0.05329571294293227,0.03161988538410961,0.40100518174114547,-0.05684276637614543,0.40100518174114547,6.6758447556978195,0.4010051817411453,822.0123748506103,361.2195587431397,-0.03879579219634056,0.1020355629645598,-0.1272584439565956,0.01357291120430476,6.6054290781173695,6.74626043327827,766.0527391122747,882.0544949766444,Train
2012-04-01,777.5524,6.657436370849609,6.733134111475682,-0.07569774062607237,0.029369663806115387,-0.10506740443218776,-0.010351713013766674,-0.05948077896524115,-0.4110447831004855,0.1988142033330355,-0.10611528988372498,0.046634510918483835,-0.021120762115303195,-0.08394664231688456,0.008248901690812192,-0.08394664231688456,6.741383013166494,-0.0839466423168842,877.7579537589371,-100.20552455971836,-0.09153643969575337,0.04929491546514698,-0.06216677588963798,0.07866457927126236,6.6709673355860435,6.811798690746944,818.007971259049,941.8669419511003,Train
2012-05-01,676.1325,6.517867088317871,6.733580700877399,-0.2157136125595276,0.034471432367960464,-0.25018504492748805,-0.06156715464937033,-0.28126517697766673,-0.7048308952427045,-0.09497190880918355,-0.39990140202594404,0.11863622504827731,-0.08896316047430654,-0.16122188445318153,-0.054491728106346074,-0.16122188445318153,6.679088972771052,-0.1612218844531812,824.6867414157883,-148.55423409156958,-0.15937883805475672,-0.01854748289385637,-0.12490740568679626,0.015923949474104093,6.608673295190602,6.749504650351502,768.5452656670333,884.9239675250061,Train
2012-06-01,946.5855,6.853917121887207,6.734027290279116,0.11988983160809141,0.04580073395236813,0.07408909765572327,-0.07652441534879642,-0.346036405228309,-0.695796376459048,-0.08593739002552708,-0.3908668832422876,0.0448304780139786,-0.08687686913182807,0.16096596678755135,-0.04107613517945994,0.16096596678755135,6.692951155099656,0.16096596678755137,836.2122614401111,110.37324881379516,-0.15729254671227824,-0.0164611915513779,-0.1114918127599101,0.02933954240099023,6.622535477519206,6.763366832680106,779.2871232313922,897.2903213921261,Train
2012-07-01,709.93915,6.566586971282959,6.7344738796808326,-0.16788690839787357,-5.354024247530085e-05,-0.16783336815539826,-0.13137399191278556,-0.5835581356086272,-0.9589694621496279,-0.3491104757161068,-0.6540399689328673,0.07048183332424007,-0.1476499709867767,-0.020183397168621553,-0.14770351122925202,-0.020183397168621553,6.586770368451581,-0.02018339716862183,751.8732218802863,-41.93407393106759,-0.2180656485672269,-0.07723429340632651,-0.2181191888097022,-0.0772878336488018,6.516354690871131,6.657186046032031,700.6826048968962,806.7984038206135,Train
2012-08-01,743.7458,6.613042831420898,6.7349204690825495,-0.12187763766165105,0.14389487497505937,-0.2657725126367104,-0.11215605532878477,-0.5003363891937611,-0.8494483401651913,-0.23958935373167028,-0.5445188469484308,0.04418245775466967,-0.12235886538544634,-0.1434136472512641,0.021536009589613034,-0.1434136472512641,6.756456478672162,-0.14341364725126393,891.104215975644,-147.35842740142527,-0.19277454296589655,-0.05194318780499617,-0.04887966799083718,0.0919516871700632,6.686040801091712,6.8268721562526125,830.4467720633429,956.1868686031623,Train
2012-09-01,743.7458,6.613042831420898,6.735367058484266,-0.12232422706336799,0.10124182479397889,-0.22356605185734688,-0.11614482956021371,-0.5176094588671457,-0.785701570348206,-0.17584258391468494,-0.48077207713144543,-0.03683738173570028,-0.1076381771933168,-0.11592787466403008,-0.006396352399337904,-0.11592787466403008,6.728970706084929,-0.1159278746640302,866.9179540610411,-123.17216548682234,-0.178053854773767,-0.037222499612866625,-0.07681202997978812,0.06401932518111227,6.658555028504479,6.799386383665379,807.9050229750007,930.2361199230476,Train
2012-10-01,845.16565,6.740715026855469,6.735813647885983,0.004901378969485393,0.1428531830712614,-0.13795180410177602,-0.13224789021437214,-0.58734248272254,-0.9315083321190922,-0.3216493456855712,-0.6265788389023317,0.03923635617979171,-0.14130852445162492,0.0033567203498489073,0.0015446586196364853,0.0033567203498489073,6.7373583065056195,0.0033567203498492404,874.2283184070986,-29.06266899303614,-0.21172420203207512,-0.07089284687117473,-0.06887101896081371,0.07196033620008668,6.666942628925169,6.8077739840860705,814.7183287853418,938.0798052587336,Train
2012-11-01,709.93915,6.566586971282959,6.7362602372877,-0.1696732660047413,-0.048606265674937935,-0.12106700032980337,-0.14026526291331,-0.6220610777573445,-0.9265553323419149,-0.31669634590839396,-0.6216258391251545,-0.0004352386321900825,-0.14016475566859735,0.019097755338793973,-0.1887710213435353,0.019097755338793987,6.547489215944165,0.019097755338793654,722.8728077731486,-12.933659823929816,-0.2105804332490475,-0.06974907808814715,-0.25918669892398544,-0.11835534376308508,6.477073538363715,6.617904893524615,673.6540355144393,775.6822908482653,Train
2012-12-01,439.48615,6.087879180908203,6.736706826689418,-0.648827645781215,-0.028315467159396427,-0.6205121786218185,-0.18319867889380306,-0.8079808221500451,-1.1438372607766911,-0.5339782743431702,-0.8389077675599307,0.03092694540988561,-0.19034046696276705,-0.43017171165905144,-0.21865593412216347,-0.43017171165905155,6.5180508925672545,-0.4301717116590513,701.8738100980028,-262.3876650784715,-0.2607561445432172,-0.11992478938231686,-0.28907161170261364,-0.1482402565417133,6.447635214986804,6.5884665701477045,654.0828368574852,753.1513303746667,Train
2013-01-01,642.32587,6.466651439666748,6.737153416091135,-0.270501976424387,-0.21519251081526383,-0.05530946560912317,-0.22041581075818692,-0.9691466526630312,-1.3385756408408196,-0.7287166544072985,-1.033646147624059,0.0644994949610278,-0.23531032159531692,0.18000085598619375,-0.45050283241058076,0.18000085598619375,6.286650583680554,0.18000085598619364,556.6753956116635,85.65047108755527,-0.3057259991757671,-0.16489464401486673,-0.520918509991031,-0.38008715483013056,6.216234906100104,6.3570662612610045,518.7569961412721,597.3600974677283,Train
2013-02-01,777.5524,6.657436370849609,6.737600005492852,-0.08016363464324261,-0.12697634581135223,0.046812711168109616,-0.238443942492871,-1.0472160437758489,-1.3739518101570591,-0.764092823723538,-1.0690223169402986,0.02180627316444972,-0.2434795442779945,0.29029225544610415,-0.37045589008934676,0.29029225544610415,6.367144115403505,0.29029225544610426,603.4207712529033,174.1316579463155,-0.3138952218584447,-0.1730638666975443,-0.44087156766979696,-0.30004021250889656,6.296728437823055,6.437559792983955,562.3239819146678,647.5157395221522,Train
2013-03-01,980.39215,6.888972282409668,6.738046594894569,0.15092568751509905,-0.08846265176025504,0.23938833927535408,-0.23164888544581688,-1.0177905894887702,-1.317755634023413,-0.7078966475898918,-1.0128261408066523,-0.004964448682117872,-0.23050247283063502,0.4698908121059891,-0.31896512459089005,0.4698908121059891,6.419081470303679,0.46989081210598904,635.6422949396591,344.74985593924714,-0.3009181504110852,-0.16008679525018482,-0.38938080217134025,-0.24854944701043985,6.348665792723229,6.489497147884129,592.3546457996226,682.0879551972215,Train
2013-04-01,709.93915,6.566586971282959,6.738493184296286,-0.17190621301332687,0.029369663806115387,-0.20127587681944226,-0.26969698553122934,-1.1825548618150585,-1.5033041326318226,-0.8934451461983015,-1.198374639415062,0.015819777600003526,-0.273350159080055,0.07207428226061274,-0.2439804952739396,0.07207428226061274,6.494512689022346,0.07207428226061285,685.522617081428,24.416530867790698,-0.34376583666050514,-0.20293448149960477,-0.31439617285438975,-0.1735648176934894,6.424097011441896,6.564928366602796,638.8434215408033,735.607250926119,Train
2013-05-01,405.6795,6.008025169372559,6.738939773698003,-0.7309146043254442,0.034471432367960464,-0.7653860366934047,-0.3245465620952185,-1.4200765921953769,-1.7963993293878768,-1.1865403429543557,-1.4914698361711163,0.07139324397573943,-0.3410330081788201,-0.42435302851458456,-0.30656157581085963,-0.42435302851458456,6.432378197887143,-0.42435302851458445,644.1640845046664,-238.4845801101352,-0.4114486857592703,-0.2706173305983699,-0.37697725339130983,-0.23614589823040943,6.361962520306693,6.502793875467593,600.2970075765811,691.2314441781627,Train
2013-06-01,608.5193,6.412670612335205,6.73938636309972,-0.32671575076451465,0.04580073395236813,-0.37251648471688276,-0.3529856384506709,-1.5432297512445554,-1.880017458779699,-1.2701584723461778,-1.5750879655629384,0.03185821431838298,-0.3603424792864554,-0.012174005430427348,-0.3145417453340873,-0.012174005430427348,6.424844617765633,-0.01217400543042757,639.3219513826282,-30.802664273253185,-0.4307581568669056,-0.2899268017060052,-0.3849574229145375,-0.24412606775363707,6.354428940185183,6.495260295346083,595.7841088791832,686.0360576331339,Train
2013-07-01,574.71265,6.3556084632873535,6.739832952501437,-0.38422448921408314,-5.354024247530085e-05,-0.38417094897160786,-0.33616444436951837,-1.4703869076802598,-1.7504922198653585,-1.1406332334318374,-1.445562726648598,-0.02482418103166184,-0.33043193384951547,-0.05373901512209239,-0.33048547409199075,-0.05373901512209239,6.409347478409446,-0.053739015122092226,629.4752874953214,-54.76264101094637,-0.40084761142996567,-0.26001625626906527,-0.40090115167244095,-0.26006979651154055,6.338931800828996,6.479763155989896,586.6069558536924,675.4710393273169,Train
2013-08-01,811.359,6.699942588806152,6.740279541903154,-0.04033695309700125,0.14389487497505937,-0.18423182807206062,-0.3509076051849112,-1.534230993405554,-1.8157724810387648,-1.2059134946052437,-1.5108429878220042,-0.02338800558354981,-0.3455067427001193,0.16127491462805865,-0.2016118677250599,0.16127491462805865,6.538667674178094,0.16127491462805832,716.5152166724799,94.84379211658256,-0.41592242028056947,-0.2750910651196691,-0.2720275453055101,-0.1311961901446097,6.468251996597644,6.609083351758544,667.728720395321,768.8608874645216,Train
2013-09-01,473.29276,6.161824703216553,6.7407261313048705,-0.5789014280883178,0.10124182479397889,-0.6801432528822967,-0.35135419458662814,-1.536164913302667,-1.8356044050925486,-1.2257454186590275,-1.530674911875788,-0.005490001426878832,-0.35008641898934767,-0.33005683389294904,-0.24884459419536878,-0.33005683389294904,6.491881537109502,-0.33005683389294926,683.7186460858862,-210.4258909589331,-0.42050209656979787,-0.27967074140889747,-0.31926027177581895,-0.17842891661491858,6.421465859529052,6.562297214689952,637.1621091624071,733.6716728654491,Train
2013-10-01,439.48615,6.087879180908203,6.7411727207065875,-0.6532935397983843,0.1428531830712614,-0.7961467228696457,-0.3747949049040759,-1.637673045629788,-1.9129858320776216,-1.3031268456441005,-1.608056338860861,-0.029616706768927026,-0.3679556829815411,-0.42819103988810464,-0.22510249991027967,-0.4281910398881047,6.5160702207963075,-0.42819103988810436,700.4830255822961,-260.9968805627649,-0.4383713605619913,-0.2975400054010909,-0.29551817749072984,-0.15468682232982947,6.445654543215857,6.586485898376758,652.7866168917997,751.6590824381013,Train
2013-11-01,507.0994,6.230677127838135,6.741619310108304,-0.5109421822701696,-0.048606265674937935,-0.4623359165952317,-0.4089716833113266,-1.785672867226305,-2.111405225129648,-1.501546238696127,-1.8064757319128875,0.020802864686582545,-0.4137755735387597,-0.048560343056472,-0.46238183921369763,-0.048560343056472,6.279237470894607,-0.04856034305647228,552.5565705257251,-45.45717477377195,-0.48419125111920985,-0.3433598959583095,-0.5327975167941478,-0.39196616163324743,6.208821793314157,6.349653148475057,514.9182251086169,592.9407872394703,Train
2013-12-01,540.906,6.295092582702637,6.742065899510021,-0.4469733168073846,-0.028315467159396427,-0.4186578496479882,-0.3450961587222599,-1.5090649865502201,-1.735253622073997,-1.1253946356404758,-1.4303241288572364,-0.07874085769298378,-0.32691296893229804,-0.09174488071569015,-0.35522843609169447,-0.09174488071569015,6.386837463418327,-0.09174488071568998,615.4418186781207,-74.53581281874574,-0.39732864651274824,-0.25649729135184784,-0.42564411367214466,-0.28481275851124427,6.316421785837877,6.457253140998777,573.527674150991,660.4137715415283,Train
2014-01-01,540.906,6.295092582702637,6.742512488911738,-0.44741990620910155,-0.21519251081526383,-0.23222739539383772,-0.35029792721129777,-1.5315908314145406,-1.7380281952460537,-1.1281692088125326,-1.4330987020292931,-0.09849212938524743,-0.3275536857348804,0.0953262903410427,-0.5427461965501442,0.09532629034104267,6.199766292361594,0.09532629034104279,510.2674166113838,30.638589247991206,-0.3979693633153306,-0.2571380081544302,-0.6131618741305944,-0.472330518969694,6.129350614781144,6.270181969942044,475.50446617136623,547.5664665196916,Train
2014-02-01,777.5524,6.657436370849609,6.742959078313455,-0.08552270746384583,-0.12697634581135223,0.0414536383475064,-0.3331629742800476,-1.4573892800959491,-1.7472944023704007,-1.1374354159368796,-1.4423649091536401,-0.015024370942309018,-0.3296934795815775,0.37114711792908395,-0.4566698253929298,0.37114711792908395,6.286289252920525,0.37114711792908395,556.4739267377603,221.07850246145847,-0.4001091571620277,-0.2592778020011273,-0.52708550297338,-0.3862541478124796,6.215873575340075,6.3567049305009755,518.5692258764551,597.1439306151578,Train
2014-03-01,743.7458,6.613042831420898,6.743405667715172,-0.1303628362942737,-0.08846265176025504,-0.041900184534018656,-0.3575488950543435,-1.5629905711555214,-1.8035395220545156,-1.1936805356209945,-1.498610028837755,-0.06438054231776635,-0.3426818532917424,0.3007816687577237,-0.4311445050519974,0.3007816687577237,6.312261162663175,0.3007816687577236,571.1422468685612,172.60354170565756,-0.4130975308721926,-0.2722661757112922,-0.5015601826324476,-0.3607288274715472,6.241845485082725,6.382676840243625,532.2401930190196,612.8823647153879,Train
2014-04-01,473.29276,6.161824703216553,6.743852257116889,-0.5820275539003363,0.029369663806115387,-0.6113972177064517,-0.32832528569761726,-1.4364400543202598,-1.705821132563788,-1.0959621461302669,-1.4008916393470274,-0.035548414973232356,-0.3201162872801641,-0.2912809304262876,-0.2907466234740487,-0.2912809304262876,6.45310563364284,-0.29128093042628755,657.6762339615843,-184.3834788346312,-0.39053196486061426,-0.24970060969971392,-0.36116230105449887,-0.22033094589359853,6.38268995606239,6.52352131122329,612.8904163380284,705.7293602233418,Train
2014-05-01,878.9723,6.779890537261963,6.744298846518606,0.035591690743356885,0.034471432367960464,0.0011202583753964213,-0.28130877593755044,-1.232838796950006,-1.410738803398938,-0.800879816965417,-1.1058093101821775,-0.12702948676782855,-0.2519745607093273,0.2530948190847237,-0.2175031283413668,0.2530948190847237,6.526795718177239,0.25309481908472353,708.0472725781794,170.92501746088305,-0.3223902382897774,-0.18155888312887705,-0.28791880592181696,-0.1470874507609166,6.456380040596789,6.5972113957576894,659.8365429376469,759.7751722016856,Train
2014-06-01,574.71265,6.3556084632873535,6.744745435920323,-0.3891369726329694,0.04580073395236813,-0.43493770658533754,-0.22134530286724194,-0.9731717443400844,-1.1620711630547402,-0.5522121766212194,-0.8571416698379798,-0.11603007450210456,-0.19455112094149463,-0.2403865856438429,-0.1487503869891265,-0.24038658564384294,6.595995048931196,-0.24038658564384274,758.8503682904751,-184.1377218061001,-0.26496679852194477,-0.12413544336104444,-0.21916606456957663,-0.07833470940867632,6.525579371350746,6.666410726511646,707.1853494833236,814.2845616086367,Train
2014-07-01,709.93915,6.566586971282959,6.74519202532204,-0.1786050540390809,-5.354024247530085e-05,-0.17855151379660558,-0.17825054031481669,-0.7865533014458274,-0.9647150449224671,-0.35485605848894614,-0.6597855517057066,-0.12676774974012073,-0.14897676656753886,-0.029574747229066722,-0.14903030681001417,-0.029574747229066722,6.596161718512025,-0.02957474722906639,758.9770227872838,-49.03787483806502,-0.21939244414798903,-0.07856108898708868,-0.21944598439046434,-0.07861462922956397,6.525746040931575,6.666577396092476,707.3033922754695,814.420456069199,Train
2014-08-01,608.5193,6.412670612335205,6.745638614723757,-0.33296800238855173,0.14389487497505937,-0.4768628773636111,-0.18406508428857551,-0.8117327218267384,-1.053827332862781,-0.44396834642926003,-0.7488978396460205,-0.06283488218071787,-0.1695549732535049,-0.3073079041101062,-0.025660098278445537,-0.3073079041101062,6.719978516445312,-0.30730790411010656,859.1484559796293,-250.62916887025426,-0.23997065083395508,-0.09913929567305473,-0.0960757758588957,0.04475557930200465,6.6495628388648615,6.790394194025762,800.6638016191782,921.899805167454,Train
2014-09-01,676.1325,6.517867088317871,6.746085204125475,-0.22821811580760354,0.10124182479397889,-0.32945994060158246,-0.14721494142354852,-0.6521561079972408,-0.8920403564880297,-0.28218137005450866,-0.5871108632712692,-0.06504524472597162,-0.13219440361840534,-0.19726553698317711,-0.030952578824426452,-0.1972655369831771,6.715132625301048,-0.19726553698317684,854.9903531877335,-178.85784586351474,-0.20261008119885554,-0.061778726037955166,-0.10136825640487665,0.039463098756023725,6.644716947720598,6.785548302881498,796.7884235161298,917.438351763883,Train
2014-10-01,777.5524,6.657436370849609,6.746531793527192,-0.08909542267758219,0.1428531830712614,-0.2319486057488436,-0.15559284275051782,-0.6884359435911547,-0.9252359701589827,-0.3153769837254618,-0.6203064769422223,-0.06812946664893238,-0.13986008267319394,-0.09208852307564966,0.0029931003980674664,-0.09208852307564966,6.749524893925259,-0.09208852307564985,884.9419019737137,-107.38947277449495,-0.2102757602536441,-0.06944440509274374,-0.0674225771823827,0.07340877797851766,6.679109216344809,6.819940571505709,824.7034564354236,949.5749885814921,Train
2014-11-01,1048.0054,6.955597877502441,6.7469783829289085,0.2086194945735329,-0.048606265674937935,0.2572257602484708,-0.08989166762841079,-0.40392222843389375,-0.6522286069657963,-0.04236962053227539,-0.3472991137490359,-0.05662311468485787,-0.07681600562802988,0.3340417658765007,-0.12542227130296782,0.3340417658765007,6.6215561116259405,0.3340417658765009,778.5233107229567,269.4820603707933,-0.14723168320848007,-0.006400328047579709,-0.195837948883418,-0.05500659372251764,6.55114043404549,6.691971789206391,725.520656266496,835.3927256840226,Train
2014-12-01,912.77893,6.817588806152344,6.747424972330625,0.07016383382171831,-0.028315467159396427,0.09847930098111474,-0.08416937497802413,-0.3791422950742119,-0.5819924304818131,0.02786655595170784,-0.27706293726505266,-0.10207935780915922,-0.060596754726431896,0.15907605570754663,-0.08891222188582833,0.15907605570754663,6.658512750444797,0.1590760557075468,807.8708247630849,104.9081059009776,-0.1310124323068821,0.009818922854018277,-0.1593278994662785,-0.01849654430537815,6.588097072864347,6.728928428025247,752.8727249819905,866.8812609496428,Train
2015-01-01,507.0994,6.230677127838135,6.747871561732342,-0.5171944338942076,-0.21519251081526383,-0.3020019230789438,-0.04016897945288158,-0.18860208059584174,-0.4612174934033979,0.14864149303012308,-0.1562880001866374,-0.03231408040920433,-0.032706867987704995,-0.2692950550912388,-0.24789937880296883,-0.26929505509123874,6.4999721829293735,-0.26929505509123874,689.2809330429178,-182.18153729096468,-0.10312254556815516,0.03770880959274518,-0.318315056383419,-0.17748370122251866,6.429556505348923,6.570387860509824,642.3461957891656,739.6397514142661,Train
2015-02-01,1217.0386,7.104997158050537,6.748318151134059,0.3566790069164778,-0.12697634581135223,0.48365535272783,-0.029502600727665817,-0.14241217557899247,-0.3589824642380539,0.2508765221954671,-0.05405297102129342,-0.08835920455769905,-0.009098299412747965,0.492753652140578,-0.13607464522410018,0.492753652140578,6.612243505909959,0.4927536521405784,771.2976147330716,445.74095948567845,-0.07951397699319813,0.061317378167702205,-0.20649032280455037,-0.06565896764365002,6.541827828329509,6.68265918349041,718.7862618996554,827.6398856075166,Train
2015-03-01,676.1325,6.517867088317871,6.748764740535776,-0.23089765221790515,-0.08846265176025504,-0.14243500045765012,0.025399086962597156,0.09533521789045085,-0.15504415224169255,0.45481483419182844,0.14988534097506795,-0.0545501230846171,0.03799604450376142,-0.18043104496141155,-0.05046660725649362,-0.18043104496141152,6.698298133279283,-0.18043104496141193,840.7008065160181,-164.56829919179938,-0.032419633076688756,0.10841172208421161,-0.1208822848369438,0.01994907032395657,6.627882455698832,6.768713810859733,783.4704756332658,902.1063241963421,Train
2015-04-01,1048.0054,6.955597877502441,6.749211329937493,0.20638654756494823,0.029369663806115387,0.17701688375883284,0.04678778497288787,0.18795727407094875,-0.026891028550591722,0.5829679578829292,0.27803846466616877,-0.09008119059522002,0.0675897349781209,0.10942714878071194,0.09695939878423629,0.10942714878071194,6.846170728721729,0.10942714878071236,974.8386058284156,73.16676526533445,-0.002825942602329278,0.13800541255857104,0.02654372120378611,0.16737507636468643,6.775755051141279,6.91658640630218,908.4877530463107,1046.0300247975501,Train
2015-05-01,946.5855,6.853917121887207,6.74965791933921,0.10425920254799692,0.034471432367960464,0.06978777018003646,0.07383121536944974,0.305066699258896,0.029489229033168196,0.6393482154666892,0.3344187222499287,-0.029352022991032678,0.08060931533435309,-0.01082154515431663,0.11508074770231355,-0.01082154515431663,6.864738667041523,-0.010821545154316325,993.127182008269,-46.54167175436271,0.010193637753902904,0.15102499291480326,0.04466507012186337,0.18549642528276372,6.794322989461073,6.935154344621973,925.5328217255833,1065.652827438,Train
2015-06-01,980.39215,6.888972282409668,6.750104508740927,0.13886777366874092,0.04580073395236813,0.09306703971637278,0.06783249304333504,0.27908970916659204,0.006142382314362704,0.6160013687478837,0.3110718755311232,-0.03198216636453116,0.07521795743804437,0.017849082278328418,0.12101869139041249,0.017849082278328432,6.87112320013134,0.017849082278328154,999.4945245228499,-19.10237364394368,0.004802279857594181,0.14563363501849452,0.050603013809962315,0.19143436897086266,6.80070752255089,6.94153887771179,931.4672252241479,1072.484693641199,Train
2015-07-01,811.359,6.699942588806152,6.750551098142644,-0.050608509336491636,-5.354024247530085e-05,-0.050554969094016335,0.08409185374283473,0.3494995779413755,0.046663078327658314,0.6565220647611794,0.3515925715444188,-0.002092993603043325,0.08457517715368329,-0.13513014624769962,0.084521636911208,-0.13513014624769965,6.835072735053852,-0.13513014624769948,964.0686282719702,-152.70961948290767,0.014159499573233106,0.15499085473413346,0.014105959330757804,0.15493731449165815,6.764657057473402,6.905488412634302,898.4500658410013,1034.4743333126635,Train
2015-08-01,1183.2319,7.076849937438965,6.750997687544361,0.32585224989460393,0.14389487497505937,0.18195737491954456,0.1652784745233077,0.7010717843195204,0.49316874763688584,1.1030277340704069,0.7980982408536463,-0.0970264565341259,0.1876842562927474,-0.005726881373202847,0.3315791312678068,-0.0057268813732028745,7.082576818812168,-0.0057268813732029855,1235.0836329763465,-51.85169938259651,0.11726857871229723,0.2580999338731976,0.2611634536873566,0.40199480884825695,7.012161141231718,7.152992496392618,1151.0377644606629,1325.2609914765294,Train
2015-09-01,878.9723,6.779890537261963,6.751444276946078,0.02844626031588504,0.10124182479397889,-0.07279556447809385,0.1408811891300747,0.5954212796812086,0.3220671441658493,0.9319261305993702,0.6269966373826098,-0.031575357701401185,0.14817271145523309,-0.22096827593332694,0.24941453624921198,-0.22096827593332694,7.00085881319529,-0.2209682759333269,1138.0903614619679,-259.11807142290536,0.07775703387478293,0.21858838903568326,0.1789988586687618,0.31983021382966215,6.93044313561484,7.07127449077574,1060.6394219034576,1221.1916639541955,Train
2015-10-01,1081.812,6.987316608428955,6.751890866347795,0.2354257420811603,0.1428531830712614,0.09257255900989889,0.15900526127315756,0.6739061331046546,0.32678873050534035,0.9366477169388614,0.6317182237221008,0.04218790938255379,0.149263041215869,-0.056690482205970116,0.2921162242871304,-0.056690482205970116,7.044007090634925,-0.05669048220596995,1188.3159296365718,-106.50391791782181,0.07884736363541885,0.2196787187963192,0.22170054670668027,0.3625319018675806,6.973591413054475,7.114422768215375,1107.4499691310048,1275.0813928266082,Train
2015-11-01,980.39215,6.888972282409668,6.752337455749512,0.13663482666015625,-0.048606265674937935,0.18524109233509417,0.1612018994486501,0.6834185000753233,0.4254175400448312,1.035276526478352,0.7303470332615917,-0.04692853318626833,0.17203884548265902,0.013202246852435151,0.12343257980772109,0.013202246852435165,6.875770035557233,0.013202246852435096,1004.1544765526791,-23.762325673772807,0.10162316790220886,0.2424545230631092,0.05301690222727093,0.19384825738817124,6.805354357976783,6.946185713137683,935.8103299912677,1077.484608237943,Train
2015-12-01,1115.6187,7.018060207366943,6.752784045151229,0.2652761622157147,-0.028315467159396427,0.29359162937511113,0.20563502469486203,0.875832616205705,0.577762347526007,1.1876213339595278,0.8826918407427674,-0.006859224537062447,0.2072189873950865,0.08637264198002462,0.1789035202356901,0.08637264198002462,6.931687565386919,0.08637264198002459,1061.9613799786807,53.657272365069275,0.13680330981463634,0.2776346649755367,0.10848784265523992,0.24931919781614026,6.861271887806469,7.002103242967369,989.6867296268891,1139.5087617876113,Train
2016-01-01,1352.265,7.210275650024414,6.753230634552946,0.4570450154714685,-0.21519251081526383,0.6722375262867323,0.19609828986416958,0.8345345442593939,0.5486562045744752,1.158515191007996,0.8535856977912356,-0.019051153531841725,0.20049766714474052,0.4717398591419918,-0.014694843670523317,0.4717398591419918,6.738535790882422,0.4717398591419917,875.2594930550363,477.0055215934012,0.13008198956429035,0.2709133447251907,-0.08511052125097349,0.055720833909926853,6.668120113301972,6.8089514684628725,815.6793900796476,939.1862083163205,Train
2016-02-01,912.77893,6.817588806152344,6.7536772239546625,0.06391158219768123,-0.12697634581135223,0.19088792800903345,0.24420186913565003,1.0428432697190946,0.7370665857284626,1.3469255721619837,1.0419960789452232,0.0008471907738714091,0.24400623206639593,-0.05311830405736248,0.11702988625504371,-0.05311830405736248,6.870707110209707,-0.05311830405736284,999.0783154307559,-86.29938476669338,0.17359055448594576,0.31442190964684613,0.04661420867459354,0.1874455638354939,6.8002914326292565,6.941122787790157,931.0793157176935,1072.0381203929044,Train
2016-03-01,845.16565,6.740715026855469,6.7541238133563795,-0.013408786500910708,-0.08846265176025504,0.07505386525934434,0.243755279733933,1.0409093498219812,0.7790290002638804,1.3888879866974015,1.083958493480641,-0.04304914365865975,0.2536963798486006,-0.17864251458925628,0.16523372808834558,-0.17864251458925628,6.919357541444725,-0.1786425145892565,1048.9355103818566,-203.7698609677941,0.18328070226815038,0.32411205742905075,0.09481805050789534,0.23564940566879572,6.848941863864275,6.989773219025175,977.5465367708863,1125.532601707949,Train
2016-04-01,1081.812,6.987316608428955,6.754570402758096,0.23274620567085869,0.029369663806115387,0.2033765418647433,0.26805530701363284,1.1461386859323468,0.8148246839225752,1.4246836703560963,1.1197541771393358,0.02638450879301102,0.26196247865292543,-0.058585936788182136,0.2913321424590408,-0.058585936788182136,7.045902545217137,-0.058585936788182025,1190.5723617718484,-108.76035005309836,0.19154680107247524,0.33237815623337563,0.22091646487859062,0.361747820039491,6.975486867636687,7.116318222797587,1109.552978153559,1277.5024409184155,Train
2016-05-01,1622.718,7.3924736976623535,6.755016992159813,0.6374567055025402,0.034471432367960464,0.6029852731345797,0.28408038172273536,1.215533997853112,0.9411088178847182,1.5509678043182393,1.2460383111014788,-0.030504313248366888,0.2911245736893785,0.31186069944520123,0.32559600605733896,0.31186069944520123,7.080612998217152,0.31186069944520156,1232.6585684559436,390.0594491221814,0.2207088961089283,0.3615402512698287,0.25518032847688876,0.39601168363778916,7.010197320636702,7.151028675797603,1148.7775889885302,1322.6590085771377,Train
2016-06-01,878.9723,6.779890537261963,6.755463581561531,0.02442695570043174,0.04580073395236813,-0.02137377825193639,0.22877586277339057,0.9760421756441545,0.593019005322057,1.2028779917555779,0.8979484985388174,0.0780936771053371,0.21074212280907625,-0.23211590106101265,0.2565428567614444,-0.23211590106101265,7.012006438322976,-0.23211590106101276,1150.8595546526633,-271.8872646136008,0.1403264452286261,0.2811578003895264,0.18612717918099425,0.32695853434189454,6.941590760742526,7.082422115903426,1072.5403907254079,1234.8924220337024,Train
2016-07-01,1453.6849,7.2825446128845215,6.755910170963248,0.5266344419212734,-5.354024247530085e-05,0.5266879821637487,0.23322841754434198,0.9953236100701016,0.6166231902568431,1.2264821766903642,0.9215526834736036,0.07377092659649798,0.21619290639312175,0.31049507577062696,0.21613936615064644,0.31049507577062696,6.972049537113895,0.3104950757706266,1105.7421937195104,347.9427428039271,0.14577722881267155,0.2866085839735719,0.14572368857019624,0.28655504373109664,6.901633859533444,7.042465214694345,1030.4907249575335,1186.4835650213931,Train
2016-08-01,1183.2319,7.076849937438965,6.756356760364965,0.3204931770739998,0.14389487497505937,0.17659830209894045,0.17914110491417037,0.7611028030497955,0.40502464564566537,1.0148836320791863,0.7099541388624259,0.05114866418736963,0.16732962742114782,0.009268674677792632,0.3112245023962072,0.009268674677792632,7.0675812627611725,0.009268674677792355,1216.6861565160882,-33.454222922338204,0.09691394984069766,0.237745305001598,0.24080882481575705,0.38164017997665733,6.997165585180722,7.137996940341623,1133.891200031232,1305.5213438346493,Train
2016-09-01,1183.2319,7.076849937438965,6.756803349766682,0.3200465876722829,0.10124182479397889,0.218804762878304,0.1351531635583111,0.5706165203613119,0.11831410166600081,0.7281730880995219,0.4232435948827613,0.14737292547855063,0.10112115079656578,0.11768361208173822,0.20236297559054467,0.11768361208173822,6.959166325357226,0.11768361208173861,1091.5752534718422,91.65668012190781,0.0307054732161156,0.17153682837701595,0.1319472980100945,0.2727786531709948,6.888750647776776,7.029582002937676,1017.2870470373983,1171.2830885181816,Train
2016-10-01,1318.4584,7.184976577758789,6.757249939168399,0.4277266385903902,0.1428531830712614,0.2848734555191288,0.1161359126117943,0.48826382714363975,0.12131066807791396,0.731169654511435,0.42624016129467446,0.06202366584896529,0.10181313126747317,0.18306032425165564,0.2446663143387346,0.18306032425165558,7.001916253507133,0.18306032425165597,1139.2955186075853,179.16285541585216,0.03139745368702298,0.17222880884792333,0.1742506367582844,0.31508199191918473,6.931500575926683,7.072331931087584,1061.7626359860822,1222.4847422445246,Train
2016-11-01,507.0994,6.230677127838135,6.757696528570116,-0.5270194007319811,-0.048606265674937935,-0.47841313505704314,0.14945241397952716,0.6325382874186457,0.3117639124211275,0.9216228988546484,0.616693405637888,0.015844881780757714,0.14579344326139768,-0.6242065783184408,0.09718717758645974,-0.6242065783184408,6.854883706156576,-0.6242065783184412,983.3782142645302,-476.2788185125771,0.07537776568094752,0.21620912084184785,0.026771500006009585,0.16760285516690993,6.784468028576125,6.925299383737026,916.446722123849,1055.1926326091514,Train
2016-12-01,1183.2319,7.076849937438965,6.758143117971833,0.3187068194671321,-0.028315467159396427,0.3470222866265285,0.12029025381008962,0.5062538714032919,0.17346479388851094,0.7833237803220319,0.47839428710527143,0.02785958429802049,0.11385679443966307,0.23316549218686544,0.08554132728026664,0.23316549218686544,6.8436844452521,0.2331654921868651,972.4154080602665,210.8165255334835,0.04344111685921289,0.1842724720201132,0.015125649699816463,0.15595700486071679,6.77326876767165,6.91410012283255,906.2293173990861,1043.4300448376248,Train
2017-01-01,709.93915,6.566586971282959,6.75858970737355,-0.1920027360905907,-0.21519251081526383,0.023189774724673123,0.16364600523377146,0.694002505854061,0.36562769600605355,0.9754866824395745,0.670557189222814,0.023445316631246937,0.158231908226422,-0.13504213350174887,-0.056960602588841835,-0.13504213350174887,6.701629104784708,-0.13504213350174865,843.509162599015,-133.57001464979624,0.08781623064597184,0.22864758580687217,-0.12737628016929198,0.013455074991608335,6.6312134272042575,6.772044782365158,786.0878812661482,905.1195613460698,Train
2017-02-01,540.906,6.295092582702637,6.759036296775267,-0.4639437140726299,-0.12697634581135223,-0.3369673682612777,0.10740760071008594,0.45046656641594235,0.14087518884973388,0.7507341752832548,0.4458046820664944,0.004661884349447976,0.10633105759907004,-0.44329842586034773,-0.02064528821228219,-0.44329842586034773,6.738391008562984,-0.4432984258603474,875.1326353567995,-334.2266294974245,0.03591538001861985,0.1767467351795202,-0.09106096579273237,0.04977038936816797,6.667975330982534,6.808806686143434,815.5611579024854,939.050095829955,Train
2017-03-01,676.1325,6.517867088317871,6.759482886176984,-0.24161579785911247,-0.08846265176025504,-0.15315314609885744,0.12601673545235095,0.5310519448592326,0.145148517237577,0.7550075036710979,0.4500780104543375,0.08097393440489509,0.10731787363571967,-0.2604710197345771,0.018855221875464623,-0.2604710197345771,6.7783381080524485,-0.2604710197345774,910.8400484209412,-234.70754109672248,0.03690219605526948,0.17773355121616982,-0.05156045570498556,0.08927089945591478,6.707922430471998,6.848753785632899,848.8406927362539,977.3625107751151,Train
2017-04-01,1622.718,7.3924736976623535,6.7599294755787005,0.632544222083653,0.029369663806115387,0.6031745582775376,0.12791574776826503,0.5392754667083617,0.27667326344959103,0.8865322498831121,0.5816027566663515,-0.042327289957989844,0.13769015420922326,0.4654844040683144,0.16705981801533865,0.4654844040683144,6.926989293594039,0.4654844040683148,1056.9790119347895,565.7390056433355,0.0672744766287731,0.20810583178967346,0.09664414043488849,0.23747549559578884,6.856573616013589,6.99740497117449,985.0431310953044,1134.1629096094055,Train
2017-05-01,1149.4253,7.047886848449707,6.760376064980417,0.2875107834692896,0.034471432367960464,0.25303935110132914,0.15609842160863388,0.661318295051788,0.3360091033115595,0.9458680897450804,0.64093859652832,0.020379698523467993,0.15139225079755006,0.10164710030377908,0.18586368316551052,0.10164710030377908,6.946239748145928,0.10164710030377933,1077.5428857371394,71.88240723161061,0.0809765732170999,0.22180792837800023,0.11544800558506037,0.2562793607459607,6.875824070565478,7.016655425726378,1004.2087915505493,1156.2270021433637,Train
2017-06-01,1487.4916,7.305518627166748,6.760822654382134,0.5446959727846137,0.04580073395236813,0.49889523883224557,0.22126708883431767,0.9435260271017396,0.717827302716491,1.327686289150012,1.0227567959332515,-0.07923076883151192,0.23956341108781976,0.2593318277444258,0.28536414504018787,0.2593318277444258,7.046186799422323,0.2593318277444254,1190.9111193708202,296.5804577776173,0.16914773350736956,0.30997908866826995,0.2149484674597377,0.35577982262063806,6.975771121841872,7.116602477002773,1109.8687023785233,1277.8659122702693,Train
2017-07-01,743.7458,6.613042831420898,6.761269243783851,-0.14822641236295286,-5.354024247530085e-05,-0.14817287212047756,0.2360021998211912,1.0073352536846494,0.7482803220505023,1.3581393084840234,1.0532098152672629,-0.04587456158261349,0.24659575803515366,-0.39476863015563124,0.24654221779267835,-0.39476863015563124,7.007811461576529,-0.3947686301556308,1146.0376515626417,-402.29186298842296,0.17618008045470346,0.31701143561560385,0.17612654021222815,0.3169578953731286,6.937395783996079,7.07822713915698,1068.0463465458095,1229.7187413842985,Train
2017-08-01,1487.4916,7.305518627166748,6.761715833185568,0.5438027939811798,0.14389487497505937,0.39990791900612044,0.2990047150464477,1.2801626367211854,1.0149820176871205,1.6248410041206416,1.319911510903881,-0.03974887418269568,0.3081837022251164,0.09172421678100406,0.45207857720017575,0.09172421678100406,7.213794410385744,0.09172421678100395,1408.4021572708893,79.08941987754815,0.23776802464466618,0.37859937980556657,0.38166289961972555,0.5224942547806259,7.143378732805294,7.284210087966194,1312.5717253845896,1511.2238112564823,Train
2017-09-01,1217.0386,7.104997158050537,6.762162422587285,0.34283473546325194,0.10124182479397889,0.24159291066927305,0.3128546970584068,1.3401388826522542,1.103354458404012,1.7132134448375331,1.4082839516207726,-0.06814506896851835,0.32859106009290573,-0.08699814942363268,0.42983288488688465,-0.08699814942363271,7.19199530747417,-0.08699814942363293,1378.0109090605667,-160.97233484181675,0.25817538251245553,0.3990067376733559,0.35941720730643445,0.5002485624673348,7.12157962989372,7.26241098505462,1284.2468898206037,1478.615397142481,Train
2017-10-01,1859.3644,7.528527736663818,6.762609011989002,0.7659187246748163,0.1428531830712614,0.6230655416035549,0.3275810660307132,1.4039102526361331,1.0773076279099727,1.6871666143434938,1.3822371211267332,0.021673131509399868,0.3225762099099583,0.3004893316935966,0.46542939298121966,0.3004893316935966,7.2280384049702215,0.3004893316935968,1428.621333024489,430.7430468583234,0.2521605323295081,0.3929918874904085,0.39501371540076946,0.5358450705616699,7.1576227273897715,7.298454082550672,1331.416125078101,1532.9180586086923,Train
2017-11-01,1115.6187,7.018060207366943,6.763055601390719,0.2550046059762243,-0.048606265674937935,0.30361087165116224,0.31797371956417686,1.3623064026149256,1.0497321825872048,1.659591169020726,1.3546616758039653,0.0076447268109602895,0.3162083651780449,-0.012597493526882664,0.267602099503107,-0.012597493526882664,7.030657700893826,-0.012597493526882886,1172.5447895234638,-56.926137179713805,0.24579268759759473,0.3866240427584951,0.19718642192265678,0.3380177770835572,6.960242023313376,7.101073378474276,1092.751166789328,1258.1596835141393,Train
2017-12-01,1419.8783,7.259030342102051,6.763502190792436,0.4955281513096148,-0.028315467159396427,0.5238436184690113,0.3150415767388962,1.3496089912361815,0.995649986256909,1.6055089726904301,1.3005794794736696,0.04902951176251191,0.30371946336843997,0.22012415510057132,0.27540399620904354,0.22012415510057126,7.03890618700148,0.22012415510057082,1182.264789950468,237.61350594796954,0.2333037857879898,0.37413514094889017,0.20498831862859337,0.34581967378949374,6.968490509421029,7.10932186458193,1101.8102686686389,1268.5887977419775,Train
2018-01-01,1521.2982,7.327976226806641,6.763948780194153,0.5640274466124877,-0.21519251081526383,0.7792199574277515,0.30454981655318264,1.304175257921235,0.9579322876657532,1.5677912740992743,1.2628617808825138,0.041313477038721125,0.2950095243098936,0.48421043311785794,0.07981701349462975,0.48421043311785794,6.843765793688783,0.48421043311785805,972.4945971028638,548.8036206705737,0.22459384672944338,0.3654252018903438,0.009401335914179548,0.15023269107507994,6.7733501161083325,6.914181471269233,906.3031220876767,1043.515011044884,Train
2018-02-01,642.32587,6.466651439666748,6.76439536959587,-0.2977439299291218,-0.12697634581135223,-0.17076758411776957,0.3636810101002774,1.5602381902279998,1.2596774945510896,1.8695364809846107,1.5646069877678501,-0.004368797539850311,0.3646898722989946,-0.5354574564167641,0.23771352648764235,-0.5354574564167641,7.002108896083512,-0.535457456416764,1139.5152092343283,-497.1893425351095,0.2942741947185444,0.4351055498794447,0.16729784890719215,0.3081292040680925,6.931693218503062,7.072524573663962,1061.9673890398024,1222.7204602013583,Train
2018-03-01,811.359,6.699942588806152,6.764841958997588,-0.06489937019143532,-0.08846265176025504,0.02356328156881972,0.3441786965545785,1.4757849719904836,1.1706766769217618,1.780535663355283,1.4756061701385224,0.0001788018519612855,0.3441374068340412,-0.3205741252652215,0.2556747550737862,-0.3205741252652215,7.020516714071374,-0.3205741252652219,1160.7040272591717,-349.34501847010915,0.27372172925359106,0.4145530844144914,0.18525907749333603,0.3260904326542364,6.950101036490924,7.090932391651824,1081.7155014633342,1245.4550891958208,Train
2018-04-01,1453.6849,7.2825446128845215,6.765288548399305,0.5172560644852169,0.029369663806115387,0.4878864006791015,0.336487361262562,1.4424782560240677,1.0458417665005328,1.655700752934054,1.3507712597172934,0.09170699630677426,0.31530997295654156,0.17257642772255993,0.34467963676265695,0.17257642772255993,7.109968185161962,0.17257642772255988,1269.4096243401232,184.27531218331433,0.2448942953760914,0.38572565053699176,0.2742639591822068,0.41509531434310715,7.0395525075815115,7.180383862742412,1183.029805531866,1362.0912043561532,Train
2018-05-01,1115.6187,7.018060207366943,6.7657351378010215,0.2523250695659218,0.034471432367960464,0.21785363719796136,0.27365433857735705,1.170384846956367,0.7915221505537009,1.401381136987222,1.0964516437704614,0.07393320318590546,0.2565813537928781,-0.03872771659491675,0.2910527861608386,-0.03872771659491675,7.05678792396186,-0.03872771659491647,1203.6139306639182,-87.99527832016815,0.1861656762124279,0.3269970313733283,0.22063710858038837,0.36146846374128877,6.98637224638141,7.12720360154231,1121.7078028520325,1291.4954456211456,Train
2018-06-01,1318.4584,7.184976577758789,6.7661817272027385,0.4187948505560506,0.04580073395236813,0.3729941166036825,0.2871174467082938,1.2286857663048838,0.8315599101487745,1.4414188965822956,1.136489403365535,0.09219636293934874,0.2658270516784748,0.10716706492520767,0.3116277856308429,0.10716706492520767,7.077809512833581,0.10716706492520789,1229.2048681521592,89.25350587127832,0.19541137409802464,0.336242729258925,0.24121210805039278,0.3820434632112931,7.007393835253131,7.148225190414031,1145.558718459917,1318.9533467052688,Train
2018-07-01,1521.2982,7.327976226806641,6.766628316604455,0.5613479102021852,-5.354024247530085e-05,0.5614014504446605,0.27833673719193247,1.1906616018729133,0.8712231114371605,1.4810820978706816,1.176152604653921,0.014508997218992237,0.27498625489056333,0.28641519555409717,0.27493271464808805,0.28641519555409717,7.041561031252543,0.2864151955540972,1185.4103473104483,335.8878704629892,0.20457057731011316,0.34540193247101353,0.20451703706763785,0.34534839222853825,6.971145353672093,7.1119767088329935,1104.7419480245494,1271.9638363815136,Train
2018-08-01,1183.2319,7.076849937438965,6.767074906006172,0.3097750314327925,0.14389487497505937,0.16588015645773313,0.24130648575713443,1.03030504220193,0.6130723927079991,1.22293137914152,0.9180018859247595,0.11230315627717047,0.21537294039798227,-0.04949278394024914,0.35926781537304164,-0.04949278394024914,7.126342721379214,-0.049492783940249474,1290.3832407373689,-107.15130714361885,0.1449572628175321,0.2857886179784324,0.28885213779259145,0.4296834929534918,7.055927043798764,7.196758398959664,1202.5773486772746,1384.5949318837804,Train
2018-09-01,1115.6187,7.018060207366943,6.767521495407889,0.2505387119590541,0.10124182479397889,0.1492968871650752,0.2816054328417252,1.2048164284998724,0.8794929282336892,1.4893519146672103,1.1844224214504497,0.020394007049422624,0.27689595784205784,-0.12759907067698265,0.3781377826360367,-0.12759907067698262,7.145659278043926,-0.1275990706769825,1315.5708035954617,-199.9521512517117,0.2064802802616076,0.347311635422508,0.3077221050555865,0.4485534602164869,7.075243600463476,7.216074955624376,1226.052316578419,1411.6200305080665,Validate
2018-10-01,878.9723,6.779890537261963,6.767968084809606,0.01192245245235668,0.1428531830712614,-0.13093073061890473,0.2878211724779925,1.2317331947993782,0.9464005703640765,1.5562595567975976,1.251330063580837,-0.019596868781458943,0.2923465687561435,-0.4232772993750482,0.4351997518274049,-0.4232772993750482,7.203167836637011,-0.423277299375048,1393.5043378864875,-514.532047847425,0.2219308911756933,0.3627622463365937,0.3647840742469547,0.5056154294078551,7.132752159056561,7.273583514217461,1298.6868634860307,1495.2391349930977,Validate
2018-11-01,1318.4584,7.184976577758789,6.768414674211323,0.4165619035474659,-0.048606265674937935,0.46516816922240384,0.24862826584859407,1.0620114287545916,0.6613793458143018,1.2712383322478227,0.9663088390310622,0.09570258972352941,0.2265281973032542,0.23863997191914965,0.17792193162831627,0.23863997191914965,6.946336605839639,0.23863997191914965,1077.6473559729122,240.81101805052526,0.15611251972280402,0.29694387488370433,0.10750625404786608,0.2483376092087664,6.875920928259189,7.0167522834200895,1004.3061584710892,1156.3390939102799,Validate
2018-12-01,1284.6517,7.159020900726318,6.76886126361304,0.3901596371132783,-0.028315467159396427,0.4184751042726747,0.25542642233717655,1.0914503049267812,0.7397730168282992,1.3496320032618203,1.0447025100450598,0.04674779488172143,0.24463121319796632,0.17384389107470838,0.2163157460385699,0.17384389107470838,6.98517700965161,0.173843891074708,1120.366702874864,164.2850305235736,0.17421553561751615,0.3150468907784165,0.14590006845811973,0.2867314236190201,6.914761332071159,7.0555926872320605,1044.120859993866,1202.1749919562626,Validate
2019-01-01,980.39215,6.888972282409668,6.769307853014757,0.11966442939491095,-0.21519251081526383,0.33485694021017476,0.27567106879564846,1.1791181368223336,0.8836627729972404,1.4935217594307615,1.188592266214001,-0.009474129391667363,0.27785887697898115,0.05699806323119361,0.06266636616371732,0.056998063231193635,6.831974219178474,0.05699806323119372,961.0829757410442,19.3091751378621,0.20744319939853095,0.34827455455943135,-0.007749311416732879,0.13308204374416752,6.761558541598024,6.902389896758924,895.6674187972069,1031.2708652137164,Validate
2019-02-01,1048.0054,6.955597877502441,6.769754442416474,0.18584343508596746,-0.12697634581135223,0.31281978089731965,0.2156466964451197,0.9191873647213424,0.5236015370353797,1.1334605234689006,0.8285310302521401,0.0906563344692023,0.194711931653211,0.11810784924410866,0.06773558584185876,0.11810784924410869,6.837490028258332,0.118107849244109,966.4043039781166,81.60106711563344,0.12429625407276085,0.2651276092336612,-0.002680091738591378,0.13815126342230896,6.767074350677882,6.9079057058387825,900.6269303728412,1036.980406118063,Validate
2019-03-01,878.9723,6.779890537261963,6.770201031818191,0.009689505443772006,-0.08846265176025504,0.09815215720402705,0.2263189164255235,0.9654025648293623,0.5796156999778368,1.1894746864113577,0.8845451931945972,0.08085737163476503,0.20764697180326644,-0.10949481459923939,0.1191843200430114,-0.10949481459923939,6.889385351861202,-0.10949481459923938,1017.9335631367716,-138.96127309770907,0.1372312942228163,0.2780626493837166,0.048768642462561254,0.18959999762346158,6.818969674280752,6.959801029441652,948.6525258436834,1092.2689355659054,Validate
2019-04-01,912.77893,6.817588806152344,6.770647621219908,0.04694118493243593,0.029369663806115387,0.017571521126320544,0.24394648187762735,1.0417373355033241,0.7641517184907667,1.3740107049242878,1.0690812117075272,-0.027343876204203088,0.2502608516366267,-0.23268933051030616,0.2796305154427421,-0.23268933051030616,7.05027813666265,-0.23268933051030594,1195.797619063471,-283.0186883994086,0.17984517405617648,0.32067652921707684,0.20921483786229186,0.35004619302319223,6.9798624590822,7.1206938142431,1114.4229510003624,1283.1089021087641,Validate
2019-05-01,1217.0386,7.104997158050537,6.771094210621625,0.33390294742891236,0.034471432367960464,0.2994315150609519,0.24966877452801414,1.0665172688630067,0.7230180343762906,1.3328770208098117,1.0279475275930512,0.03856974126995549,0.24076207797670368,0.05866943708424821,0.27523351034466415,0.05866943708424821,7.046327720966289,0.05866943708424799,1191.0790971615995,25.95947705715048,0.1703464003962535,0.3111777555571539,0.20481783276421398,0.34564918792511434,6.975912043385839,7.116743398546739,1110.0252587420305,1278.0461447281723,Validate
2019-06-01,1690.3313,7.433271408081055,6.771540800023342,0.661730608057713,0.04580073395236813,0.6159298741053448,0.22455516051387045,0.957764760085043,0.6041301532213144,1.2139891396548352,0.9090596464380748,0.04870511364696817,0.21330795860203,0.40262191550331483,0.2591086925543981,0.4026219155033149,7.03064949257774,0.40262191550331483,1172.5351567364244,517.7961420917006,0.14289228102157983,0.28372363618248014,0.18869301497394797,0.32952437013484825,6.96023381499729,7.10106517015819,1092.7421889708774,1258.1493479758728,Validate
2019-07-01,743.7458,6.613042831420898,6.771987389425059,-0.15894455800416019,-5.354024247530085e-05,-0.15889101776168488,0.19565589656432225,0.8326187952478075,0.45364980250365133,1.0635087889371724,0.7585792957204118,0.07403949952739564,0.17855836535492586,-0.33744938311661077,0.17850482511245055,-0.33744938311661077,6.950492214537509,-0.33744938311661077,1082.1391188477128,-338.39333027349403,0.10814268777447571,0.24897404293537606,0.10808914753200041,0.24892050269290075,6.880076536957059,7.020907892117959,1008.4925098818852,1161.158549264984,Validate
2019-08-01,1352.265,7.210275650024414,6.772433978826776,0.4378416711976385,0.14389487497505937,0.29394679622257913,0.18926068414116157,0.8049248363140183,0.4502453044824137,1.0601042909159346,0.7551747976991742,0.04975003861484417,0.17777218349872762,0.11617461272385152,0.32166705847378696,0.11617461272385154,7.094101037300563,0.11617461272385121,1249.4109277059688,102.85408694246871,0.10735650591827745,0.24818786107917776,0.2512513808933368,0.39208273605423716,7.023685359720113,7.164516714881013,1164.3908937722608,1340.633520977249,Validate
2019-09-01,1386.0717,7.234950065612793,6.7728805682284925,0.4620694973843005,0.10124182479397889,0.36082767259032156,0.17731333879360311,0.7531878071850383,0.40336387811280544,1.0132228645463264,0.7082933713295659,0.04489443585547237,0.16694611558076702,0.19388155700955453,0.2681879403747459,0.19388155700955456,7.041068508603239,0.19388155700955423,1184.8261572182637,201.2454980551738,0.09653043800031687,0.2373617931612172,0.19777226279429577,0.3386036179551961,6.970652831022789,7.111484186183689,1104.1974791634902,1271.3370272318723,Validate
2019-10-01,946.5855,6.853917121887207,6.773327157630209,0.0805899642569976,0.1428531830712614,-0.062263218814263804,0.19919977532419808,0.8479652804539741,0.5173334582485039,1.1271924446820247,0.8222629514652643,0.025702328988709833,0.1932644789642323,-0.2555276977784961,0.3361176620354937,-0.2555276977784961,7.109444819665703,-0.25552769777849615,1268.7449097361462,-322.1593994822399,0.12284880138378215,0.26368015654468246,0.26570198445504356,0.40653333961594385,7.039029142085253,7.179860497246153,1182.4102873164795,1361.3779961021153,Validate
2019-11-01,980.39215,6.888972282409668,6.773773747031926,0.1151985353777416,-0.048606265674937935,0.16380480105267953,0.13128954952416563,0.5538854469711407,0.1828484100696735,0.7927073965031946,0.487777903286434,0.06610754368470673,0.11602370090902758,0.047781100143651944,0.06741743523408965,0.04778110014365196,6.841191182266016,0.04778110014365211,969.9914504907927,10.400700388113592,0.04560802332857739,0.18643937848947775,-0.0029982423463605426,0.1378331128145398,6.770775504685566,6.911606859846466,903.9701736122211,1040.82924964576,Validate
2019-12-01,912.77893,6.817588806152344,6.774220336433643,0.04336846971870045,-0.028315467159396427,0.07168393687809688,0.04608312869392081,0.18490581608004972,-0.2993192256216104,0.3105397608119106,0.005610267595150084,0.17929554848489965,0.0046794015551098345,0.06700453532298704,-0.02363606560428659,0.06700453532298704,6.750584270829357,0.06700453532298667,885.8809456758197,26.897984988242797,-0.06573627602534034,0.07509507913556002,-0.09405174318473676,0.04677961197616359,6.680168593248906,6.820999948409807,825.5786511054632,950.5825393637932,Validate
2020-01-01,912.77893,6.817588806152344,6.774666925835361,0.04292188031698263,-0.21519251081526383,0.25811439113224643,-0.07313398060017087,-0.3313543971129754,-0.8124210295961889,-0.20256204316266785,-0.5074915363794283,0.17613713926645297,-0.11380835380589029,0.3719227449381367,-0.32900086462115413,0.37192274493813676,6.445666061214207,0.3719227449381366,652.7941472483413,259.98478341572115,-0.1842240313863405,-0.043392676225440116,-0.39941654220160433,-0.25858518704070393,6.375250383633757,6.516081738794657,608.3402806409116,700.4911053091582,Validate
2020-02-01,912.77893,6.817588806152344,6.775113515237078,0.042475290915265695,-0.12697634581135223,0.16945163672661792,-0.06294122038234036,-0.2872154593863302,-0.7046953639205751,-0.09483637748705404,-0.39976587070381453,0.11255041131748433,-0.0889318629773657,0.2583834997039836,-0.21590820878871791,0.2583834997039836,6.55920530644836,0.25838349970398333,731.4036435413756,181.37528712268693,-0.15934754055781591,-0.01851618539691553,-0.28632388636916817,-0.14549253120826774,6.488789628867909,6.6296209840288105,681.6048284100174,784.835485989964,Validate
2020-03-01,1149.4253,7.047886848449707,6.775560104638795,0.27232674381091204,-0.08846265176025504,0.36078939557116707,-0.1025178617148028,-0.458598958053107,-0.7899447036848848,-0.18008571725136385,-0.48501521046812435,0.026416252415017327,-0.10861802045417858,0.46940741602534564,-0.19708067221443362,0.46940741602534564,6.578479432424361,0.4694074160253461,745.6570029063291,403.7682900624209,-0.17903369803462876,-0.03820234287372841,-0.2674963497948838,-0.12666499463398345,6.508063754843911,6.648895110004812,694.8890494940857,800.1286862386538,Validate
2020-04-01,405.6795,6.008025169372559,6.776006694040512,-0.7679815246679533,0.029369663806115387,-0.7973511884740687,-0.12624380012571576,-0.5613422479613244,-0.9790378830536983,-0.3691788966201774,-0.6741083898369379,0.11276614187561351,-0.15228426018269017,-0.6450669282913786,-0.12291459637657479,-0.6450669282913786,6.653092097663937,-0.6450669282913788,803.498079152504,-397.8185747579728,-0.22269993776314032,-0.08186858260223998,-0.19333027395702493,-0.05249891879612459,6.582676420083487,6.7235077752443875,748.7972984142599,862.1895056555458,Validate
2020-05-01,439.48615,6.087879180908203,6.776453283442229,-0.6885741025340257,0.034471432367960464,-0.7230455349019862,-0.15063456874445344,-0.6669645322258139,-0.9891816687310047,-0.3793226822974836,-0.6842521755142441,0.017287643288430243,-0.15462670838002027,-0.568418826521966,-0.1201552760120598,-0.568418826521966,6.656298007430169,-0.5684188265219658,806.0813660812163,-366.59522106168504,-0.22504238596047046,-0.08421103079957008,-0.19057095359251,-0.04973959843160962,6.585882329849719,6.726713685010619,751.2049381717318,864.9612539353062,Validate
2020-06-01,405.6795,6.008025169372559,6.776899872843946,-0.7688747034713872,0.04580073395236813,-0.8146754374237554,-0.20057113312175642,-0.8832108539509734,-1.2560917435301995,-0.6462327570966786,-0.951162250313439,0.06795139636246561,-0.21626277241490746,-0.5984126650088479,-0.17046203846253932,-0.5984126650088479,6.606437834381406,-0.5984126650088477,766.8268987712554,-361.14739437672415,-0.28667844999535763,-0.1458470948344573,-0.2408777160429895,-0.10004636088208915,6.536022156800956,6.676853511961856,714.6195263448875,822.843012624212,Validate
2020-07-01,845.16565,6.740715026855469,6.777346462245663,-0.03663143539019398,-5.354024247530085e-05,-0.03657789514771868,-0.2499270290496575,-1.096942637123255,-1.4817754993999899,-0.8719165129664688,-1.1768460061832293,0.07990336905997442,-0.2683786711455544,0.23180077599783575,-0.2684322113880297,0.23180077599783572,6.508914250857633,0.23180077599783555,695.4811521114402,149.68449730262228,-0.3387943487260046,-0.19796299356510422,-0.3388478889684799,-0.19801653380757953,6.438498573277183,6.579329928438083,648.1248391789073,746.2923018322258,Validate
2020-08-01,845.16565,6.740715026855469,6.77779305164738,-0.03707802479191091,0.14389487497505937,-0.18097289976697029,-0.3753948377049145,-1.6402710069249105,-2.0834495479804387,-1.4735905615469176,-1.7785200547636781,0.13824904783876768,-0.40731992397887096,0.22634702421190067,-0.2634250490038116,0.22634702421190067,6.514368002643568,0.22634702421190056,699.2899641557996,145.87568525826293,-0.47773560155932115,-0.33690424639842076,-0.3338407265842618,-0.1930093714233614,6.443952325063118,6.584783680224018,651.6746760959038,750.378982299094,Validate
2020-09-01,1048.0054,6.955597877502441,6.778239641049097,0.1773582364533448,0.10124182479397889,0.07611641165936592,-0.47699142322835586,-2.080226942885645,-2.5765496237871086,-1.9666906373535877,-2.2716201305703483,0.19139318768470348,-0.5211887911278277,0.5973052027871936,-0.41994696633384876,0.5973052027871936,6.358292674715248,0.5973052027871937,598.0943845194687,449.9109865742813,-0.5916044687082779,-0.45077311354737754,-0.49036264391429896,-0.3495312887533987,6.287876997134798,6.428708352295698,557.359755788428,641.8007710834371,Validate
2020-10-01,709.93915,6.566586971282959,6.7786862304508135,-0.21209925916785455,0.1428531830712614,-0.35495244223911593,-0.5792456069293892,-2.5230305554707257,-2.960604226880898,-2.3507452404473774,-2.6556747336641378,0.132644178193412,-0.6098763917251109,0.25492394948599495,-0.4670232086538495,0.25492394948599495,6.311663021796964,0.2549239494859954,570.8001275373998,139.13902041181893,-0.6802920693055611,-0.5394607141446608,-0.5374388862342997,-0.3966075310733994,6.2412473442165135,6.382078699377415,531.9213356383899,612.515286379227,Validate
2020-11-01,540.906,6.295092582702637,6.7791328198525305,-0.48404023714989375,-0.048606265674937935,-0.4354339714749558,-0.5122285599327907,-2.2328185617821186,-2.542607588516044,-1.9327486020825233,-2.237678095299284,0.004859533517165282,-0.5133507450704968,0.077916773595541,-0.5619570107454348,0.07791677359554106,6.217175809107095,0.0779167735955415,519.2462672040571,21.659738655317938,-0.5837664226509469,-0.44293506749004663,-0.6323726883258849,-0.49154133316498455,6.146760131526646,6.287591486687546,483.87281171713084,557.2003610003469,Validate
2020-12-01,507.0994,6.230677127838135,6.779579409254247,-0.5489022814161126,-0.028315467159396427,-0.5205868142567162,-0.46166986534301185,-2.013878154635593,-2.1619894847702454,-1.5521304983367246,-1.8570599915534851,-0.15681816308210772,-0.4254567162184089,-0.09513009803830724,-0.45377218337780534,-0.0951300980383073,6.325807225876442,-0.09513009803830741,578.9452525981717,-71.84585684621857,-0.49587239379885906,-0.3550410386379587,-0.5241878609582555,-0.38335650579735514,6.255391548295992,6.396222903456892,539.5126437149073,621.2546316392137,Validate
2021-01-01,202.83975,5.317334175109863,6.780025998655964,-1.462691823546101,-0.21519251081526383,-1.2474993127308371,-0.38588191539485495,-1.685684463064203,-1.8835682442167896,-1.2737092577832685,-1.578638751000029,-0.1070457120641739,-0.36116244248469476,-0.8863368702461424,-0.5763549532999586,-0.8863368702461425,6.203671045356006,-0.8863368702461427,512.2676923371249,-309.4279401398593,-0.43157812006514495,-0.2907467649042446,-0.6467706308804088,-0.5059392757195085,6.133255367775556,6.274086722936456,477.36873579998274,549.7126705438159,Validate
2021-02-01,270.453,5.60378885269165,6.780472588057681,-1.1766837353660309,-0.12697634581135223,-1.0497073895546787,-0.3559716605303162,-1.5561604824505433,-1.694189049929541,-1.0843300634960198,-1.3892595567127803,-0.16690092573776294,-0.3174301549165096,-0.7322772346381691,-0.4444065007278618,-0.7322772346381691,6.33606608732982,-0.7322772346381692,584.9254531713127,-314.4724502416252,-0.3878458324969598,-0.2470144773360594,-0.514822178308312,-0.3739908231474116,6.2656504097493695,6.40648176491027,545.0862284752837,627.6711123123417,Validate
2021-03-01,338.06625,5.82619571685791,6.780919177459398,-0.954723460601488,-0.08846265176025504,-0.866260808841233,-0.37498891147683283,-1.6385131756682145,-1.8888058778940489,-1.2789468914605278,-1.5838763846772883,-0.05463679099092622,-0.36237194019648294,-0.50388886864475,-0.450834591956738,-0.50388886864475,6.33008458550266,-0.5038888686447498,581.4311998620822,-243.3649461999728,-0.43278761777693314,-0.29195626261603275,-0.5212502695371882,-0.3804189143762878,6.25966890792221,6.40050026308311,541.829562289087,623.9219389273568,Validate
2021-04-01,912.77893,6.817588806152344,6.781365766861115,0.03622303929122861,0.029369663806115387,0.006853375485113222,-0.3702303067231747,-1.6179064161252985,-1.8677687114793915,-1.2579097250458704,-1.562839218262631,-0.05506719786266756,-0.3575139439697691,0.3643673194548823,-0.3281442801636537,0.3643673194548823,6.453221486697461,0.36436731945488265,657.7525480358189,255.0263826282436,-0.4279296215502193,-0.2870982663893189,-0.3985599577441039,-0.2577286025832035,6.382805809117011,6.523637164277911,612.9615415379199,705.8112417215331,Validate
2021-05-01,811.359,6.699942588806152,6.781812356262832,-0.08186976745667973,0.034471432367960464,-0.1163411998246402,-0.3235279929139339,-1.4156657593392923,-1.6094789401688052,-0.9996199537352841,-1.3045494469520447,-0.11111631238724762,-0.2978685188353572,0.181527319010717,-0.26339708646739673,0.181527319010717,6.518415269795435,0.1815273190107174,702.1299679749012,109.2290408141613,-0.3682841964158074,-0.227452841254907,-0.33381276404784693,-0.19298140888694654,6.447999592214985,6.588830947375886,654.321577619015,753.4261760167636,Validate
2021-06-01,1014.1988,6.922839641571045,6.782258945664549,0.1405806959064959,0.04580073395236813,0.09477996195412777,-0.2835747527690404,-1.2426514294575568,-1.4359760163194297,-0.8261170298859086,-1.1310465231026692,-0.11160490635488762,-0.25780245039389527,0.352582412348023,-0.21200171644152713,0.352582412348023,6.570257229223022,0.35258241234802323,739.5430070095427,274.6557844943635,-0.32821812797434546,-0.18738677281344507,-0.28241739402197735,-0.14158603886107693,6.499841551642572,6.640672906803472,689.1907666457842,793.5686493255922,Validate
2021-07-01,1217.0386,7.104997158050537,6.782705535066266,0.32229162298427116,-5.354024247530085e-05,0.32234516322674645,-0.2023881319885675,-0.8910792230794125,-1.0580695935042894,-0.4482106070707684,-0.7531401002875289,-0.13793912279188358,-0.1705346149877085,0.49287977821445494,-0.1705881552301838,0.49287977821445494,6.612117379836082,0.49287977821445494,771.2002140095758,445.8383602091742,-0.2409502925681587,-0.1001189374072583,-0.241003832810634,-0.1001724776497336,6.541701702255632,6.682533057416532,718.6954838092743,827.5353791027228,Test
2021-08-01,676.1325,6.517867088317871,6.783152124467983,-0.2652850361501118,0.14389487497505937,-0.40917991112517116,-0.04719785450287401,-0.21904006515445631,-0.261076268873233,0.348782717560288,0.043853224343527494,-0.2628932894979838,0.013510635568287375,-0.4226905466934585,0.15740551054334675,-0.4226905466934585,6.94055763501133,-0.42269054669345874,1071.431861248034,-395.29935392381526,-0.0569050420121628,0.08392631314873755,0.08698983296289657,0.22782118812379692,6.87014195743088,7.01097331259178,998.5132780730014,1149.670153414332,Test
2021-09-01,1115.6187,7.018060207366943,6.783598713869701,0.23446149349724266,0.10124182479397889,0.13321966870326377,0.06764953574018437,0.27829742711170025,0.24015844636644718,0.8500174327999681,0.5450879395832077,-0.2667905124715074,0.12925798990949772,0.003961678793766049,0.2304998147034766,0.003961678793766049,7.014098528573177,0.00396167879376641,1153.2718713087709,-37.65321896502087,0.05884231232904755,0.1996736674899479,0.16008413712302644,0.3009154922839268,6.943682850992727,7.084514206153628,1074.7886851073845,1237.4807270599426,Test
2021-10-01,1250.8452,7.132373809814453,6.784045303271418,0.3483285065430355,0.1428531830712614,0.20547532347177408,0.17142413138688858,0.7276850627439846,0.6220010209559157,1.2318600073894368,0.9269305141726762,-0.19924545142869166,0.2174347790260158,-0.011959455554241716,0.3602879620972772,-0.011959455554241716,7.144333265368695,-0.011959455554241494,1313.826170980169,-62.98095613641908,0.1470191014455656,0.28785045660646597,0.289872284516827,0.4307036396777274,7.0739175877882445,7.214748942949145,1224.4263079457448,1409.7481198052699,Test
2021-11-01,878.9723,6.779890537261963,6.784491892673135,-0.0046013554111716815,-0.048606265674937935,0.04400491026376625,0.16457139371043197,0.6980098270772975,0.5117502491111885,1.1216092355447096,0.816679742327949,-0.11866991525065151,0.1919751794270506,-0.14797026916328437,0.1433689137521127,-0.14797026916328437,6.927860806425247,-0.14797026916328448,1057.9014561214267,-178.9291660823642,0.12155950184660046,0.2623908570075008,0.07295323617166252,0.2137845913325629,6.857445128844797,6.9982764840056975,985.902854911932,1135.152649873666,Test
2021-12-01,1352.265,7.210275650024414,6.7849384820748515,0.42533716794956256,-0.028315467159396427,0.453652635108959,0.20238133030206215,0.8617427513294471,0.5891159652546816,1.1989749516882027,0.8940454584714421,-0.03230270714199501,0.20984081540168648,0.2438118197072725,0.18152534824229005,0.2438118197072725,6.966463830317141,0.24381181970727273,1099.5774894692972,252.68752517914027,0.1394251378212363,0.2802564929821367,0.11110967066183988,0.25194102582274025,6.896048152736691,7.036879507897591,1024.7451816030964,1179.869120373048,Test
2022-01-01,1318.4584,7.184976577758789,6.785385071476568,0.3995915062822206,-0.21519251081526383,0.6147840170974844,0.22377948558265714,0.9544057614670777,0.7352861474974901,1.3451451339310112,1.0402156407142507,-0.08580987924717298,0.24359508533505977,0.3711889317624246,0.028402574519795942,0.3711889317624247,6.813787645996364,0.3711889317624246,943.7441283057896,374.71424571764794,0.17317940775460958,0.31401076291550994,-0.042013103060654255,0.09881825210024611,6.743371968415914,6.8842033235768145,879.5075033151634,1012.6670779156275,Test
2022-02-01,1081.812,6.987316608428955,6.785831660878285,0.2014849475506697,-0.12697634581135223,0.3284612933620219,0.202409559833996,0.8618649970730388,0.5164156188575344,1.1262746052910553,0.8213451120742948,0.04051988499874393,0.19305252740145187,0.13540876596057003,0.06607618159009965,0.13540876596057005,6.8519078424683855,0.1354087659605696,980.4531932717423,101.3588184470077,0.12263684982100172,0.26346820498190204,-0.004339495990350509,0.13649185917054982,6.7814921648879345,6.9223235200488356,913.7205840571082,1052.0542193671254,Test
2022-03-01,1183.2319,7.076849937438965,6.786278250280002,0.29057168715896253,-0.08846265176025504,0.37903433891921756,0.24364573035303502,1.0404349549379546,0.7392976816966352,1.3491566681301563,1.0442271749133958,-0.0037922199754412134,0.24452144669089343,0.13451289222832413,0.1560587949306384,0.13451289222832413,6.942337045210641,0.13451289222832408,1073.3418562683464,109.89007732540358,0.17410576911044326,0.3149371242713436,0.08564311735018822,0.2264744725110886,6.871921367630191,7.012752722791091,1000.2934055131112,1151.7194903861803,Test
2022-04-01,845.16565,6.740715026855469,6.786724839681719,-0.046009812826250496,0.029369663806115387,-0.07537947663236588,0.15902955445178601,0.6740113327832253,0.3179580610708153,0.9278170475043364,0.6228875542875758,0.05112377849564953,0.14722382367360579,-0.22260330030597167,0.17659348747972117,-0.22260330030597167,6.96331832716144,-0.22260330030597153,1096.1210584602827,-250.9554090462202,0.07680814609315562,0.21763950125405598,0.106177809899271,0.24700916506017137,6.89290264958099,7.03373400474189,1021.5237660399364,1176.1605285798312,Test
2022-05-01,1284.6517,7.159020900726318,6.787171429083436,0.3718494716428822,0.034471432367960464,0.3373780392749217,0.13829950443300362,0.5842414993627714,0.13036133248250542,0.7402203189160264,0.4352908256992659,0.14895067366350545,0.10390315102869559,0.23347488824622614,0.13837458339665604,0.23347488824622614,6.925546012480092,0.2334748882462261,1055.4531521950562,229.1985812033813,0.03348747344824541,0.17431882860914574,0.06795890581620587,0.2087902609771062,6.855130334899642,6.995961690060542,983.6210201664426,1132.5257321585552,Test
2022-06-01,1318.4584,7.184976577758789,6.787618018485153,0.39735855927363595,0.04580073395236813,0.35155782532126784,0.16722652107732752,0.7095076450381971,0.43819368365571604,1.048052670089237,0.7431231768724765,-0.033615531834279455,0.17498916950587867,0.17656865581538916,0.2207899034582468,0.17656865581538914,7.0084079219434,0.17656865581538916,1146.7220181395874,171.73635588385014,0.1045734919254285,0.24540484708632884,0.15037422587779664,0.291205581038697,6.93799224436295,7.07882359952385,1068.6841805243064,1230.4530353031387,Test
2022-07-01,946.5855,6.853917121887207,6.78806460788687,0.06585251400033698,-5.354024247530085e-05,0.06590605424281228,0.12070999174437687,0.5080715131555826,0.13325341710391675,0.7431124035374377,0.43818291032067724,0.06988860283490539,0.10457100409888685,-0.038664949856074576,0.10451746385641156,-0.038664949856074576,6.8925820717432815,-0.03866494985607449,1021.1960201188599,-74.61050986495366,0.03415532651843667,0.174986681679337,0.03410178627596137,0.1749331414368617,6.822166394162831,6.962997749323732,951.6931563868159,1095.769402133281,Test
2022-08-01,1115.6187,7.018060207366943,6.788511197288587,0.22954901007835637,0.14389487497505937,0.085654135103297,0.06873093513634078,0.2829803412178401,-0.15296369955630568,0.4568952868772153,0.15196579366045482,0.13101454755738529,0.0384764719100125,0.0471776631932845,0.18237134688507187,0.04717766319328451,6.970882544173659,0.04717766319328476,1104.4513867205983,11.167265623151707,-0.031939205670437676,0.10889214949046268,0.1119556693046217,0.25278702446552204,6.9004668665932085,7.041298221754109,1029.2876846698834,1185.0985883705337,Test
2022-09-01,405.6795,6.008025169372559,6.788957786690304,-0.7809326173177453,0.10124182479397889,-0.8821744421117242,0.04079432593634504,0.16200307623566698,-0.20428719737200618,0.4055717890615148,0.1006422958447543,0.06136078039091268,0.026624621056338952,-0.9087990631680632,0.12786644585031784,-0.9087990631680631,6.9168242325406215,-0.9087990631680629,1046.2790656229306,-640.5995612283994,-0.04379105652411123,0.09704029863678913,0.05745076826986766,0.198282123430768,6.846408554960171,6.987239910121072,975.0707134529142,1122.6823584349331,Test
2022-10-01,980.39215,6.888972282409668,6.789404376092021,0.09956790631764711,0.1428531830712614,-0.043285276753614293,0.027513545212301444,0.10449171122637999,-0.254665495043877,0.355193491389644,0.05026399817288353,0.054227713053496454,0.014991040032437484,-0.058276316786051774,0.1578442231036989,-0.058276316786051774,6.94724859919572,-0.05827631678605183,1078.631523904207,-98.23937302530067,-0.0554246375480127,0.08540671761288766,0.08742854552324872,0.2282599006841491,6.87683292161527,7.01766427677617,1005.223409208155,1157.395060918916,Test
2022-11-01,1250.8452,7.132373809814453,6.789850965493738,0.34252284432071534,-0.048606265674937935,0.39112910999565326,0.07783580804447122,0.32240826944457973,0.030212634376707515,0.6400716208102285,0.335142127593468,-0.012733858148888277,0.08077636732034917,0.3103527426753041,0.03217010164541123,0.3103527426753041,6.822021067139149,0.3103527426753043,951.5547143858411,299.29050045790893,0.010360689739898989,0.15119204490079932,-0.038245575935038946,0.10258577922586139,6.751605389558699,6.892436744719599,886.7870189456095,1021.047478207474,Test
2022-12-01,777.5524,6.657436370849609,6.790297554895455,-0.13286118404584535,-0.028315467159396427,-0.10454571688644893,0.08768286132260456,0.36505015075501784,0.10100202739223535,0.7108610138257563,0.40593152060899584,-0.040881369853978,0.09712336944898156,-0.2016690863354305,0.06880790228958514,-0.2016690863354305,6.85910545718504,-0.20166908633543024,987.5427987368781,-209.99036953765938,0.026707691868531377,0.1675390470294317,-0.0016077752908650496,0.13922357987003528,6.7886897796045895,6.92952113476549,920.3281411940778,1059.6610405582837,Test
2023-01-01,709.93915,6.566586971282959,6.790744144297172,-0.22415717301421267,-0.21519251081526383,-0.008964662198948842,0.07822571856090225,0.3240967459353351,-0.012790728011640884,0.59706825842188,0.2921387652051196,0.031957980730215496,0.0708458392206594,-0.07981050141960824,-0.14434667159460443,-0.07981050141960824,6.646397472702567,-0.07981050141960822,798.1302540662593,-88.19110611704059,0.00043016164020922643,0.14126151680110957,-0.2147623491750546,-0.07393099401415426,6.575981795122117,6.716813150283017,743.7944514810931,856.4300757666364,Test
2023-02-01,777.5524,6.657436370849609,6.791190733698889,-0.13375436284927922,-0.12697634581135223,-0.006778017037926992,0.11349808674229478,0.476840931941622,0.20628440953633626,0.8161433959698572,0.5112139027530967,-0.03437297081147472,0.12143564635520661,-0.12821366339313361,-0.005540699456145617,-0.12821366339313361,6.785650034242743,-0.1282136633931339,917.531790500372,-139.9793613011533,0.051019968774756425,0.19185132393565676,-0.0759563770365958,0.06487497812430454,6.715234356662293,6.856065711823193,855.0774386811639,984.5424428187109,Test
2023-03-01,1014.1988,6.922839641571045,6.7916373231006055,0.1312023184704394,-0.08846265176025504,0.21966497023069442,0.1104895307624121,0.46381261947226105,0.185024499268505,0.7948834857020259,0.4899539924852655,-0.026141373013004454,0.11652621312519518,0.10313875710549925,0.028063561364940134,0.10313875710549926,6.819700884465545,0.10313875710549958,949.3471753790518,64.85161612485444,0.046110535544745,0.18694189070564535,-0.04235211621551004,0.0984792389453903,6.749285206885095,6.890116562045995,884.729578628066,1018.6788901979252,Test
2023-04-01,1555.1049,7.349941253662109,6.7920839125023225,0.5578573411597869,0.029369663806115387,0.5284876773536715,0.21625289498669198,0.9218124593085413,0.684459145398254,1.294318131831775,0.9893886386150145,-0.0675761793064732,0.2318578874850095,0.29662978986866206,0.26122755129112485,0.29662978986866206,7.053311463793447,0.2966297898686623,1199.4334092341696,355.67144916426787,0.16144220990455932,0.30227356506545966,0.1908118737106747,0.33164322887157505,6.982895786212997,7.123727141373897,1117.8115304367018,1287.0099380483634,Test
2023-05-01,1453.6849,7.2825446128845215,6.792530501904039,0.4900141109804821,0.034471432367960464,0.4555426786125216,0.23146277683741642,0.9876776433697092,0.7966136492591624,1.4064726356926835,1.101543142475923,-0.1138654991062138,0.2577571053656858,0.19778557324683582,0.29222853773364627,0.19778557324683582,7.084759039637686,0.19778557324683543,1237.7839857337115,215.90095078972604,0.1873414277852356,0.328172782946136,0.22181286015319607,0.36264421531409646,7.014343362057235,7.155174717218136,1153.5545103109077,1328.1583460161214,Test
2023-06-01,1183.2319,7.076849937438965,6.792977091305756,0.2838728461332085,0.04580073395236813,0.23807211218084037,0.2214900538984069,0.9444915595844753,0.5841449345781173,1.1940039210116382,0.8890744277948778,0.05541713178959751,0.2086928828430125,0.029379229337827883,0.25449361679538063,0.029379229337827883,7.047470708101137,0.02937922933782744,1192.4424072078775,-9.210473614127523,0.13827720526256232,0.27910856042346266,0.18407793921493046,0.32490929437583077,6.977055030520686,7.1178863856815875,1111.2958723284248,1279.5089138203516,Test
2023-07-01,1453.6849,7.2825446128845215,6.793423680707474,0.48912093217704733,-5.354024247530085e-05,0.4891744724195226,0.2750503191897848,1.1764300300081336,0.9309202645383299,1.540779250971851,1.2358497577550904,-0.05941972774695681,0.2887717875423838,0.2004026848771388,0.2887182472999085,0.2004026848771388,7.082141928007383,0.20040268487713853,1234.5461884437332,219.13874807970433,0.2183561099619336,0.359187465122834,0.2183025697194583,0.3591339248803587,7.011726250426933,7.152557605587833,1150.536862756801,1324.684338166291,Test
2023-08-01,1081.812,6.987316608428955,6.793870270109191,0.193446338319764,0.14389487497505937,0.049551463344704616,0.3239732239083477,1.3882867791742457,1.161184472676536,1.771043459110057,1.4661139658932965,-0.07782718671905076,0.34194542472496897,-0.29239396138026436,0.48584029970002834,-0.29239396138026436,7.279710569809219,-0.29239396138026397,1504.434817813924,-422.6228060951739,0.2715297471445188,0.41236110230541917,0.41542462211957815,0.5562559772804785,7.209294892228769,7.350126247389669,1402.0747724404066,1614.262447306743,Test
2023-09-01,1453.6849,7.2825446128845215,6.794316859510908,0.48822775337361346,0.10124182479397889,0.38698592857963454,0.3235266345066307,1.3863528592771326,1.0709616967973705,1.6808206832308916,1.375891190014131,0.010461669263001516,0.32111077921495135,0.0658751493646832,0.42235260400893027,0.0658751493646832,7.216669463519838,0.06587514936468342,1412.4600939569254,41.22484256651205,0.2506951016345012,0.39152645679540155,0.35193692642848007,0.49276828158938046,7.146253785939388,7.287085141100288,1316.353748043402,1515.5777910269383,Test
2023-10-01,1183.2319,7.076849937438965,6.794763448912625,0.2820864885263399,0.1428531830712614,0.13923330545507848,0.34054122579186435,1.460033194057253,1.1425702538120703,1.7524292402455914,1.4474997470288309,0.012533447028422184,0.3376469463451148,-0.1984136408900363,0.4805001294163762,-0.19841364089003632,7.275263578329001,-0.19841364089003655,1497.7550255029764,-314.5230919092264,0.2672312687646646,0.40806262392556497,0.410084451835926,0.5509158069968264,7.204847900748551,7.3456792559094515,1395.849163755308,1607.095336816134,Test
2023-11-01,1115.6187,7.018060207366943,6.795210038314342,0.22285016905260147,-0.048606265674937935,0.2714564347275394,0.2925904100234685,1.252385998801879,0.9018476736559013,1.5117066600894224,1.206777166872662,0.045608831929217164,0.2820582152853697,-0.010601780557830287,0.23345194961043175,-0.010601780557830287,7.028661987924774,-0.010601780557830232,1170.2050664516546,-54.5864141079046,0.21164253770491948,0.35247389286581987,0.16303627202998155,0.30386762719088195,6.9582463103443235,7.099077665505224,1090.5705300870898,1255.6492680711922,Test
2023-12-01,1487.4916,7.305518627166748,6.795656627716059,0.5098619994506892,-0.028315467159396427,0.5381774666100857,0.2796295870325792,1.1962601853171095,0.7889407476986452,1.3987997341321663,1.0938702409154057,0.10238994440170379,0.2559852447408172,0.2821922218692685,0.22766977758142076,0.28219222186926846,7.02332640529748,0.28219222186926807,1163.9726466271673,323.51893052127025,0.18556956716036702,0.3264009223212674,0.1572541000009706,0.29808545516187096,6.952910727717029,7.09374208287793,1084.7618753891102,1248.9621677203695,Test
2024-01-01,1284.6517,7.159020900726318,6.796103217117776,0.3629176836085426,-0.21519251081526383,0.5781101944238064,0.2834075392918281,1.2126203072018094,0.8863070062259164,1.4961659926594375,1.191236499442677,0.0213838077591324,0.27846949510094027,0.29964069932286613,0.06327698428567644,0.2996406993228662,6.859380201403452,0.2996406993228664,987.8144324686742,296.8373009297633,0.20805381752049007,0.34888517268139047,-0.0071386932947737625,0.13369266186612663,6.788964523823002,6.929795878983902,920.5813055502606,1059.9524910822122,Test
2024-02-01,777.5524,6.657436370849609,6.796549806519493,-0.13911343566988332,-0.12697634581135223,-0.012137089858531097,0.26283084597905865,1.1235145728037994,0.7491732558480209,1.359032242281542,1.0541027490647814,0.069411823739018,0.2468019582872954,-0.25893904814582647,0.11982561247594317,-0.25893904814582647,6.916375418995436,-0.2589390481458267,1045.8091380555068,-268.256708856288,0.17638628070684523,0.3172176358677456,0.049409934895493,0.19024129005639337,6.845959741414986,6.986791096575886,974.6327379876703,1122.1781477287427,Test
2024-03-01,1250.8452,7.132373809814453,6.79699639592121,0.3353774138932435,-0.08846265176025504,0.4238400656534985,0.28652855516065356,1.226135618278879,0.8829803726601264,1.4928393590936475,1.187909865876887,0.038225752401992,0.27770129405181954,0.14613877160167899,0.1892386422915645,0.14613877160167899,6.986235038212774,0.1461387716016791,1121.553768738101,129.2914461056489,0.2072856164713693,0.3481169716322697,0.11882296471111427,0.25965431987201465,6.915819360632324,7.056650715793224,1045.2272128868815,1203.4486591311402,Test
2024-04-01,878.9723,6.779890537261963,6.797442985322927,-0.017552448060963677,0.029369663806115387,-0.046922111867079064,0.27397138348328093,1.1717577847141534,0.8521973925605448,1.462056378994066,1.1571268857773054,0.014630898936847991,0.27059275109393416,-0.3175148629610132,0.29996241490004955,-0.3175148629610132,7.097405400222976,-0.31751486296101294,1253.54957324093,-374.57728320186743,0.200177073513484,0.34100842867438436,0.22954673731959938,0.37037809248049974,7.026989722642526,7.167821077803426,1168.2481375887744,1345.074097637382,Test
2024-05-01,1250.8452,7.132373809814453,6.7978895747246435,0.3344842350898096,0.034471432367960464,0.30001280272184916,0.2932196803444527,1.2551110038954514,0.0,0.0,0.0,1.2551110038954514,0.0033838535582510583,0.2966289491635981,0.03785528592621152,0.2966289491635981,6.835744860650855,0.2966289491635985,964.7174936349787,286.1277212087713,0.0033838535582510583,0.0033838535582510583,0.03785528592621152,0.03785528592621152,6.835744860650855,6.835744860650855,964.7174936349787,964.7174936349787,Forecast
2024-06-01,,,6.79833616412636,,0.04580073395236813,,0.2968468879472716,1.2708183380307494,0.0,0.0,0.0,1.2708183380307494,0.0033838535582510583,,0.04918458751061919,,6.84752075163698,,976.1568999712983,,0.0033838535582510583,0.0033838535582510583,0.04918458751061919,0.04918458751061919,6.84752075163698,6.84752075163698,976.1568999712983,976.1568999712983,Forecast
2024-07-01,,,6.798782753528077,,-5.354024247530085e-05,,0.2485807722147088,1.061805761349132,0.0,0.0,0.0,1.061805761349132,0.0033838535582510583,,0.003330313315775757,,6.802113066843853,,932.7787707126564,,0.0033838535582510583,0.0033838535582510583,0.003330313315775757,0.003330313315775757,6.802113066843853,6.802113066843853,932.7787707126564,932.7787707126564,Forecast
2024-08-01,,,6.799229342929794,,0.14389487497505937,,0.1661984166624344,0.7050555206110892,0.0,0.0,0.0,0.7050555206110892,0.0033838535582510583,,0.14727872853331042,,6.9465080714631045,,1077.8323227715737,,0.0033838535582510583,0.0033838535582510583,0.14727872853331042,0.14727872853331042,6.9465080714631045,6.9465080714631045,1077.8323227715737,1077.8323227715737,Forecast
2024-09-01,,,6.799675932331511,,0.10124182479397889,,0.22564358550275623,0.9624780979619129,0.0,0.0,0.0,0.9624780979619129,0.0033838535582510583,,0.10462567835222995,,6.904301610683741,,1033.2461592979475,,0.0033838535582510583,0.0033838535582510583,0.10462567835222995,0.10462567835222995,6.904301610683741,6.904301610683741,1033.2461592979475,1033.2461592979475,Forecast
2024-10-01,,,6.800122521733228,,0.1428531830712614,,0.1265453454273851,0.5333410483278789,0.0,0.0,0.0,0.5333410483278789,0.0033838535582510583,,0.14623703662951246,,6.94635955836274,,1077.6721139353958,,0.0033838535582510583,0.0033838535582510583,0.14623703662951246,0.14623703662951246,6.94635955836274,6.94635955836274,1077.6721139353958,1077.6721139353958,Forecast
2024-11-01,,,6.800569111134945,,-0.048606265674937935,,0.30001280272184916,1.2845280802493972,0.0,0.0,0.0,1.2845280802493972,0.0033838535582510583,,-0.04522241211668688,,6.755346699018258,,890.1147260270535,,0.0033838535582510583,0.0033838535582510583,-0.04522241211668688,-0.04522241211668688,6.755346699018258,6.755346699018258,890.1147260270535,890.1147260270535,Forecast
2024-12-01,,,6.801015700536662,,-0.028315467159396427,,,,0.0,0.0,0.0,,0.0033838535582510583,,-0.024931613601145368,,6.776084086935517,,908.7870563095266,,0.0033838535582510583,0.0033838535582510583,-0.024931613601145368,-0.024931613601145368,6.776084086935517,6.776084086935517,908.7870563095266,908.7870563095266,Forecast
2025-01-01,,,6.801462289938379,,-0.21519251081526383,,,,0.0,0.0,0.0,,0.0033838535582510583,,-0.21180865725701278,,6.589653632681366,,754.0470867178773,,0.0033838535582510583,0.0033838535582510583,-0.21180865725701278,-0.21180865725701278,6.589653632681366,6.589653632681366,754.0470867178773,754.0470867178773,Forecast
2025-02-01,,,6.801908879340096,,-0.12697634581135223,,,,0.0,0.0,0.0,,0.0033838535582510583,,-0.12359249225310116,,6.678316387086995,,824.0490740179241,,0.0033838535582510583,0.0033838535582510583,-0.12359249225310116,-0.12359249225310116,6.678316387086995,6.678316387086995,824.0490740179241,824.0490740179241,Forecast
2025-03-01,,,6.802355468741813,,-0.08846265176025504,,,,0.0,0.0,0.0,,0.0033838535582510583,,-0.08507879820200398,,6.717276670539809,,856.8276040996363,,0.0033838535582510583,0.0033838535582510583,-0.08507879820200398,-0.08507879820200398,6.717276670539809,6.717276670539809,856.8276040996363,856.8276040996363,Forecast
2025-04-01,,,6.802802058143531,,0.029369663806115387,,,,0.0,0.0,0.0,,0.0033838535582510583,,0.03275351736436644,,6.835555575507897,,964.5347149603285,,0.0033838535582510583,0.0033838535582510583,0.03275351736436644,0.03275351736436644,6.835555575507897,6.835555575507897,964.5347149603285,964.5347149603285,Forecast
2025-05-01,,,6.803248647545248,,0.034471432367960464,,,,0.0,0.0,0.0,,0.0033838535582510583,,0.03785528592621152,,6.841103933471459,,969.906736352869,,0.0033838535582510583,0.0033838535582510583,0.03785528592621152,0.03785528592621152,6.841103933471459,6.841103933471459,969.906736352869,969.906736352869,Forecast
2025-06-01,,,6.8036952369469645,,0.04580073395236813,,,,0.0,0.0,0.0,,0.0033838535582510583,,0.04918458751061919,,6.852879824457584,,981.4076118625433,,0.0033838535582510583,0.0033838535582510583,0.04918458751061919,0.04918458751061919,6.852879824457584,6.852879824457584,981.4076118625433,981.4076118625433,Forecast
2025-07-01,,,6.8041418263486815,,-5.354024247530085e-05,,,,0.0,0.0,0.0,,0.0033838535582510583,,0.003330313315775757,,6.8074721396644575,,937.7963920335691,,0.0033838535582510583,0.0033838535582510583,0.003330313315775757,0.003330313315775757,6.8074721396644575,6.8074721396644575,937.7963920335691,937.7963920335691,Forecast
2025-08-01,,,6.804588415750398,,0.14389487497505937,,,,0.0,0.0,0.0,,0.0033838535582510583,,0.14727872853331042,,6.9518671442837086,,1083.6293833111886,,0.0033838535582510583,0.0033838535582510583,0.14727872853331042,0.14727872853331042,6.9518671442837086,6.9518671442837086,1083.6293833111886,1083.6293833111886,Forecast
2025-09-01,,,6.805035005152115,,0.10124182479397889,,,,0.0,0.0,0.0,,0.0033838535582510583,,0.10462567835222995,,6.909660683504345,,1038.8036379457055,,0.0033838535582510583,0.0033838535582510583,0.10462567835222995,0.10462567835222995,6.909660683504345,6.909660683504345,1038.8036379457055,1038.8036379457055,Forecast
2025-10-01,,,6.805481594553832,,0.1428531830712614,,,,0.0,0.0,0.0,,0.0033838535582510583,,0.14623703662951246,,6.951718631183344,,1083.4683135995042,,0.0033838535582510583,0.0033838535582510583,0.14623703662951246,0.14623703662951246,6.951718631183344,6.951718631183344,1083.4683135995042,1083.4683135995042,Forecast
2025-11-01,,,6.805928183955549,,-0.048606265674937935,,,,0.0,0.0,0.0,,0.0033838535582510583,,-0.04522241211668688,,6.760705771838862,,894.9030938813369,,0.0033838535582510583,0.0033838535582510583,-0.04522241211668688,-0.04522241211668688,6.760705771838862,6.760705771838862,894.9030938813369,894.9030938813369,Forecast
2025-12-01,,,6.806374773357266,,-0.028315467159396427,,,,0.0,0.0,0.0,,0.0033838535582510583,,-0.024931613601145368,,6.781443159756121,,913.6757591526479,,0.0033838535582510583,0.0033838535582510583,-0.024931613601145368,-0.024931613601145368,6.781443159756121,6.781443159756121,913.6757591526479,913.6757591526479,Forecast
2026-01-01,,,6.806821362758983,,-0.21519251081526383,,,,0.0,0.0,0.0,,0.0033838535582510583,,-0.21180865725701278,,6.59501270550197,,758.104300781244,,0.0033838535582510583,0.0033838535582510583,-0.21180865725701278,-0.21180865725701278,6.59501270550197,6.59501270550197,758.104300781244,758.104300781244,Forecast
2026-02-01,,,6.8072679521607,,-0.12697634581135223,,,,0.0,0.0,0.0,,0.0033838535582510583,,-0.12359249225310116,,6.683675459907599,,828.4824408435933,,0.0033838535582510583,0.0033838535582510583,-0.12359249225310116,-0.12359249225310116,6.683675459907599,6.683675459907599,828.4824408435933,828.4824408435933,Forecast
2026-03-01,,,6.807714541562417,,-0.08846265176025504,,,,0.0,0.0,0.0,,0.0033838535582510583,,-0.08507879820200398,,6.722635743360413,,861.4371049910657,,0.0033838535582510583,0.0033838535582510583,-0.08507879820200398,-0.08507879820200398,6.722635743360413,6.722635743360413,861.4371049910657,861.4371049910657,Forecast
2026-04-01,,,6.808161130964134,,0.029369663806115387,,,,0.0,0.0,0.0,,0.0033838535582510583,,0.03275351736436644,,6.8409146483285,,969.7229755246249,,0.0033838535582510583,0.0033838535582510583,0.03275351736436644,0.03275351736436644,6.8409146483285,6.8409146483285,969.7229755246249,969.7229755246249,Forecast
2026-05-01,,,6.808607720365851,,0.034471432367960464,,,,0.0,0.0,0.0,,0.0033838535582510583,,0.03785528592621152,,6.846463006292062,,975.1238632503065,,0.0033838535582510583,0.0033838535582510583,0.03785528592621152,0.03785528592621152,6.846463006292062,6.846463006292062,975.1238632503065,975.1238632503065,Forecast
2026-06-01,,,6.809054309767568,,0.04580073395236813,,,,0.0,0.0,0.0,,0.0033838535582510583,,0.04918458751061919,,6.858238897278187,,986.6865382353773,,0.0033838535582510583,0.0033838535582510583,0.04918458751061919,0.04918458751061919,6.858238897278187,6.858238897278187,986.6865382353773,986.6865382353773,Forecast
2026-07-01,,,6.809500899169285,,-5.354024247530085e-05,,,,0.0,0.0,0.0,,0.0033838535582510583,,0.003330313315775757,,6.812831212485061,,942.8409753336026,,0.0033838535582510583,0.0033838535582510583,0.003330313315775757,0.003330313315775757,6.812831212485061,6.812831212485061,942.8409753336026,942.8409753336026,Forecast
2026-08-01,,,6.809947488571002,,0.14389487497505937,,,,0.0,0.0,0.0,,0.0033838535582510583,,0.14727872853331042,,6.957226217104312,,1089.4575941140922,,0.0033838535582510583,0.0033838535582510583,0.14727872853331042,0.14727872853331042,6.957226217104312,6.957226217104312,1089.4575941140922,1089.4575941140922,Forecast
2026-09-01,,,6.810394077972719,,0.10124182479397889,,,,0.0,0.0,0.0,,0.0033838535582510583,,0.10462567835222995,,6.9150197563249485,,1044.3909794734384,,0.0033838535582510583,0.0033838535582510583,0.10462567835222995,0.10462567835222995,6.9150197563249485,6.9150197563249485,1044.3909794734384,1044.3909794734384,Forecast
2026-10-01,,,6.8108406673744355,,0.1428531830712614,,,,0.0,0.0,0.0,,0.0033838535582510583,,0.14623703662951246,,6.9570777040039475,,1089.2956589010228,,0.0033838535582510583,0.0033838535582510583,0.14623703662951246,0.14623703662951246,6.9570777040039475,6.9570777040039475,1089.2956589010228,1089.2956589010228,Forecast
2026-11-01,,,6.811287256776152,,-0.048606265674937935,,,,0.0,0.0,0.0,,0.0033838535582510583,,-0.04522241211668688,,6.766064844659465,,899.7171918307893,,0.0033838535582510583,0.0033838535582510583,-0.04522241211668688,-0.04522241211668688,6.766064844659465,6.766064844659465,899.7171918307893,899.7171918307893,Forecast
2026-12-01,,,6.811733846177869,,-0.028315467159396427,,,,0.0,0.0,0.0,,0.0033838535582510583,,-0.024931613601145368,,6.786802232576724,,918.5907312368203,,0.0033838535582510583,0.0033838535582510583,-0.024931613601145368,-0.024931613601145368,6.786802232576724,6.786802232576724,918.5907312368203,918.5907312368203,Forecast
2027-01-01,,,6.812180435579587,,-0.21519251081526383,,,,0.0,0.0,0.0,,0.0033838535582510583,,-0.21180865725701278,,6.600371778322574,,762.1833161153467,,0.0033838535582510583,0.0033838535582510583,-0.21180865725701278,-0.21180865725701278,6.600371778322574,6.600371778322574,762.1833161153467,762.1833161153467,Forecast
2027-02-01,,,6.812627024981304,,-0.12697634581135223,,,,0.0,0.0,0.0,,0.0033838535582510583,,-0.12359249225310116,,6.689034532728203,,832.9396301811953,,0.0033838535582510583,0.0033838535582510583,-0.12359249225310116,-0.12359249225310116,6.689034532728203,6.689034532728203,832.9396301811953,832.9396301811953,Forecast
2027-03-01,,,6.813073614383021,,-0.08846265176025504,,,,0.0,0.0,0.0,,0.0033838535582510583,,-0.08507879820200398,,6.727994816181017,,866.0713748434921,,0.0033838535582510583,0.0033838535582510583,-0.08507879820200398,-0.08507879820200398,6.727994816181017,6.727994816181017,866.0713748434921,866.0713748434921,Forecast
