,DataOriginal,DataLog,Linear,DataLinear,MonthlyAverage,DataSeasons,DataNormalised,ModelledNormalised,ResidualsNormalised,ModelledSeasons,ResidualsSeasons,ModelledLinear,ResidualsLinear,ModelledLog,ResidualsLog,ModelledOriginal,ResidualsOriginal,Purpose
2010-04-01,5077.238,8.532719612121582,8.732125382329903,-0.19940577020832073,-0.20847886979736815,0.009073099589047423,0.014850127672214612,0.014850130592204722,-2.9199901108167836e-09,0.009073101373096804,-1.7840493804488489e-09,-0.19940576842427135,-1.7840493804488489e-09,8.532719613905632,-1.784050240871693e-09,5177.602740388455,-100.36494741970455,Train
2010-05-01,5315.7656,8.578620910644531,8.726990698679588,-0.14836978803505652,-0.24475916226704827,0.09638937423199176,0.15776246028621327,0.15776251306099526,-5.277478198895125e-08,0.09638940647621641,-3.224422465142318e-08,-0.14836975579083186,-3.224422465142318e-08,8.578620942888756,-3.2244225067756815e-08,5420.847408380751,-105.0817833807514,Train
2010-06-01,4986.3696,8.514663696289062,8.721856015029273,-0.20719231874021027,-0.07587228039743395,-0.13132003834277634,-0.21493419268365924,-0.21493440932028982,2.166366305789147e-07,-0.1313201707029666,1.3236019025253398e-07,-0.20719245110040052,1.3236019025253398e-07,8.514663563928872,1.3236019036355628e-07,5084.936739048284,-98.56711014203393,Train
2010-07-01,5758.746,8.658648490905762,8.716721331378958,-0.05807284047319605,0.056049375889018774,-0.11412221636221483,-0.1867861656958754,-0.18678606319948218,-1.0249639320614179e-07,-0.11412215373918534,-6.262302948423226e-08,-0.05807277785016657,-6.262302948423226e-08,8.658648553528792,-6.262303031689953e-08,5872.579351452219,-113.83325770221927,Train
2010-08-01,5452.0674,8.603933334350586,8.711586647728643,-0.10765331337805684,-0.00917170259556502,-0.09848161078249182,-0.1611868666415569,-0.16118669378977266,-1.7285178424697456e-07,-0.09848150517387436,-1.0560861746222727e-07,-0.10765320776943937,-1.0560861746222727e-07,8.603933439959203,-1.0560861696262691e-07,5559.839603582316,-107.77222076981616,Train
2010-09-01,5281.69,8.572190284729004,8.706451964078328,-0.13426167934932387,-0.004713174035582054,-0.12954850531374182,-0.2120346883413433,-0.21203467721636263,-1.1124980686672004e-08,-0.12954849851662464,-6.797117174661693e-09,-0.1342616725522067,-6.797117174661693e-09,8.572190291526121,-6.797117535484176e-09,5386.093263616641,-104.4033222103908,Train
2010-10-01,6065.425,8.710524559020996,8.701317280428013,0.009207278592983315,0.18900115563856995,-0.17979387704558664,-0.29427231593847597,-0.29427230851061853,-7.42785744023422e-09,-0.17979387250733003,-4.538256603847657e-09,0.009207283131239918,-4.538256603847657e-09,8.710524563559252,-4.538255993224993e-09,6185.3189214978165,-119.89411681031652,Train
2010-11-01,5929.123,8.687800407409668,8.696182596777696,-0.008382189368028037,0.1510800448330971,-0.15946223420112512,-0.26099510024577116,-0.26099502509964395,-7.514612720971314e-08,-0.1594621882885033,-4.59126218155248e-08,-0.008382143455406221,-4.59126218155248e-08,8.68780045332229,-4.591262126041329e-08,6046.325559726842,-117.20251285184168,Train
2010-12-01,6042.708,8.706772804260254,8.691047913127381,0.015724891132872898,0.3479819008633396,-0.3322570097304667,-0.5438118435778913,-0.5438118301940504,-1.338384081339683e-08,-0.33225700155323595,-8.177230725880946e-09,0.015724899310103624,-8.177230725880946e-09,8.706772812437485,-8.17723133650361e-09,6162.1528763355045,-119.44486852300452,Train
2011-01-01,6235.802,8.7382230758667,8.685913229477066,0.05230984638963321,0.006674925453263405,0.045634920936369804,0.07469160848124903,0.07469199550957493,-3.870283259016505e-07,0.04563515740211759,-2.3646574778823926e-07,0.052310082855380996,-2.3646574778823926e-07,8.738223312332448,-2.364657483155952e-07,6359.0674145873945,-123.26565677489452,Train
2011-02-01,5508.8594,8.614294052124023,8.680778545826751,-0.06648449370272758,-0.07922293928065406,0.012738445577926485,0.02084927442063121,0.020848979301614178,2.9511901703319077e-07,0.012738265266733797,1.8031119268860363e-07,-0.06648467401392026,1.8031119268513418e-07,8.61429387181283,1.8031119353167924e-07,5617.751782921439,-108.89240792143937,Train
2011-03-01,5849.614,8.674302101135254,8.675643862176436,-0.0013417610411821101,-0.08047960750356334,0.07913784646238123,0.1295265319350323,0.13695141825032625,-0.007424886315293949,0.08367428779561394,-0.0045364413332327075,0.0031946802920505973,-0.0045364413332327075,8.678838542468487,-0.004536441333232943,5992.372091352948,-142.7583218216978,Train
2011-04-01,5849.614,8.674302101135254,8.670509178526121,0.003792922609132887,-0.20847886979736815,0.21227179240650104,0.3474295842902053,0.49034188863853134,-0.14291230434832602,0.2995880497797445,-0.08731625737324347,0.09110917998237636,-0.08731625737324347,8.761618358508498,-0.087316257373244,6509.615660470994,-660.001890939744,Train
2011-05-01,6167.651,8.727235794067383,8.665374494875806,0.06186129919157679,-0.24475916226704827,0.3066204614586251,0.5018519806693754,0.13229077930744504,0.3695612013619304,0.08082674047408658,0.2257937209845385,-0.1639324217929617,0.22579372098453848,8.501442073082844,0.2257937209845391,5018.135651105726,1149.5152278005244,Train
2011-06-01,6542.4805,8.786224365234375,8.660239811225491,0.12598455400888398,-0.07587228039743395,0.2018568344063179,0.3303832095110533,0.4317755774590584,-0.1013923679480051,0.2638053288750121,-0.061948494468694215,0.1879330484775782,-0.061948494468694215,8.84817285970307,-0.06194849446869455,7098.245596901393,-555.7651281513927,Train
2011-07-01,6565.1978,8.789690017700195,8.655105127575176,0.13458489012501929,0.056049375889018774,0.07853551423600051,0.12854068246043374,0.0102618443151552,0.11827883814527854,0.006269759930273935,0.07226575430572657,0.06231913581929271,0.07226575430572657,8.717424263394468,0.07226575430572701,6228.15025690158,337.0474970046698,Train
2011-08-01,5258.973,8.56788158416748,8.649970443924861,-0.08208885975738056,-0.00917170259556502,-0.07291715716181554,-0.11934500252317687,-0.1898744146190098,0.07052941209583294,-0.11600906815594007,0.04309191099412453,-0.1251807707515051,0.043091910994124544,8.524789673173355,0.043091910994125016,5136.699123557994,122.27402097325557,Train
2011-09-01,4815.9927,8.479905128479004,8.644835760274546,-0.16493063179554213,-0.004713174035582054,-0.16021745775996007,-0.2622311900913297,-0.19574129186194864,-0.06648989822938109,-0.1195936004021845,-0.04062385735777557,-0.12430677443776655,-0.04062385735777557,8.52052898583678,-0.04062385735777596,5114.85556130233,-298.86288552108,Train
2011-10-01,5792.8213,8.664546966552734,8.639701076624231,0.02484588992850334,0.18900115563856995,-0.1641552657100666,-0.26867628090443335,-0.11926511470406137,-0.14941116620037198,-0.07286834747109869,-0.09128691823896792,0.11613280816747126,-0.09128691823896792,8.755833884791702,-0.09128691823896773,6472.063888628686,-679.2425995661861,Train
2011-11-01,6065.425,8.710524559020996,8.634566392973914,0.07595816604708183,0.1510800448330971,-0.07512187878601526,-0.1229535154993356,-0.26183955408371296,0.13888603858437737,-0.1599781768205502,0.08485629803453495,-0.008898131987453123,0.08485629803453495,8.625668260986462,0.0848562980345342,5682.026502236599,383.3983024509007,Train
2011-12-01,6940.0273,8.845205307006836,8.6294317093236,0.21577359768323667,0.3479819008633396,-0.1322083031801029,-0.21638803391085812,0.42584781633065033,-0.6422358502415084,0.2601835979212263,-0.3923919011013292,0.6081654987845659,-0.39239190110132927,9.237597208108165,-0.3923919011013286,10478.415168983523,-3538.3878252335235,Train
2012-01-01,5645.161,8.638731002807617,8.624297025673284,0.01443397713433292,0.006674925453263405,0.007759051681069515,0.012699398584612125,-0.12004717192924852,0.13274657051386066,-0.07334616714006581,0.08110521882113532,-0.0666712416868024,0.08110521882113532,8.557625783986483,0.08110521882113453,5308.201507589341,336.9596252231586,Train
2012-02-01,5486.1426,8.610162734985352,8.61916234202297,-0.008999607037617707,-0.07922293928065406,0.07022333224303635,0.11493596418100387,0.39926354706206035,-0.2843275828810565,0.24394119732373712,-0.17371786508070075,0.16471825804308304,-0.17371786508070075,8.783880600066052,-0.1737178650807003,6656.181952867306,-1170.0393747423059,Train
2012-03-01,6508.4053,8.78100299835205,8.614027658372654,0.1669753399793965,-0.08047960750356334,0.24745494748295985,0.4050145738154436,0.6305108260268746,-0.225496252211431,0.3852281706114956,-0.13777322312853577,0.3047485631079323,-0.1377732231285358,8.918776221480586,-0.13777322312853535,7617.594365569921,-1109.1890921324211,Train
2012-04-01,5474.784,8.6080904006958,8.60889297472234,-0.000802574026538494,-0.20847886979736815,0.20767629577082966,0.3399080409535343,0.29335554161616995,0.04655249933736433,0.17923374820962198,0.028442547561207676,-0.02924512158774617,0.028442547561207676,8.579647853134594,0.02844254756120712,5426.418018804707,48.36616088279334,Train
2012-05-01,5111.313,8.539406776428223,8.603758291072024,-0.06435151464380162,-0.24475916226704827,0.18040764762324665,0.2952768867965654,0.12780875631563737,0.167468130480928,0.07808832354847596,0.10231932407477069,-0.1666708387185723,0.10231932407477068,8.437087452353452,0.10231932407477018,4705.30508476049,406.00790352076,Train
2012-06-01,5168.1055,8.550455093383789,8.59862360742171,-0.04816851403792022,-0.07587228039743395,0.02770376635951373,0.045343321034038854,-0.05487032987555919,0.10021365090959805,-0.03352455806668417,0.0612283244261979,-0.10939683846411812,0.0612283244261979,8.489226768957591,0.061228324426197744,4957.198324392317,210.90714435768314,Train
2012-07-01,5838.2554,8.672358512878418,8.593488923771394,0.07886958910702369,0.056049375889018774,0.02282021321800491,0.037350309722557734,0.08818009893759607,-0.050829789215038335,0.05387609029987207,-0.03105587708186716,0.10992546618889085,-0.03105587708186716,8.703414389960285,-0.031055877081866967,6141.48912341354,-303.23375231979026,Train
2012-08-01,4770.5586,8.470428466796875,8.58835424012108,-0.11792577332420429,-0.00917170259556502,-0.10875407072863927,-0.1780000119411134,-0.2847044754708885,0.10670446352977511,-0.17394813811790286,0.06519406738926359,-0.18311984071346787,0.06519406738926359,8.405234399407611,0.06519406738926392,4557.757298601775,212.8012951482251,Train
2012-09-01,4702.408,8.456042289733887,8.583219556470764,-0.12717726673687757,-0.004713174035582054,-0.12246409270129552,-0.20043948531894154,-0.19109614816824844,-0.009343337150693104,-0.11675552033522085,-0.005708572366074666,-0.1214686943708029,-0.005708572366074666,8.461750862099962,-0.0057085723660748044,4822.82184050656,-120.41363738155997,Train
2012-10-01,5781.463,8.662585258483887,8.57808487282045,0.08450038566343743,0.18900115563856995,-0.10450076997513252,-0.17103854760381593,0.029848058302351516,-0.20088660590616744,0.018236503516642303,-0.12273727349177482,0.20723765915521225,-0.12273727349177482,8.78532253197566,-0.12273727349177399,6665.788079979427,-884.3251893544266,Train
2012-11-01,6474.33,8.775754928588867,8.572950189170133,0.20280473941873467,0.1510800448330971,0.05172469458563758,0.0846588655689682,-0.09716200213330234,0.18182086770227054,-0.05936383451275888,0.11108852909839646,0.0917162103203382,0.11108852909839646,8.664666399490471,0.11108852909839584,5908.0322151772,566.2978629478002,Train
2012-12-01,6894.5933,8.838638305664062,8.567815505519818,0.270822800144245,0.3479819008633396,-0.0771591007190946,-0.1262878783051163,0.2691028848814451,-0.3953907631865614,0.1644159113054411,-0.24157501202453568,0.5123978121687807,-0.24157501202453568,9.080213317688598,-0.24157501202453524,8952.360909668558,-2057.7676479498077,Train
2013-01-01,6076.783,8.712395668029785,8.562680821869503,0.14971484616028263,0.006674925453263405,0.14303992070701924,0.23411636385947635,0.0777317632925576,0.15638460056691875,0.04749238829139698,0.09554753241562225,0.054167313744660384,0.09554753241562225,8.616848135614163,0.09554753241562253,5632.121901933767,444.6613011912332,Train
2013-02-01,5713.312,8.650729179382324,8.557546138219188,0.09318304116313669,-0.07922293928065406,0.17240598044379074,0.28218039446345683,0.4795600684476464,-0.1973796739841896,0.2930005960889499,-0.12059461564515916,0.21377765680829586,-0.12059461564515916,8.771323795027483,-0.1205946156451585,6573.111657227096,-859.7996455083457,Train
2013-03-01,5327.124,8.580754280090332,8.552411454568873,0.028342825521459503,-0.08047960750356334,0.10882243302502284,0.1781119019098389,0.18614997225119811,-0.008038070341359227,0.11373351623728215,-0.004911083212259304,0.03325390873371881,-0.004911083212259304,8.585665363302592,-0.004911083212260081,5459.176023884778,-132.05200044727826,Train
2013-04-01,5156.747,8.54825496673584,8.547276770918558,0.0009781958172823124,-0.20847886979736815,0.20945706561465047,0.3428226633795342,0.5293807426157984,-0.18655807923626416,0.32343992619429934,-0.11398286057964888,0.11496105639693119,-0.11398286057964888,8.662237827315488,-0.11398286057964846,5893.69911548656,-736.95204517406,Train
2013-05-01,4577.465,8.429119110107422,8.542142087268243,-0.11302297716082066,-0.24475916226704827,0.13173618510622762,0.2156153086029742,-0.06187240266117644,0.2774877112641506,-0.03780266968403632,0.16953885479026393,-0.2825618319510846,0.16953885479026393,8.259580255317157,0.16953885479026454,3939.847966426072,637.6168773239278,Train
2013-06-01,4509.314,8.414121627807617,8.537007403617928,-0.12288577581031035,-0.07587228039743395,-0.0470134954128764,-0.07694794952334366,-0.05826751679947874,-0.018680432723864923,-0.03560016414655668,-0.011413331266319722,-0.11147244454399063,-0.011413331266319715,8.425534959073937,-0.01141333126632027,4651.248372996974,-141.93440815322356,Train
2013-07-01,4895.502,8.496275901794434,8.531872719967613,-0.035596818173178946,0.056049375889018774,-0.09164619406219772,-0.14999920028862812,-0.04287453984343448,-0.10712466044519364,-0.02619539565049744,-0.06545079841170028,0.029853980238521333,-0.06545079841170028,8.561726700206133,-0.06545079841169965,5330.01880303955,-434.5168499145502,Train
2013-08-01,3952.7488,8.282419204711914,8.526738036317298,-0.24431883160538348,-0.00917170259556502,-0.23514712900981846,-0.38487011558495915,-0.5166264419909559,0.13175632640599672,-0.31564733058083766,0.0805002015710192,-0.3248190331764027,0.08050020157101923,8.201919003140894,0.08050020157102011,3719.040918726394,233.707860570481,Train
2013-09-01,3850.5225,8.256223678588867,8.521603352666983,-0.26537967407811536,-0.004713174035582054,-0.2606665000425333,-0.426638192109535,-0.16854809180431113,-0.2580901003052239,-0.10297915655942388,-0.1576873434831094,-0.10769233059500594,-0.15768734348310942,8.413911022071977,-0.15768734348310964,4597.484013124846,-746.9615521873457,Train
2013-10-01,4554.748,8.424144744873047,8.516468669016668,-0.09232392414362067,0.18900115563856995,-0.2813250797821906,-0.46045051210554494,-0.3425801355604012,-0.11787037654514376,-0.20930888648079524,-0.07201619330139539,-0.020307730842225286,-0.07201619330139539,8.496160938174443,-0.07201619330139586,4991.698788372492,-436.95074149749234,Train
2013-11-01,4554.748,8.424144744873047,8.511333985366353,-0.08718924049330568,0.1510800448330971,-0.23826928532640276,-0.38998021268671,-0.4671683639071067,0.07718815122039668,-0.28542953866398696,0.047160253337584196,-0.13434949383088987,0.047160253337584196,8.376984491535463,0.04716025333758367,4430.774890395507,123.9731564794929,Train
2013-12-01,5156.747,8.54825496673584,8.506199301716036,0.04205566501980407,0.3479819008633396,-0.3059262358435355,-0.5007157274059542,0.012229867927090354,-0.5129455953330445,0.0074721788332503805,-0.31339841467678586,0.35545407969658993,-0.31339841467678586,8.861653381412626,-0.31339841467678653,7194.595092944484,-2037.8480226319843,Train
2014-01-01,4123.126,8.324609756469727,8.50106461806572,-0.17645486159599422,0.006674925453263405,-0.18312978704925761,-0.2997322680718497,-0.36997670409653494,0.07024443602468522,-0.2260475839663122,0.04291779691705458,-0.2193726585130488,0.04291779691705458,8.281691959552672,0.04291779691705422,4027.957365689076,95.16861087342386,Train
2014-02-01,3986.8242,8.291001319885254,8.495929934415406,-0.20492861453015188,-0.07922293928065406,-0.12570567524949783,-0.20574504977664204,0.0575533707607527,-0.2632984205373947,0.035163836710624376,-0.1608695119601222,-0.044059102570029686,-0.1608695119601222,8.451870831845376,-0.16086951196012222,4775.396999989869,-788.5727812398691,Train
2014-03-01,3805.0886,8.244357109069824,8.49079525076509,-0.24643814169526657,-0.08047960750356334,-0.16595853419170323,-0.27162772731111784,-0.1562172690878664,-0.11541045822325144,-0.09544529658254823,-0.070513237609155,-0.17592490408611156,-0.07051323760915501,8.31487034667898,-0.07051323760915551,4163.873951520518,-358.78532847364295,Train
2014-04-01,3282.5989,8.096694946289062,8.485660567114776,-0.3889656208257133,-0.20847886979736815,-0.18048675102834513,-0.2954063569576157,-0.18565815777063086,-0.10974819918698484,-0.11343302846640113,-0.067053722561944,-0.3219118982637693,-0.06705372256194397,8.163748668851007,-0.06705372256194408,3579.7215614901597,-297.12268453703473,Train
2014-05-01,3203.0896,8.072183609008789,8.48052588346446,-0.4083422744556717,-0.24475916226704827,-0.16358311218862345,-0.2677398255334602,-0.28358640325880635,0.015846577725346145,-0.17326502072309766,0.009681908534474204,-0.41802418299014593,0.009681908534474204,8.062501700474314,0.009681908534474815,3234.933229127549,-31.84362951817411,Train
2014-06-01,2975.92,7.9986443519592285,8.475391199814146,-0.4767468478549173,-0.07587228039743395,-0.40087456745748334,-0.656119603765139,-0.7725158634876391,0.11639625972250012,-0.47199010798114127,0.07111554052365793,-0.5478623883785753,0.07111554052365798,7.927528811435571,0.07111554052365765,2826.3630029385604,149.55691893643962,Train
2014-07-01,3214.448,8.075721740722656,8.47025651616383,-0.39453477544117455,0.056049375889018774,-0.4505841513301933,-0.7374802964145962,-0.5910024525052615,-0.14647784390933472,-0.3610894281390263,-0.08949472319116702,-0.3050400522500075,-0.08949472319116702,8.165216463913824,-0.08949472319116758,3584.981186000595,-370.5331879537198,Train
2014-08-01,2987.2786,8.002452850341797,8.465121832513516,-0.4626689821717189,-0.00917170259556502,-0.4534972795761539,-0.7422482729978436,-0.7768916868027638,0.0346434138049202,-0.47466363925296234,0.021166359676808466,-0.4838353418485274,0.021166359676808466,7.9812864906649885,0.021166359676808355,2982.5150590343324,4.763505418792647,Train
2014-09-01,3623.353,8.195430755615234,8.4599871488632,-0.2645563932479664,-0.004713174035582054,-0.25984321921238435,-0.4252907115360211,-0.3417066591550999,-0.0835840523809212,-0.20877521171456342,-0.05106800749782092,-0.21348838575014548,-0.05106800749782095,8.246498763113056,-0.05106800749782181,3888.6315186247125,-265.2784912809625,Train
2014-10-01,4327.5786,8.372994422912598,8.454852465212886,-0.08185804230028815,0.18900115563856995,-0.2708591979388581,-0.44332078923074975,-0.3860443788364129,-0.05727641039433684,-0.23586457788698423,-0.03499462005187387,-0.04686342224841428,-0.03499462005187387,8.407989042964472,-0.03499462005187404,4570.332361978619,-242.7537486973688,Train
2014-11-01,4123.126,8.324609756469727,8.44971778156257,-0.12510802509284424,0.1510800448330971,-0.27618806992594136,-0.45204266300502216,-0.7874491684191919,0.3354065054141697,-0.4811140270361338,0.20492595711019246,-0.3300339822030367,0.20492595711019246,8.119683799359533,0.20492595711019312,3425.363395216714,697.7625813457862,Train
2014-12-01,5622.4443,8.634699821472168,8.444583097912254,0.19011672355991394,0.3479819008633396,-0.15786517730342564,-0.25838116455622384,0.1457229456897694,-0.40410411024599324,0.08903349707399863,-0.24689867437742427,0.43701539793733823,-0.2468986743774243,8.881598495849593,-0.24689867437742485,7339.55285467887,-1717.10851874137,Train
2015-01-01,5247.6147,8.565719604492188,8.439448414261939,0.12627119023024846,0.006674925453263405,0.11959626477698505,0.19574565269867997,-0.0781384758954064,0.2738841285940864,-0.047740880697066466,0.1673371454740515,-0.04106595524380306,0.16733714547405154,8.398382459018135,0.1673371454740522,4526.627736086969,720.987010006781,Train
2015-02-01,3680.1455,8.210979461669922,8.434313730611624,-0.22333426894170216,-0.07922293928065406,-0.14411132966104812,-0.23586996080838332,-0.3308832611461739,0.09501330033779057,-0.20216235489646184,0.05805102523541372,-0.2813852941771159,0.05805102523541372,8.152928436434507,0.0580510252354145,3541.186178842216,138.95932897028388,Train
2015-03-01,4350.2954,8.378229141235352,8.429179046961309,-0.05094990572595748,-0.08047960750356334,0.02952970177760586,0.0483318668792337,0.15978939062900127,-0.11145752374976757,0.09762778384476481,-0.06809808206715895,0.01714817634120147,-0.06809808206715895,8.44632722330251,-0.06809808206715928,4748.99178249409,-398.69637233784033,Train
2015-04-01,4191.277,8.340999603271484,8.424044363310994,-0.08304476003950967,-0.20847886979736815,0.1254341097578585,0.20530057298206567,0.09661273979165949,0.10868783319040617,0.05902824736925148,0.066405862388607,-0.1494506224281167,0.06640586238860702,8.274593740882878,0.06640586238860635,3999.4602044886337,191.81665098011626,Train
2015-05-01,4043.6165,8.305142402648926,8.418909679660679,-0.11376727701175327,-0.24475916226704827,0.130991885255295,0.21439709781356525,0.0189705995810113,0.19542649823255395,0.011590616798837803,0.11940126845645721,-0.23316854546821048,0.11940126845645721,8.185741134192469,0.11940126845645693,3659.3427806157138,384.27367446241124,Train
2015-06-01,3464.3345,8.150564193725586,8.413774996010364,-0.2632108022847781,-0.07587228039743395,-0.18733852188734418,-0.3066207904638589,-0.38773833894812615,0.08111754848426722,-0.2368995500523889,0.049561028165044735,-0.3127718304498229,0.04956102816504476,8.101003165560542,0.04956102816504426,3361.9508922980353,102.38358035821466,Train
2015-07-01,3680.1455,8.210979461669922,8.408640312360049,-0.19766085069012718,0.056049375889018774,-0.25371022657914594,-0.4152527170532664,-0.6629902429969775,0.24773752594371112,-0.4050723760802014,0.15136214950105548,-0.34902300019118265,0.15136214950105548,8.059617312168866,0.15136214950105575,3225.612989221533,454.5325185909669,Train
2015-08-01,3793.7302,8.241368293762207,8.403505628709734,-0.16213733494752702,-0.00917170259556502,-0.152965632351962,-0.2503619791223044,0.012697184112588578,-0.263059163234893,0.007757698687637385,-0.1607233310395994,-0.0014140039079276346,-0.16072333103959938,8.402091624801807,-0.16072333103960013,4543.452641859645,-749.7224172502702,Train
2015-09-01,3384.8252,8.127352714538574,8.398370945059419,-0.27101823052084484,-0.004713174035582054,-0.26630505648526276,-0.4358669327664324,-0.6510612108556848,0.2151942780892524,-0.3977840012589259,0.13147894477366312,-0.40249717529450796,0.13147894477366312,7.995873769764911,0.1314789447736633,3026.3554041830926,358.46979112940744,Train
2015-10-01,4622.899,8.438993453979492,8.393236261409104,0.04575719257038813,0.18900115563856995,-0.14324396306818182,-0.23445032416533063,-0.005514047796034288,-0.22893627636929634,-0.0033689612572014656,-0.13987500181098037,0.1856321943813685,-0.13987500181098037,8.578868455790472,-0.13987500181097978,5422.189551657497,-799.2906258762468,Train
2015-11-01,5474.784,8.6080904006958,8.388101577758789,0.21998882293701172,0.1510800448330971,0.06890877810391463,0.1127844065345342,-0.187783989710681,0.3005683962452152,-0.11473186476783856,0.1836406428717532,0.03634818006525853,0.1836406428717532,8.424449757824048,0.18364064287175275,4646.202485644628,828.5816940428722,Train
2015-12-01,5315.7656,8.578620910644531,8.382966894108474,0.19565401653605718,0.3479819008633396,-0.1523278843272824,-0.24931816388626007,-0.11453315084514948,-0.1347850130411106,-0.06997722220326602,-0.08235066212401637,0.27800467866007356,-0.08235066212401637,8.660971572768547,-0.08235066212401598,5886.239649716659,-570.4740247166592,Train
2016-01-01,4918.2188,8.50090503692627,8.377832210458157,0.12307282646811224,0.006674925453263405,0.11639790101484883,0.19051082531210056,0.35635843762141056,-0.16584761230931,0.21772712432540442,-0.10132922331055559,0.22440204977866782,-0.10132922331055558,8.602234260236825,-0.1013292233105556,5550.398760804295,-632.1800108042953,Train
2016-02-01,4588.823,8.431596755981445,8.372697526807842,0.05889922917360302,-0.07922293928065406,0.13812216845425707,0.22606737816312222,-0.09275761302449884,0.3188249911876211,-0.056672850172748125,0.19479501862700518,-0.1358957894534022,0.1947950186270052,8.23680173735444,0.19479501862700488,3851.095947426711,737.7272947607889,Train
2016-03-01,3759.6548,8.232348442077637,8.367562843157527,-0.13521440107989058,-0.08047960750356334,-0.05473479357632724,-0.08958555615348532,-0.03189461650498657,-0.05769093964849875,-0.019486905317701052,-0.03524788825862619,-0.0999665128212644,-0.03524788825862618,8.267596330336263,-0.03524788825862579,3971.5650527976036,-211.91026764135358,Train
2016-04-01,3771.0132,8.235363960266113,8.362428159507212,-0.12706419924109902,-0.20847886979736815,0.08141467055626914,0.1332530564980631,0.2636288657262815,-0.13037580922821843,0.16107140666255637,-0.07965673610628723,-0.047407463134811784,-0.07965673610628723,8.3150206963724,-0.07965673610628698,4164.5001861181745,-393.4870025244245,Train
2016-05-01,3555.2021,8.176448822021484,8.357293475856897,-0.18084465383541293,-0.24475916226704827,0.06391450843163535,0.10461018321262273,-0.2711546521388591,0.3757648353514818,-0.16566949572376868,0.22958400415540403,-0.41042865799081696,0.22958400415540403,7.94686481786608,0.22958400415540403,2881.564884209215,673.637264228285,Train
2016-06-01,3282.5989,8.096694946289062,8.352158792206582,-0.2554638459175198,-0.07587228039743395,-0.17959156552008587,-0.29394118852675066,-0.23415926504970985,-0.05978192347704081,-0.14306613238546867,-0.0365254331346172,-0.2189384127829026,-0.0365254331346172,8.13322037942368,-0.0365254331346172,3472.0599806277046,-189.4611036745796,Train
2016-07-01,3543.8438,8.173249244689941,8.347024108556267,-0.1737748638663259,0.056049375889018774,-0.22982423975534466,-0.37615803387151525,-0.4265466441506508,0.05038861027913555,-0.2606105662642881,0.030786326508943418,-0.20456119037526932,0.030786326508943418,8.142462918180998,0.030786326508943418,3504.308672428302,39.53507757169791,Train
2016-08-01,3816.447,8.247337341308594,8.341889424905952,-0.09455208359735856,-0.00917170259556502,-0.08538038100179354,-0.13974381589611523,-0.12619901644641607,-0.013544799449699163,-0.07710480808865723,-0.008275572913136311,-0.08627651068422225,-0.008275572913136311,8.25561291422173,-0.008275572913136742,3924.2442514345057,-107.79722995013071,Train
2016-09-01,3259.8818,8.089753150939941,8.336754741255637,-0.2470015903156959,-0.004713174035582054,-0.24228841628011386,-0.39655840652313695,-0.4150993243677777,0.018540917844640736,-0.2536165070406753,0.011328090760561432,-0.25832968107625737,0.01132809076056146,8.07842506017938,0.011328090760560627,3286.8725849943658,-26.990749056865752,Train
2016-10-01,4179.9185,8.338286399841309,8.331620057605322,0.006666342235986278,0.18900115563856995,-0.18233481340258367,-0.2984311184445046,-0.23681664010255565,-0.06161447834194894,-0.14468972977345831,-0.03764508362912536,0.04431142586511164,-0.03764508362912536,8.375931483470435,-0.03764508362912622,4426.11065186491,-246.19219483366032,Train
2016-11-01,4918.2188,8.50090503692627,8.326485373955007,0.1744196629712622,0.1510800448330971,0.023339618138165125,0.0382004303789282,-0.05177479406780067,0.08997522444672887,-0.03163325414760702,0.05497287228577215,0.11944679068549006,0.05497287228577215,8.445932164640498,0.05497287228577186,4747.115627715923,171.10312228407656,Train
2016-12-01,5690.595,8.646745681762695,8.321350690304692,0.325394991458003,0.3479819008633396,-0.022586909405336586,-0.036968456600530816,0.015002936015295065,-0.05197139261582588,0.009166462107229701,-0.031753371512566284,0.3571483629705693,-0.0317533715125663,8.678499053275262,-0.03175337151256663,5990.337751634672,-299.7425367909218,Train
2017-01-01,4452.5215,8.401450157165527,8.316216006654376,0.0852341505111518,0.006674925453263405,0.07855922505788838,0.12857949044758216,0.18279497450881696,-0.0542154840612348,0.11168368681429283,-0.03312446175640445,0.11835861226755624,-0.03312446175640445,8.434574618921932,-0.0331244617564046,4693.493770152722,-240.9722857777224,Train
2017-02-01,4463.88,8.403997421264648,8.31108132300406,0.09291609826058789,-0.07922293928065406,0.17213903754124193,0.2817434835549921,0.0855227919305053,0.19622069162448683,0.0522525344863339,0.11988650305490803,-0.02697040479432016,0.11988650305490806,8.284110918209741,0.11988650305490722,4037.715043939936,426.1648388725639,Train
2017-03-01,4759.2,8.468045234680176,8.305946639353746,0.16209859532643023,-0.08047960750356334,0.24257820282999357,0.39703270609641605,0.4780564424718522,-0.08102373637543614,0.2920819138712485,-0.04950371104125492,0.21160230636768515,-0.04950371104125492,8.517548945721432,-0.04950371104125573,5099.632799990661,-340.4326046781607,Train
2017-04-01,4986.3696,8.514663696289062,8.30081195570343,0.21385174058563194,-0.20847886979736815,0.4223306103830001,0.6912371480681982,0.6000877435657749,0.09114940450242337,0.3666403400508312,0.055690270332168945,0.15816147025346303,0.05569027033216892,8.458973425956893,0.055690270332169334,4809.442572011766,176.92705689448394,Train
2017-05-01,4986.3696,8.514663696289062,8.295677272053116,0.21898642423594694,-0.24475916226704827,0.46374558650299524,0.7590218865566929,0.2539051080342065,0.5051167785224864,0.1551304057589052,0.30861518074409006,-0.08962875650814309,0.30861518074409,8.206048515544973,0.30861518074408956,3734.4346362420833,1251.9349926641667,Train
2017-06-01,4202.6353,8.343705177307129,8.2905425884028,0.053162588904328345,-0.07587228039743395,0.12903486930176228,0.21119400977498537,-0.08815895532356344,0.2993529650985488,-0.05386317201930068,0.18289804132106297,-0.12973545241673462,0.18289804132106297,8.160807135986065,0.1828980413210637,3569.204227462216,633.4310264440342,Train
2017-07-01,4770.5586,8.470428466796875,8.285407904752486,0.18502056204438944,0.056049375889018774,0.12897118615537068,0.2110897782667558,0.21734794888923997,-0.006258170622484183,0.13279479000285074,-0.003823603847480067,0.18884416589186953,-0.003823603847480095,8.474252070644354,-0.003823603847479262,4883.503952904322,-112.94535915432243,Train
2017-08-01,4441.163,8.398897171020508,8.28027322110217,0.11862394991833725,-0.00917170259556502,0.12779565251390226,0.20916575831222312,0.08793408711667386,0.12123167119554926,0.05372578251797425,0.07406986999592802,0.04455407992240923,0.07406986999592802,8.32482730102458,0.07406986999592746,4205.550552999206,235.61253293829395,Train
2017-09-01,5043.162,8.525986671447754,8.275138537451856,0.25084813399589834,-0.004713174035582054,0.2555613080314804,0.41828241992702503,0.37438655556645895,0.043895864360566084,0.2287419056881645,0.026819402343315923,0.22402873165258244,0.026819402343315896,8.499167269104438,0.0268194023433157,5006.731077860696,36.43103151430387,Train
2017-10-01,5849.614,8.674302101135254,8.27000385380154,0.40429824733371333,0.18900115563856995,0.21529709169514338,0.3523811535132778,0.3355472651351769,0.016833888378100903,0.2050119581867498,0.010285133508393579,0.3940131138253198,0.010285133508393551,8.66401696762686,0.01028513350839333,5904.195947205722,-54.582177674472405,Train
2017-11-01,5111.313,8.539406776428223,8.264869170151226,0.2745376062769971,0.1510800448330971,0.1234575614439,0.20206551592967573,-0.01725572840003342,0.21932124432970915,-0.010542868432572109,0.1340004298764721,0.140537176400525,0.1340004298764721,8.40540634655175,0.13400042987647254,4558.541231295656,552.771756985594,Train
2017-12-01,6213.085,8.734573364257812,8.25973448650091,0.4748388777569019,0.3479819008633396,0.12685697689356235,0.20762940872539945,0.7741828638449625,-0.566553455119563,0.4730086083328434,-0.34615163143928107,0.820990509196183,-0.34615163143928107,9.080724995697093,-0.3461516314392803,8956.943319807424,-2743.858358869924,Train
2018-01-01,5270.3315,8.570037841796875,8.254599802850596,0.3154380389462794,0.006674925453263405,0.308763113493016,0.5053589030783662,0.3250181194104629,0.1803407836679033,0.19857888300675194,0.11018423048626405,0.20525380846001534,0.11018423048626408,8.459853611310612,0.11018423048626325,4813.678517043468,456.65302592528224,Train
2018-02-01,5054.5205,8.528236389160156,8.249465119200279,0.27877126995987744,-0.07922293928065406,0.3579942092405315,0.5859364444266568,0.6764134962277654,-0.09047705180110854,0.41327368694164385,-0.055279477701112356,0.3340507476609898,-0.055279477701112356,8.58351586686127,-0.05527947770111297,5447.451999840498,-392.9314920279976,Train
2018-03-01,4986.3696,8.514663696289062,8.244330435549964,0.2703332607390987,-0.08047960750356334,0.350812868242662,0.5741825967333277,0.6457496097924109,-0.0715670130590832,0.3945387304782211,-0.043725862235559076,0.31405912297465777,-0.043725862235559076,8.558389558524622,-0.04372586223555963,5312.258089478469,-325.8884605722187,Train
2018-04-01,4895.502,8.496275901794434,8.239195751899649,0.2570801498947848,-0.20847886979736815,0.46555901969215296,0.761989969748079,0.7019331343021565,0.06005683544592244,0.42886562142437734,0.03669339826777562,0.2203867516270092,0.036693398267775595,8.459582503526658,0.036693398267775734,4812.373397142338,83.12855598266196,Train
2018-05-01,5349.841,8.58500862121582,8.234061068249334,0.3509475529664865,-0.24475916226704827,0.5957067152335348,0.9750053649904177,0.7553352055762185,0.2196701594141992,0.46149310595688675,0.13421360927664805,0.21673394368983848,0.13421360927664802,8.450795011939173,0.13421360927664772,4770.26122009981,579.5796002126899,Train
2018-06-01,5860.972,8.676240921020508,8.228926384599019,0.447314536421489,-0.07587228039743395,0.523186816818923,0.8563105639840412,0.48641575265168246,0.3698948113323587,0.2971892675204193,0.22599754929850369,0.22131698712298536,0.22599754929850363,8.450243371722005,0.22599754929850313,4767.6299263546425,1093.3422416141075,Train
2018-07-01,6599.273,8.794866561889648,8.223791700948704,0.5710748609409446,0.056049375889018774,0.5150254850519258,0.8429527453548362,0.7538280041937776,0.08912474116105862,0.46057223924479623,0.05445324580712957,0.516621615133815,0.054453245807129624,8.740413316082519,0.054453245807129846,6373.0112490278825,226.2617001908675,Train
2018-08-01,6179.01,8.72907543182373,8.218657017298389,0.5104184145253416,-0.00917170259556502,0.5195901171209066,0.8504237720239227,0.4719647731030545,0.3784589989208682,0.2883600386075048,0.23123007851340183,0.27918833601193976,0.23123007851340188,8.497845353310328,0.23123007851340205,5000.115652537177,1178.894113087823,Train
2018-09-01,5508.8594,8.614294052124023,8.213522333648074,0.4007717184759496,-0.004713174035582054,0.4054848925115317,0.6636654170774577,0.5975537267375498,0.06611169033990794,0.3650921118099504,0.04039278070158131,0.3603789377743683,0.04039278070158131,8.573901271422443,0.04039278070158048,5395.318361618406,113.54101338159398,Validate
2018-10-01,6156.2925,8.72539234161377,8.208387649997759,0.5170046916160107,0.18900115563856995,0.32800353597744075,0.5368500960887423,0.6333679211460507,-0.09651782505730833,0.38697379254309483,-0.05897025656565408,0.5759749481816647,-0.05897025656565402,8.784362598179424,-0.058970256565654466,6659.391475438738,-503.09899496998787,Validate
2018-11-01,7485.234,8.920821189880371,8.203252966347444,0.7175682235329273,0.1510800448330971,0.5664881786998301,0.927182788630233,0.7840190627247824,0.14316372590545057,0.4790183083155085,0.08746987038432164,0.6300983531486056,0.08746987038432164,8.83335131949605,0.08746987038432152,6993.799778824291,491.434107894459,Validate
2018-12-01,8484.779,9.046147346496582,8.198118282697129,0.8480290637994532,0.3479819008633396,0.5000471629361136,0.8184374191917825,1.081272416205043,-0.26283499701326063,0.6606335333718539,-0.1605863704357403,1.0086154342351934,-0.1605863704357402,9.206733716932323,-0.1605863704357411,10159.92398756944,-1675.1446906944402,Validate
2019-01-01,7723.7617,8.952186584472656,8.192983599046814,0.7592029854258424,0.006674925453263405,0.752528059972579,1.2316780674386987,1.1788418683709283,0.05283619906777037,0.7202463108435412,0.03228174912903781,0.7269212362968046,0.03228174912903781,8.919904835343619,0.03228174912903725,7626.197670779272,97.5640479707281,Validate
2019-02-01,7189.9136,8.880573272705078,8.187848915396497,0.6927243573085811,-0.07922293928065406,0.7719472965892351,1.2634619291966367,1.288461722051098,-0.02499979285446141,0.7872216171392521,-0.015274320550016984,0.707998677858598,-0.015274320550016984,8.895847593255095,-0.01527432055001654,7444.897860537079,-254.9842863183294,Validate
2019-03-01,7996.365,8.986867904663086,8.182714231746182,0.8041536729169039,-0.08047960750356334,0.8846332804204672,1.4478973837333589,1.508142201148774,-0.0602448174154151,0.921441531514279,-0.036808251093811806,0.8409619240107157,-0.036808251093811806,9.023676155756897,-0.03680825109381125,8460.20687868203,-463.8416443070291,Validate
2019-04-01,8030.441,8.991119384765625,8.177579548095867,0.8135398366697579,-0.20847886979736815,1.022018706467126,1.6727589205291522,1.6312436048028998,0.041515315726252444,0.9966537666922438,0.02536493977488219,0.7881748968948756,0.0253649397748823,8.965754444990743,0.025364939774881634,7984.042544712891,46.39837325585904,Validate
2019-05-01,8087.233,8.998165130615234,8.172444864445552,0.8257202661696823,-0.24475916226704827,1.0704794284367305,1.7520755753584505,1.0978320376958934,0.654243537662557,0.6707510958776993,0.3997283325590312,0.425991933610651,0.3997283325590313,8.598436798056204,0.3997283325590306,5529.357510921746,2557.8753992345037,Validate
2019-06-01,7621.5356,8.938864707946777,8.167310180795237,0.7715545271515403,-0.07587228039743395,0.8474268075489743,1.3870007885894642,1.166084422833863,0.22091636575560125,0.7124517937582627,0.13497501379071153,0.6365795133608287,0.13497501379071153,8.803889694156066,0.13497501379071153,6790.727713419491,830.807931111759,Validate
2019-07-01,6974.1025,8.850102424621582,8.162175497144922,0.68792692747666,0.056049375889018774,0.6318775515876411,1.0342069126641225,0.8723157005112165,0.16189121215290592,0.5329656012747004,0.09891195031294076,0.5890149771637192,0.09891195031294076,8.751190474308641,0.09891195031294053,6442.0764717342145,532.0260673282855,Validate
2019-08-01,6133.5757,8.721695899963379,8.157040813494607,0.5646550864687718,-0.00917170259556502,0.5738267890643368,0.9391940423126146,0.9188897500974544,0.02030429221516017,0.5614213155613743,0.012405473502962505,0.5522496129658093,0.012405473502962505,8.709290426460417,0.012405473502962394,6177.688865047874,-44.11318145412406,Validate
2019-09-01,6224.4434,8.73639965057373,8.151906129844292,0.5844935207294384,-0.004713174035582054,0.5892066947650204,0.9643666485427367,1.038135395577458,-0.07376874703472125,0.6342777677671462,-0.04507107300212576,0.6295645937315641,-0.04507107300212576,8.781470723575856,-0.04507107300212532,6640.158281876931,-415.71492250193114,Validate
2019-10-01,8053.1577,8.99394416809082,8.146771446193977,0.8471727218968432,0.18900115563856995,0.6581715662582732,1.0772428642748955,1.236726462852898,-0.15948359857800254,0.7556125179226358,-0.09744095166436262,0.9446136735612058,-0.09744095166436262,9.091385119755182,-0.09744095166436217,9052.946902816186,-999.7891879724357,Validate
2019-11-01,8723.308,9.073868751525879,8.141636762543662,0.9322319889822168,0.1510800448330971,0.7811519441491197,1.2785273641233106,1.2591215408050191,0.019405823318291437,0.7692954152720142,0.011856528877105532,0.9203754601051113,0.011856528877105532,9.062012222648773,0.011856528877105532,8790.874014081375,-67.56639689387521,Validate
2019-12-01,10120.399,9.222407341003418,8.136502078893347,1.0859052621100709,0.3479819008633396,0.7379233612467313,1.2077742583198308,1.4819412319415632,-0.2741669736217325,0.9054333187774025,-0.16750995753067122,1.253415219640742,-0.1675099575306711,9.389917298534089,-0.16750995753067066,12202.624078911327,-2082.224664848827,Validate
2020-01-01,7530.668,8.926872253417969,8.131367395243032,0.7955048581749367,0.006674925453263405,0.7888299327216732,1.2910940850602066,1.3522721947069833,-0.061178109646776724,0.8262084047285801,-0.037378472006906915,0.8328833301818436,-0.037378472006906915,8.964250725424876,-0.037378472006906804,7972.044303260175,-441.3763345101752,Validate
2020-02-01,8791.458,9.081649780273438,8.126232711592717,0.9554170686807204,-0.07922293928065406,1.0346400079613745,1.6934164628320445,1.8321151916263925,-0.13869872879434797,1.1193818638566595,-0.08474185589528505,1.0401589245760055,-0.08474185589528505,9.166391636168722,-0.0847418558952846,9758.169464073391,-966.7114562608913,Validate
2020-03-01,4441.163,8.398897171020508,8.1210980279424,0.2777991430781075,-0.08047960750356334,0.3582787505816708,0.5864021590595088,0.5353292289461419,0.05107293011336689,0.3270743197881185,0.031204430793552285,0.24659471228455518,0.031204430793552312,8.367692740226955,0.031204430793552618,4389.786661372405,51.37642456509457,Validate
2020-04-01,227.16946,5.430088520050049,8.115963344292085,-2.6858748242420365,-0.20847886979736815,-2.477395954444668,-4.054804629560319,-3.951773825391948,-0.1030308041683714,-2.414446411680241,-0.06294954276442732,-2.622925281477609,-0.06294954276442732,5.493038062814476,-0.06294954276442688,246.7967878743818,-19.62732376305368,Validate
2020-05-01,90.86779,4.520350456237793,8.11082866064177,-3.5904782044039774,-0.24475916226704827,-3.345719042136929,-5.476006787258171,-3.453495439225127,-2.0225113480330434,-2.1100093374306845,-1.2357097047062444,-2.354768499697733,-1.2357097047062444,5.756060160944037,-1.2357097047062444,321.3478057422787,-230.48001552011073,Validate
2020-06-01,942.7533,6.849864959716797,8.105693976991455,-1.2558290172746585,-0.07587228039743395,-1.1799567368772246,-1.931259325255154,0.40968213328675906,-2.340941458541913,0.2503067230943093,-1.4302634599715338,0.17443444269687536,-1.4302634599715338,8.280128419688332,-1.4302634599715347,4021.662852379662,-3078.9095564812246,Validate
2020-07-01,2748.7505,7.9192657470703125,8.10055929334114,-0.18129354627082783,0.056049375889018774,-0.2373429221598466,-0.3884640151448245,-0.06797785329000255,-0.3204861618548219,-0.04153296499287728,-0.1958099571669693,0.014516410896141495,-0.19580995716696933,8.115075704237281,-0.19580995716696847,3409.610709580151,-660.8602212989008,Validate
2020-08-01,3203.0896,8.072183609008789,8.095424609690825,-0.023241000682036272,-0.00917170259556502,-0.014069298086471253,-0.023027507941691023,0.41188203261899176,-0.43490954056068276,0.25165081293432945,-0.2657201110208007,0.24247911033876443,-0.26572011102080073,8.33790372002959,-0.2657201110208014,4260.918388145994,-1057.828788536619,Validate
2020-09-01,3930.0317,8.276657104492188,8.09028992604051,0.18636717845167716,-0.004713174035582054,0.19108035248725921,0.31274512113952074,-0.04166585190251165,0.3544109730420324,-0.02545691404938687,0.2165372665366461,-0.030170088084968925,0.2165372665366461,8.060119837955542,0.21653726653664584,3227.2348529322767,702.7968853489733,Validate
2020-10-01,4441.163,8.398897171020508,8.085155242390195,0.31374192863031247,0.18900115563856995,0.12474077299174252,0.20416577451593934,0.08812307644125844,0.1160426980746809,0.0538412508156934,0.07089952217604911,0.24284240645426336,0.07089952217604911,8.327997648844459,0.07089952217604889,4218.907943973751,222.25514196374934,Validate
2020-11-01,1578.8278,7.3650712966918945,8.08002055873988,-0.7149492620479858,0.1510800448330971,-0.8660293068810829,-1.4174478797288113,-1.609345666375296,0.19189778664648482,-0.9832746105978338,0.1172453037167509,-0.8321945657647367,0.1172453037167509,7.247825992975144,0.1172453037167509,1431.8158840401804,147.01187474888206,Validate
2020-12-01,3782.3716,8.238370895385742,8.074885875089565,0.16348502029617684,0.3479819008633396,-0.18449688056716274,-0.30196981799417777,-1.2623028827038647,0.9603330647096869,-0.7712391448150969,0.5867422642479342,-0.42325724395175734,0.5867422642479342,7.651628631137808,0.5867422642479339,2144.6537744173183,1637.7178076139317,Validate
2021-01-01,363.47116,5.898447513580322,8.06975119143925,-2.171303677858928,0.006674925453263405,-2.1779786033121913,-3.5647421268891217,-4.512702686266349,0.9479605593772269,-2.7571615404266985,0.5791829371145072,-2.7504866149734353,0.5791829371145072,5.319264576465815,0.5791829371145072,207.27004276581746,156.2011181228544,Validate
2021-02-01,249.88641,5.525000095367432,8.064616507788934,-2.539616412421502,-0.07922293928065406,-2.4603934731408477,-4.026976320653519,-2.4499724712889277,-1.5770038493645915,-1.4968789974796255,-0.9635144756612222,-1.5761019367602795,-0.9635144756612224,6.488514571028654,-0.9635144756612224,669.5414462472788,-419.6550326730601,Validate
2021-03-01,363.47116,5.898447513580322,8.059481824138619,-2.1610343105582963,-0.08047960750356334,-2.080554703054733,-3.405286436697557,-0.7294961630980072,-2.67579027359955,-0.44570602244722185,-1.634848680607511,-0.5261856299507852,-1.634848680607511,7.533296194187834,-1.6348486806075115,1905.2002428646565,-1541.7290819759846,Validate
2021-04-01,2317.1287,7.748515605926514,8.054347140488304,-0.3058315345617899,-0.20847886979736815,-0.09735266476442175,-0.15933909760311094,-0.036719951955237695,-0.12261914564787324,-0.022435078562878304,-0.07491758620154346,-0.23091394836024645,-0.07491758620154346,7.823433192128057,-0.07491758620154343,2546.847428186359,-229.71876607698414,Validate
2021-05-01,3918.6733,8.273763656616211,8.049212456837989,0.22455119977822235,-0.24475916226704827,0.46931036204527066,0.7681298685047543,1.774340803693923,-1.0062109351891686,1.0840829905420317,-0.6147726284967611,0.8393238282749834,-0.6147726284967611,8.888536285112972,-0.6147726284967607,7390.65713383794,-3471.98379399419,Validate
2021-06-01,4293.503,8.365091323852539,8.044077773187674,0.3210135506648655,-0.07587228039743395,0.3968858310622994,0.6495911573243225,-1.6145527528518686,2.264143910176191,-0.9864560252774612,1.3833418563397606,-1.0623283056748951,1.3833418563397606,6.9817494675127785,1.3833418563397606,1097.082121575942,3196.420808111558,Validate
2021-07-01,5088.596,8.534954071044922,8.038943089537359,0.4960109815075633,0.056049375889018774,0.4399616056185445,0.7200941585822348,-0.9898852620944989,1.7099794206767336,-0.6047980032870854,1.04475960890563,-0.5487486273980666,1.04475960890563,7.490194462139292,1.04475960890563,1824.7851740744188,3263.811017331831,Test
2021-08-01,3702.8623,8.217131614685059,8.033808405887044,0.183323208798015,-0.00917170259556502,0.19249491139358002,0.3150603586338926,-1.6836470052464505,1.9987073638803432,-1.028671085433461,1.2211659968270412,-1.0378427880290262,1.2211659968270412,6.995965617858017,1.2211659968270414,1112.8041104039344,2590.0581942835656,Test
2021-09-01,3850.5225,8.256223678588867,8.028673722236729,0.2275499563521386,-0.004713174035582054,0.23226313038772065,0.3801498160528849,-1.8043448889527616,2.1844947050056467,-1.1024148230784663,1.334677953466187,-1.1071279971140484,1.334677953466187,6.92154572512268,1.334677953466187,1032.924121430439,2817.5983395070607,Test
2021-10-01,7542.0264,8.92837905883789,8.023539038586414,0.904840020251477,0.18900115563856995,0.715838864612907,1.1716281109784328,-2.6323323315259874,3.8039604425044202,-1.608296839096664,2.324135703709571,-1.419295683458094,2.324135703709571,6.60424335512832,2.3241357037095707,751.8110742065185,6790.215292980982,Test
2021-11-01,8655.157,9.066025733947754,8.018404354936099,1.0476213790116553,0.1510800448330971,0.8965413341785582,1.4673875388782132,-1.8878526039499364,3.3552401428281495,-1.153436190123061,2.049977524301619,-1.0023561452899639,2.049977524301619,7.016048209646135,2.049977524301619,1135.3982992531426,7519.758927309357,Test
2021-12-01,9438.892,9.15269947052002,8.013269671285784,1.139429799234236,0.3479819008633396,0.7914478983708964,1.2953789629843249,-1.3170393101289548,2.6124182731132795,-0.8046818914458703,1.5961297898167666,-0.45669999058253075,1.5961297898167666,7.5565696807032525,1.596129789816767,1950.0844485283915,7488.8071530341085,Test
2022-01-01,7155.8384,8.875823974609375,8.008134987635469,0.8676889869739064,0.006674925453263405,0.861014061520643,1.4092393250690654,0.2648314513269143,1.144407873742151,0.16180615986870633,0.6992079016519366,0.16848108532196973,0.6992079016519367,8.176616072957438,0.6992079016519366,3626.093858536844,3529.744520369406,Test
2022-02-01,8473.421,9.044807434082031,8.003000303985154,1.0418071300968776,-0.07922293928065406,1.1210300693775317,1.8348128433136446,-0.31961420647156724,2.1544270497852116,-0.19527721171156973,1.3163072810891014,-0.2745001509922238,1.3163072810891014,7.72850015299293,1.3163072810891014,2316.0986420816967,6157.322256355803,Test
2022-03-01,9268.515,9.134486198425293,7.997865620334838,1.1366205780904552,-0.08047960750356334,1.2171001855940187,1.9920527674760014,-0.9049713227314724,2.8970240902074735,-0.5529174642543744,1.770017649848393,-0.6333970717579377,1.770017649848393,7.3644685485769,1.770017649848393,1609.0805572734382,7659.434091164062,Test
2022-04-01,8870.968,9.090651512145996,7.992730936684523,1.0979205754614734,-0.20847886979736815,1.3063994452588414,2.1382106922338946,-1.972336895202059,4.110547587435954,-1.2050542236619122,2.511453668920754,-1.4135330934592802,2.511453668920754,6.579197843225242,2.511453668920754,733.1906873825211,8137.777086054979,Test
2022-05-01,8212.177,9.013495445251465,7.987596253034208,1.0258991922172571,-0.24475916226704827,1.2706583544843053,2.079712517939987,-1.2288196956014827,3.30853221354147,-0.7507816579944928,2.021440012478798,-0.9955408202615411,2.021440012478798,6.992055432772666,2.0214400124787986,1108.4574338765196,7103.71932393598,Test
2022-06-01,8234.894,9.016257286071777,7.982461569383892,1.0337957166878855,-0.07587228039743395,1.1096679970853194,1.8162163072011164,-1.8388404439651236,3.65505675116624,-1.1234908443029996,2.233158841388319,-1.1993631247004335,2.233158841388319,6.783098444683459,2.2331588413883185,899.2471965159533,7335.646358171547,Test
2022-07-01,10086.324,9.219035148620605,7.977326885733577,1.2417082628870286,0.056049375889018774,1.1856588869980098,1.9405921509856259,-1.4478880814329886,3.3884802324186145,-0.8846275969206664,2.070286483918676,-0.8285782210316476,2.070286483918676,7.148748664701929,2.070286483918676,1296.662189053522,8789.662029696477,Test
2022-08-01,7246.706,8.888440132141113,7.972192202083262,0.9162479300578514,-0.00917170259556502,0.9254196326534164,1.5146532406484932,-1.9030763870125604,3.4177296276610534,-1.1627375848920558,2.088157217545472,-1.171909287487621,2.088157217545472,6.800282914595641,2.088157217545472,914.851156273124,6331.854898414376,Test
2022-09-01,7371.6494,8.905532836914062,7.967057518432947,0.9384753184811157,-0.004713174035582054,0.9431884925166977,1.543735897018533,-1.126404909601991,2.670140806620524,-0.6882084887076734,1.6313969812243712,-0.6929216627432554,1.6313969812243712,7.274135855689692,1.6313969812243707,1470.013354992619,5901.6360590698805,Test
2022-10-01,12857.792,9.461783409118652,7.961922834782632,1.4998605743360205,0.18900115563856995,1.3108594186974505,2.145510421982037,-1.3051566282101783,3.4506670501922154,-0.7974218355854916,2.108281254282942,-0.6084206799469216,2.108281254282942,7.35350215483571,2.108281254282942,1591.5202425758296,11266.271749611671,Test
2022-11-01,16185.824,9.6919527053833,7.956788151132317,1.735164554250984,0.1510800448330971,1.5840845094178868,2.592703516318709,-0.5460431458755277,3.1387466621942366,-0.3336202860878549,1.9177047955057418,-0.1825402412547578,1.9177047955057418,7.774247909877559,1.9177047955057418,2424.5627871012334,13761.261431648767,Test
2022-12-01,17264.879,9.756487846374512,7.951653467482002,1.8048343788925099,0.3479819008633396,1.4568524780291703,2.384460248229989,-1.4775542348620232,3.862014483092012,-0.9027529605826375,2.359605438611808,-0.554771059719298,2.359605438611808,7.396882407762704,2.3596054386118075,1662.1245172850006,15602.754388964999,Test
2023-01-01,12687.415,9.448444366455078,7.946518783831686,1.5019255826233922,0.006674925453263405,1.4952506571701287,2.4473073333994426,-1.13945724921805,3.5867645826174925,-0.6961831795534733,2.191433836723602,-0.6895082541002099,2.191433836723602,7.257010529731476,2.1914338367236024,1445.0362527389864,11242.378786323514,Test
2023-02-01,11733.303,9.370271682739258,7.941384100181371,1.4288875825578868,-0.07922293928065406,1.5081105218385409,2.468355336928893,-1.8928353790047452,4.361190715933638,-1.1564805554847601,2.6645910773233012,-1.2357034947654142,2.6645910773233012,6.705680605415957,2.6645910773233012,832.1815362864264,10901.121198088573,Test
2023-03-01,10688.323,9.277000427246094,7.936249416531056,1.3407510107150378,-0.08047960750356334,1.4212306182186012,2.326157221693473,-2.257975188646755,4.584132410340228,-1.3795729039099176,2.800803522128519,-1.460052511413481,2.800803522128519,6.476196905117575,2.8008035221285184,661.332601427125,10026.990640760376,Test
2023-04-01,9961.381,9.206571578979492,7.931114732880741,1.2754568460987512,-0.20847886979736815,1.4839357158961193,2.428787937588392,-2.9894733059919703,5.418261243580362,-1.826502076127873,3.3104377920239925,-2.0349809459252413,3.3104377920239925,5.8961337869555,3.3104377920239925,369.81553572831456,9591.565323646686,Test
2023-05-01,9779.6455,9.18816089630127,7.925980049230426,1.2621808470708435,-0.24475916226704827,1.5069400093378917,2.466439535178238,-1.7296199501342682,4.196059485312507,-1.0567595380431587,2.5636995473810504,-1.3015187003102069,2.5636995473810504,6.624461348920219,2.5636995473810504,767.1863082874231,9012.459199525078,Test
2023-06-01,10676.965,9.275938034057617,7.92084536558011,1.355092668477507,-0.07587228039743395,1.430964948874941,2.342089599777882,-2.055343958183121,4.397433557961003,-1.2557697033968545,2.686734652271795,-1.3316419837942883,2.686734652271795,6.589203381785822,2.686734652271795,740.5735337009223,9936.391310049077,Test
2023-07-01,10972.285,9.303218841552734,7.915710681929795,1.3875081596229393,0.056049375889018774,1.3314587837339205,2.1792258240622044,-1.2741533447870474,3.453379168849252,-0.778479515068487,2.1099382988024074,-0.7224301391794682,2.1099382988024074,7.193280542750327,2.1099382988024074,1355.7555267734208,9616.52962947658,Test
2023-08-01,7871.422,8.971120834350586,7.91057599827948,1.0605448360711058,-0.00917170259556502,1.069716538666671,1.7508269380681813,-1.6108746948982566,3.361701632966438,-0.9842088132100627,2.0539253518767335,-0.9933805158056277,2.0539253518767335,6.917195482473852,2.0539253518767335,1028.4360697565253,6842.985805243475,Test
2023-09-01,8178.101,9.009337425231934,7.905441314629165,1.1038961106027685,-0.004713174035582054,1.1086092846383506,1.814483490885,-1.267669748388816,3.082153239273816,-0.7745181810574394,1.88312746569579,-0.7792313550930214,1.88312746569579,7.126209959536144,1.8831274656957895,1267.7417029977846,6910.359371220966,Test
2023-10-01,11767.379,9.37317180633545,7.90030663097885,1.472865175356599,0.18900115563856995,1.283864019718029,2.1013265003274455,-2.235648525149195,4.33697502547664,-1.3659318062792531,2.6497958259972823,-1.1769306506406831,2.6497958259972823,6.723375980338167,2.6497958259972823,847.0562143158592,10920.322691934141,Test
2023-11-01,18786.914,9.84096908569336,7.895171947328535,1.9457971383648243,0.1510800448330971,1.7947170935317271,2.937450174869099,-1.5218531515183025,4.459303326387401,-0.9298186189649128,2.72453571249664,-0.7787385741318157,2.72453571249664,7.1164333731967195,2.72453571249664,1255.3981772861375,17531.515885213863,Test
2023-12-01,18389.37,9.819581985473633,7.89003726367822,1.9295447217954127,0.3479819008633396,1.5815628209320731,2.5885762171971285,-2.6730603523713183,5.261636569568447,-1.6331807591107592,3.2147435800428323,-1.2851988582474196,3.2147435800428323,6.604838405430801,3.214743580042832,752.2591679698788,17637.109972655122,Test
2024-01-01,13414.357,9.504155158996582,7.884902580027904,1.6192525789686778,0.006674925453263405,1.6125776535154144,2.639338828041934,-2.125898743196379,4.765237571238313,-1.2988771166823898,2.911454770197804,-1.2922021912291264,2.911454770197804,6.592700388798778,2.911454770197804,743.1713612119944,12671.186060663005,Test
2024-02-01,13743.753,9.528412818908691,7.879767896377589,1.6486449225311022,-0.07922293928065406,1.7278678618117562,2.828036670025684,-2.577863425972828,5.405900095998511,-1.5750175424132482,3.3028854042250044,-1.6542404816939023,3.3028854042250044,6.225527414683687,3.3028854042250044,514.4799242177093,13229.273005469791,Test
2024-03-01,13641.526,9.520947456359863,7.874633212727274,1.646314243632589,-0.08047960750356334,1.7267938511361525,2.8262788147858613,-2.068940240641668,4.895219055427529,-1.264076731289822,2.9908705824259743,-1.3445563387933854,2.9908705824259743,6.530076873933889,2.9908705824259743,697.9979557240256,12943.528411463474,Test
2024-04-01,12176.283,9.407327651977539,7.869498529076959,1.5378291229005798,-0.20847886979736815,1.746307992697948,2.858218009408628,-2.4840368401671222,5.342254849575751,-1.517691573512099,3.263999566210047,-1.7261704433094671,3.263999566210047,6.143328085767492,3.263999566210047,473.8025481423084,11702.480654982692,Test
2024-05-01,9643.344,9.174126625061035,7.864363845426644,1.309762779634391,-0.24475916226704827,1.554521941901439,2.5443178574125,0.0,2.5443178574125,6.579099405186113e-18,1.554521941901439,-0.24475916226704827,1.554521941901439,7.619604683159596,1.5545219419014389,2077.0300381722823,7566.313711827717,Forecast
2024-06-01,,,7.859229161776329,,-0.07587228039743395,,,0.0,,6.579099405186113e-18,,-0.07587228039743395,,7.783356881378896,,2446.75810419093,,Forecast
2024-07-01,,,7.854094478126013,,0.056049375889018774,,,0.0,,6.579099405186113e-18,,0.05604937588901878,,7.910143854015032,,2777.6342187355704,,Forecast
2024-08-01,,,7.848959794475698,,-0.00917170259556502,,,0.0,,6.579099405186113e-18,,-0.009171702595565013,,7.839788091880133,,2588.8598353496877,,Forecast
2024-09-01,,,7.843825110825383,,-0.004713174035582054,,,0.0,,6.579099405186113e-18,,-0.004713174035582047,,7.839111936789801,,2587.1092803288075,,Forecast
2024-10-01,,,7.838690427175068,,0.18900115563856995,,,0.0,,6.579099405186113e-18,,0.18900115563856995,,8.027691582813638,,3124.2280219641743,,Forecast
2024-11-01,,,7.833555743524753,,0.1510800448330971,,,0.0,,6.579099405186113e-18,,0.1510800448330971,,7.98463578835785,,2992.524492066676,,Forecast
2024-12-01,,,7.828421059874438,,0.3479819008633396,,,0.0,,6.579099405186113e-18,,0.3479819008633396,,8.176402960737779,,3625.3209628734176,,Forecast
2025-01-01,,,7.823286376224123,,0.006674925453263405,,,0.0,,6.579099405186113e-18,,0.006674925453263412,,7.829961301677387,,2563.534463448179,,Forecast
2025-02-01,,,7.8181516925738075,,-0.07922293928065406,,,0.0,,6.579099405186113e-18,,-0.07922293928065406,,7.738928753293154,,2340.3891756649596,,Forecast
2025-03-01,,,7.8130170089234925,,-0.08047960750356334,,,0.0,,6.579099405186113e-18,,-0.08047960750356334,,7.732537401419929,,2325.472253997627,,Forecast
2025-04-01,,,7.8078823252731775,,-0.20847886979736815,,,0.0,,6.579099405186113e-18,,-0.20847886979736815,,7.59940345547581,,2035.4724506399414,,Forecast
2025-05-01,,,7.8027476416228625,,-0.24475916226704827,,,0.0,,6.579099405186113e-18,,-0.24475916226704827,,7.5579884793558145,,1952.8546092004206,,Forecast
2025-06-01,,,7.7976129579725475,,-0.07587228039743395,,,0.0,,6.579099405186113e-18,,-0.07587228039743395,,7.721740677575114,,2300.4890864078197,,Forecast
2025-07-01,,,7.792478274322232,,0.056049375889018774,,,0.0,,6.579099405186113e-18,,0.05604937588901878,,7.84852765021125,,2611.5932618055836,,Forecast
2025-08-01,,,7.787343590671917,,-0.00917170259556502,,,0.0,,6.579099405186113e-18,,-0.009171702595565013,,7.7781718880763515,,2434.099340975698,,Forecast
2025-09-01,,,7.782208907021602,,-0.004713174035582054,,,0.0,,6.579099405186113e-18,,-0.004713174035582047,,7.7774957329860195,,2432.4533926817003,,Forecast
2025-10-01,,,7.777074223371287,,0.18900115563856995,,,0.0,,6.579099405186113e-18,,0.18900115563856995,,7.966075379009856,,2937.475894644776,,Forecast
2025-11-01,,,7.771939539720972,,0.1510800448330971,,,0.0,,6.579099405186113e-18,,0.1510800448330971,,7.923019584554068,,2813.642483090954,,Forecast
2025-12-01,,,7.766804856070657,,0.3479819008633396,,,0.0,,6.579099405186113e-18,,0.3479819008633396,,8.114786756933997,,3408.6253651762254,,Forecast
2026-01-01,,,7.761670172420342,,0.006674925453263405,,,0.0,,6.579099405186113e-18,,0.006674925453263412,,7.768345097873605,,2410.2873201143448,,Forecast
2026-02-01,,,7.756535488770026,,-0.07922293928065406,,,0.0,,6.579099405186113e-18,,-0.07922293928065406,,7.677312549489372,,2200.4763736662017,,Forecast
2026-03-01,,,7.751400805119711,,-0.08047960750356334,,,0.0,,6.579099405186113e-18,,-0.08047960750356334,,7.670921197616147,,2186.4508323509112,,Forecast
2026-04-01,,,7.746266121469396,,-0.20847886979736815,,,0.0,,6.579099405186113e-18,,-0.20847886979736815,,7.537787251672028,,1913.7803501879132,,Forecast
2026-05-01,,,7.741131437819081,,-0.24475916226704827,,,0.0,,6.579099405186113e-18,,-0.24475916226704827,,7.496372275552033,,1836.0994469605587,,Forecast
2026-06-01,,,7.735996754168766,,-0.07587228039743395,,,0.0,,6.579099405186113e-18,,-0.07587228039743395,,7.660124473771332,,2162.960566930732,,Forecast
2026-07-01,,,7.73086207051845,,0.056049375889018774,,,0.0,,6.579099405186113e-18,,0.05604937588901878,,7.786911446407468,,2455.474301514208,,Forecast
2026-08-01,,,7.725727386868135,,-0.00917170259556502,,,0.0,,6.579099405186113e-18,,-0.009171702595565013,,7.71655568427257,,2288.5867643044235,,Forecast
2026-09-01,,,7.72059270321782,,-0.004713174035582054,,,0.0,,6.579099405186113e-18,,-0.004713174035582047,,7.715879529182238,,2287.0391718242104,,Forecast
2026-10-01,,,7.715458019567505,,0.18900115563856995,,,0.0,,6.579099405186113e-18,,0.18900115563856995,,7.904459175206075,,2761.883387299731,,Forecast
2026-11-01,,,7.71032333591719,,0.1510800448330971,,,0.0,,6.579099405186113e-18,,0.1510800448330971,,7.8614033807502866,,2645.4498047754596,,Forecast
2026-12-01,,,7.705188652266875,,0.3479819008633396,,,0.0,,6.579099405186113e-18,,0.3479819008633396,,8.053170553130215,,3204.8786990661965,,Forecast
2027-01-01,,,7.70005396861656,,0.006674925453263405,,,0.0,,6.579099405186113e-18,,0.006674925453263412,,7.7067288940698235,,2266.1976621934396,,Forecast
2027-02-01,,,7.694919284966245,,-0.07922293928065406,,,0.0,,6.579099405186113e-18,,-0.07922293928065406,,7.615696345685591,,2068.924245905885,,Forecast
2027-03-01,,,7.689784601315929,,-0.08047960750356334,,,0.0,,6.579099405186113e-18,,-0.08047960750356334,,7.609304993812366,,2055.73681933263,,Forecast
