,DataOriginal,DataLog,Linear,DataLinear,MonthlyAverage,DataSeasons,DataNormalised,ModelledNormalised,ResidualsNormalised,ModelledSeasons,ResidualsSeasons,ModelledLinear,ResidualsLinear,ModelledLog,ResidualsLog,ModelledOriginal,ResidualsOriginal,Purpose
2010-04-01,470.8652,6.156693458557129,5.990414299517783,0.16627915903934554,0.07169353493253716,0.09458562410680837,0.3788186523712656,0.3788186523712656,0.0,0.09458562410680837,0.0,0.16627915903934554,0.0,6.156693458557129,0.0,479.1325066818477,-8.267302824425826,Train
2010-05-01,382.57797,5.949542999267578,5.99039687274984,-0.04085387348226188,4.313155114803951e-05,-0.04089700503340992,-0.16379390080761802,-0.16379390080761802,0.0,-0.04089700503340992,0.0,-0.04085387348226188,0.0,5.949542999267578,0.0,389.2984340870163,-6.720461674906915,Train
2010-06-01,412.00705,6.023464679718018,5.990379445981897,0.033085233736120934,-0.03962500890096058,0.0727102426370815,0.2912070030670158,0.2912070030670158,0.0,0.0727102426370815,0.0,0.03308523373612093,6.938893903907228e-18,6.023464679718018,0.0,419.2430954605654,-7.236045900018553,Train
2010-07-01,470.8652,6.156693458557129,5.990362019213952,0.1663314393431765,0.016482507876884336,0.1498489314662922,0.6001500842584058,0.6001500842584058,0.0,0.1498489314662922,0.0,0.1663314393431765,0.0,6.156693458557129,0.0,479.1325066818477,-8.267302824425826,Train
2010-08-01,412.00705,6.023464679718018,5.990344592446009,0.03312008727200855,0.07441387380294964,-0.041293786530941096,-0.16538302424577264,-0.16538302424577264,0.0,-0.041293786530941096,0.0,0.03312008727200855,0.0,6.023464679718018,0.0,419.2430954605654,-7.236045900018553,Train
2010-09-01,294.29077,5.687960624694824,5.990327165678066,-0.30236654098324145,-0.21632779347598052,-0.08603874750726093,-0.34458811991986515,-0.34458811991986515,0.0,-0.08603874750726093,0.0,-0.30236654098324145,0.0,5.687960624694824,0.0,299.46440294191365,-5.173631457538647,Train
2010-10-01,206.00352,5.332736015319824,5.990309738910122,-0.6575737235902981,-0.17794929416775385,-0.47962442942254424,-1.920912207472627,0.029998454031077815,-1.9509106615037048,0.007490186871759552,-0.4871146162943038,-0.17045910729599428,-0.4871146162943038,5.819850631614128,-0.48711461629430364,341.82471941974785,-135.8211946394744,Train
2010-11-01,470.8652,6.156693458557129,5.990292312142178,0.16640114641495085,0.15815482302606265,0.0082463233888882,0.033026806586048785,-0.20816150314067694,0.24118830972672572,-0.05197496365695257,0.06022128704584077,0.10617985936911009,0.06022128704584076,6.096472171511288,0.06022128704584073,451.07171752965553,19.793486327766345,Train
2010-12-01,647.4397,6.474568843841553,5.990274885374235,0.48429395846731804,0.26505929231643655,0.2192346661508815,0.8780423195237256,0.02907559964543238,0.8489667198782932,0.007259763270705108,0.2119749028801764,0.27231905558714165,0.2119749028801764,6.262593940961376,0.2119749028801765,532.7687025295886,114.67099473603639,Train
2011-01-01,441.43613,6.092296123504639,5.990257458606291,0.10203866489834734,0.02786137894689844,0.0741772859514489,0.2970825616052919,-0.03331391363076408,0.330396475236056,-0.008318009930297568,0.08249529588174646,0.01954336901660087,0.08249529588174648,6.009800827622892,0.08249529588174642,413.54000776424783,27.896118944736543,Train
2011-02-01,412.00705,6.023464679718018,5.990240031838348,0.03322464787966961,-0.2207728180110492,0.2539974658907188,1.0172685187950528,0.06299670351325937,0.9542718152817934,0.01572937995839083,0.23826808593232798,-0.20504343805265837,0.23826808593232798,5.78519659378569,0.23826808593232762,330.1479507476032,81.85909881294367,Train
2011-03-01,735.72687,6.602217197418213,5.990222605070405,0.6119945923478083,0.025595970031613624,0.5863986223161947,2.3485464937815834,-0.2546077407799596,2.603154234561543,-0.06357192792211007,0.6499705502383047,-0.037975957890496445,0.6499705502383047,5.9522466471799085,0.6499705502383044,390.3550914045417,345.3717762712395,Train
2011-04-01,529.7234,6.274240970611572,5.99020517830246,0.2840357923091119,0.07169353493253716,0.21234225737657475,0.8504379871726868,0.43906608134566794,0.4113719058270189,0.10962854935535062,0.10271370802122413,0.18132208428788776,0.10271370802122415,6.171527262590348,0.10271370802122437,486.30778496063493,43.41560371124007,Train
2011-05-01,353.14893,5.869717597961426,5.990187751534517,-0.12047015357309121,4.313155114803951e-05,-0.12051328512423926,-0.48265981955192566,0.47272109681061336,-0.9553809163625391,0.11803172755724216,-0.23854501268148143,0.1180748591083902,-0.23854501268148143,6.108262610642907,-0.23854501268148098,456.433387708934,-103.28446192768399,Train
2011-06-01,353.14893,5.869717597961426,5.990170324766574,-0.12045272680514785,-0.03962500890096058,-0.08082771790418727,-0.3237177685282625,0.26605445363102764,-0.5897722221592901,0.06643000914966427,-0.14725772705385154,0.026805000248703685,-0.14725772705385154,6.016975325015277,-0.14725772705385154,416.5248184239508,-63.37589264270082,Train
2011-07-01,382.57797,5.949542999267578,5.99015289799863,-0.04060989873105214,0.016482507876884336,-0.05709240660793648,-0.22865703679692753,-0.22562175158858583,-0.0030352852083417037,-0.056334539105964074,-0.0007578675019724035,-0.03985203122907974,-0.0007578675019724035,5.950300866769551,-0.0007578675019725978,389.5943407011217,-7.016368289012348,Train
2011-08-01,529.7234,6.274240970611572,5.990135471230687,0.28410549938088536,0.07441387380294964,0.20969162557793572,0.8398221163638311,0.5390030788696177,0.30081903749421335,0.13458139479470144,0.07511023078323428,0.20899526859765108,0.07511023078323428,6.199130739828338,0.07511023078323387,499.94654694287397,29.776841729001035,Train
2011-09-01,323.71985,5.782962799072266,5.990118044462743,-0.20715524539047703,-0.21632779347598052,0.009172548085503496,0.03673636810428309,0.5644620711417934,-0.5277257030375103,0.14093814269536736,-0.13176559460986387,-0.07538965078061316,-0.13176559460986387,5.91472839368213,-0.13176559460986415,375.94415877531424,-52.224310142501736,Train
2011-10-01,264.8617,5.582976341247559,5.990100617694799,-0.4071242764472407,-0.17794929416775385,-0.22917498227948685,-0.9178536248414392,0.0644109489553813,-0.9822645737968205,0.01608249691011952,-0.24525747918960636,-0.16186679725763434,-0.24525747918960636,5.828233820437165,-0.24525747918960672,344.7107640021259,-79.84906966618843,Train
2011-11-01,500.29428,6.217193126678467,5.990083190926856,0.22710993575161087,0.15815482302606265,0.06895511272554822,0.2761675796239804,-0.30364561965890347,0.5798131992828839,-0.07581598810659429,0.1447711008321425,0.08233883491946836,0.1447711008321425,6.072422025846325,0.14477110083214217,440.32902631753495,59.96525468832442,Train
2011-12-01,559.15247,6.328208923339844,5.990065764158913,0.3381431591809312,0.26505929231643655,0.07308386686449464,0.29270338084808406,0.31010513014028973,-0.01740174929220567,0.07742883590720256,-0.004344969042707925,0.3424881282236391,-0.004344969042707925,6.332553892382552,-0.00434496904270798,571.4483741575186,-12.295908337206129,Train
2012-01-01,441.43613,6.092296123504639,5.990048337390968,0.10224778611367036,0.02786137894689844,0.07438640716677192,0.297920099209119,0.6172467740200047,-0.3193266748108857,0.15411773148746025,-0.07973132432068833,0.1819791104343587,-0.07973132432068833,6.172027447825327,-0.0797313243206883,486.5515900883421,-45.11546337935772,Train
2012-02-01,382.57797,5.949542999267578,5.990030910623025,-0.040487911355446826,-0.2207728180110492,0.18028490665560237,0.7220472035479093,0.27665671582667,0.4453904877212393,0.06907724307133511,0.11120766358426726,-0.15169557493971408,0.11120766358426726,5.838335335683311,0.11120766358426692,348.22066436548613,34.357308046623245,Train
2012-03-01,294.29077,5.687960624694824,5.990013483855082,-0.30205285916025737,0.025595970031613624,-0.327648829191871,-1.3122447422383006,-0.42664440877576126,-0.8856003334625393,-0.10652703456688777,-0.22112179462498321,-0.08093106453527414,-0.22112179462498321,5.909082419319807,-0.22112179462498283,373.8219383573803,-79.5311668730053,Train
2012-04-01,412.00705,6.023464679718018,5.989996057087138,0.03346862263087935,0.07169353493253716,-0.03822491230165781,-0.1530920782292699,0.1265220607302442,-0.2796141389595141,0.031590757219950985,-0.0698156695216088,0.10328429215248815,-0.0698156695216088,6.093280349239627,-0.069815669521609,449.63108529734234,-37.62403573679546,Train
2012-05-01,323.71985,5.782962799072266,5.989978630319195,-0.20701583124692924,4.313155114803951e-05,-0.20705896279807728,-0.8292782120884015,0.638396001615768,-1.4676742137041696,0.15939839250824253,-0.36645735530631984,0.15944152405939058,-0.36645735530631984,6.149420154378586,-0.36645735530631995,475.65302591471954,-151.93317728190704,Train
2012-06-01,470.8652,6.156693458557129,5.989961203551251,0.1667322550058783,-0.03962500890096058,0.20635726390683887,0.8264678840828561,0.027731054814236322,0.7987368292686198,0.006924049569169568,0.1994332143376693,-0.03270095933179101,0.1994332143376693,5.9572602442194595,0.19943321433766936,392.3221149436346,78.5430889137873,Train
2012-07-01,412.00705,6.023464679718018,5.989943776783307,0.03352090293471033,0.016482507876884336,0.017038395057825992,0.06823935365787022,0.004547916733046553,0.06369143692482367,0.001135550057760664,0.01590284500006533,0.017618057934645,0.01590284500006533,6.0075618347179525,0.015902845000065113,412.6128939160228,-0.6058443554759378,Train
2012-08-01,353.14893,5.869717597961426,5.989926350015364,-0.1202087520539381,0.07441387380294964,-0.19462262585688775,-0.7794702582372274,-0.28594566698706053,-0.49352459125016684,-0.07139656192562986,-0.12322606393125789,0.003017311877319781,-0.12322606393125789,5.992943661892683,-0.12322606393125746,406.61060726761264,-53.461681486362636,Train
2012-09-01,441.43613,6.092296123504639,5.9899089232474205,0.10238720025721815,-0.21632779347598052,0.31871499373319867,1.2764644263507696,0.6836809160083267,0.5927835103424429,0.17070539089290931,0.14800960284028936,-0.04562240258307121,0.14800960284028936,5.944286520664349,0.14800960284028974,387.2522213675521,54.18390534143225,Train
2012-10-01,382.57797,5.949542999267578,5.989891496479477,-0.04034849721189904,-0.17794929416775385,0.1376007969558548,0.5510958875649793,-0.05230961407511603,0.6034055016400953,-0.013060965881986318,0.15066176283784113,-0.19101026004974017,0.15066176283784113,5.798881236429737,0.15066176283784127,334.7107409871259,47.86723142498346,Train
2012-11-01,353.14893,5.869717597961426,5.989874069711533,-0.12015647175010713,0.15815482302606265,-0.2783112947761698,-1.114646233213592,0.15724116699308027,-1.2718874002066722,0.039260880693771025,-0.3175721754699408,0.1974157037198337,-0.3175721754699408,6.187289773431367,-0.317572175469941,494.04983598922007,-140.90091020797007,Train
2012-12-01,441.43613,6.092296123504639,5.9898566429435895,0.10243948056104912,0.26505929231643655,-0.16261981175538742,-0.651297895634549,-0.12474934372762136,-0.5265485519069276,-0.031148135023265945,-0.13147167673212148,0.2339111572931706,-0.13147167673212148,6.22376780023676,-0.13147167673212135,512.4416870181611,-71.00556030917676,Train
2013-01-01,441.43613,6.092296123504639,5.989839216175646,0.10245690732899249,0.02786137894689844,0.07459552838209405,0.29875763681294254,0.21296708018031607,0.08579055663262647,0.05317484782485818,0.021420680557235866,0.08103622677175662,0.021420680557235866,6.070875442947403,0.02142068055723545,439.6470019322056,1.789124776778749,Train
2013-02-01,294.29077,5.687960624694824,5.989821789407703,-0.3018611647128786,-0.2207728180110492,-0.0810883467018294,-0.3247615957570224,0.04406125682324119,-0.3688228525802636,0.011001468511302797,-0.0920898152131322,-0.2097713494997464,-0.0920898152131322,5.780050439907956,-0.0920898152131322,328.44818980366125,-34.15741831928625,Train
2013-03-01,382.57797,5.949542999267578,5.989804362639759,-0.04026136337218045,0.025595970031613624,-0.06585733340379407,-0.2637608677257184,0.34829514075681356,-0.6120560084825319,0.08696433783193182,-0.15282167123572588,0.11256030786354544,-0.15282167123572588,6.102364670503304,-0.152821671235726,453.7434134217474,-71.16544100963802,Train
2013-04-01,294.29077,5.687960624694824,5.989786935871815,-0.301826311176991,0.07169353493253716,-0.37351984610952815,-1.4959597303851686,-0.24569579796206117,-1.2502639324231075,-0.0613467426833194,-0.31217310342620874,0.010346792249217765,-0.31217310342620874,6.000133728121033,-0.3121731034262085,409.55191595998775,-115.26114447561275,Train
2013-05-01,676.8688,6.518953800201416,5.989769509103872,0.5291842910975442,4.313155114803951e-05,0.5291411595463962,2.1192284014237015,-0.16712818697402887,2.28635658839773,-0.041729528817617836,0.570870688364014,-0.0416863972664698,0.570870688364014,5.948083111837402,0.570870688364014,388.72905802267945,288.13971639138305,Train
2013-06-01,382.57797,5.949542999267578,5.9897520823359285,-0.04020908306835036,-0.03962500890096058,-0.0005840741673897795,-0.0023392369724771016,0.3777500231561639,-0.380089260128641,0.09431880260629234,-0.09490287677368212,0.05469379370533176,-0.09490287677368212,6.0444458760412605,-0.09490287677368237,428.1534463941891,-45.5754739820797,Train
2013-07-01,529.7234,6.274240970611572,5.989734655567985,0.28450631504358714,0.016482507876884336,0.2680238071667028,1.0734444942674741,0.18408558623201654,0.8893589080354576,0.04596354998316792,0.2220602571835349,0.06244605786005226,0.2220602571835349,6.052180713428037,0.22206025718353484,431.48574931296884,98.23763935890616,Train
2013-08-01,264.8617,5.582976341247559,5.989717228800041,-0.4067408875524823,0.07441387380294964,-0.4811547613554319,-1.9270412390878604,0.3437880213979039,-2.2708292604857645,0.08583897429764487,-0.5669937356530768,0.1602528481005945,-0.5669937356530768,6.149970076900636,-0.5669937356530772,475.9152202355469,-211.05352589960938,Train
2013-09-01,206.00352,5.332736015319824,5.9896998020320975,-0.6569637867122733,-0.21632779347598052,-0.44063599323629277,-1.7647621900295878,-1.0462763349228013,-0.7184858551067865,-0.26124030458211883,-0.17939568865417393,-0.47756809805809936,-0.17939568865417393,5.512131703973998,-0.1793956886541741,251.0179630233429,-45.01443824306946,Train
2013-10-01,323.71985,5.782962799072266,5.989682375264154,-0.20671957619188852,-0.17794929416775385,-0.028770282024134675,-0.1152259613196277,0.7141286739609021,-0.8293546352805298,0.17830776255694997,-0.20707804458108464,0.00035846838919612045,-0.20707804458108464,5.99004084365335,-0.2070780445810847,405.42910343737213,-81.70925480455963,Train
2013-11-01,441.43613,6.092296123504639,5.989664948496211,0.10263117500842789,0.15815482302606265,-0.055523648017634764,-0.2223741051074049,-0.19639316973892484,-0.025980935368480063,-0.04903657835693096,-0.006487069660703802,0.1091182446691317,-0.006487069660703809,6.0987831931653425,-0.0064870696607037814,452.1176732056385,-10.681546496654107,Train
2013-12-01,618.0106,6.428122520446777,5.989647521728267,0.4384749987185099,0.26505929231643655,0.17341570640207338,0.694535822114598,0.7036942907698143,-0.0091584686552163,0.1757024456325569,-0.002286739230483531,0.4407617379489934,-0.0022867392304835032,6.430409259677261,-0.0022867392304837253,630.2979401594251,-12.287320042237639,Train
2014-01-01,382.57797,5.949542999267578,5.989630094960323,-0.040087095692745045,0.02786137894689844,-0.06794847463964349,-0.2721359597374593,-0.9766136389989108,0.7044776792614516,-0.24384652122515185,0.17589804658550837,-0.2159851422782534,0.17589804658550837,5.77364495268207,0.175898046585508,326.3446578980259,56.233314514083474,Train
2014-02-01,294.29077,5.687960624694824,5.98961266819238,-0.3016520434975556,-0.2207728180110492,-0.08087922548650639,-0.3239240581531953,0.2629391210071377,-0.5868631791603329,0.06565215494769602,-0.1465313804342024,-0.15512066306335318,-0.1465313804342024,5.834492005129027,-0.14653138043420277,346.88106981722166,-52.59029833284666,Train
2014-03-01,353.14893,5.869717597961426,5.9895952414244364,-0.11987764346301066,0.025595970031613624,-0.1454736134946243,-0.5826267864700296,-0.019187522970878113,-0.5634392634991515,-0.004790851305509497,-0.1406827621891148,0.020805118726104126,-0.1406827621891148,6.01040036015054,-0.14068276218911446,413.78861249877986,-60.639686717529855,Train
2014-04-01,706.29785,6.5614519119262695,5.989577814656493,0.5718740972697764,0.07169353493253716,0.5001805623372393,2.003240221293375,0.5347070379508758,1.4685331833424993,0.1335087345417175,0.36667182779552177,0.20520226947425466,0.36667182779552177,6.194780084130747,0.3666718277955221,497.7718351356672,208.52601642683283,Train
2014-05-01,382.57797,5.949542999267578,5.989560387888549,-0.040017388620970706,4.313155114803951e-05,-0.040060520172118745,-0.1604437503923132,-0.5205086998127695,0.3600649494204563,-0.12996361165596237,0.08990309148384362,-0.12992048010481433,0.08990309148384362,5.859639907783735,0.08990309148384323,355.7404799901527,26.837492421956654,Train
2014-06-01,412.00705,6.023464679718018,5.9895429611206055,0.03392171859741211,-0.03962500890096058,0.07354672749837268,0.29455715348232064,0.09659962369502328,0.19795752978729736,0.02411955070977301,0.049427176788599675,-0.015505458191187569,0.049427176788599675,5.974037502929418,0.049427176788599425,398.97664814450053,13.030401416046345,Train
2014-07-01,441.43613,6.092296123504639,5.989525534352662,0.10277058915197657,0.016482507876884336,0.08628808127509223,0.3455867101687791,0.22262531509716463,0.1229613950716145,0.05558637157550226,0.03070170969958997,0.0720688794523866,0.030701709699589963,6.061594413805048,0.030701709699590296,435.57626380559935,5.859862903385022,Train
2014-08-01,264.8617,5.582976341247559,5.989508107584719,-0.40653176633716015,0.07441387380294964,-0.48094564014010976,-1.9262037014840367,0.03296386805975732,-1.959167569543794,0.008230608534953799,-0.48917624867506354,0.08264448233790345,-0.4891762486750636,6.072152589922622,-0.48917624867506326,440.21013244153215,-175.34843810559465,Train
2014-09-01,294.29077,5.687960624694824,5.989490680816775,-0.30153005612195116,-0.21632779347598052,-0.08520226264597064,-0.34123796950456387,-0.1901750235999604,-0.15106294590460345,-0.04748399579622624,-0.0377182668497444,-0.2638117892722068,-0.037718266849744386,5.725678891544568,-0.037718266849744,311.0138426771458,-16.723071192770817,Train
2014-10-01,500.29428,6.217193126678467,5.989473254048831,0.22771987262963567,-0.17794929416775385,0.4056691667973895,1.6247188568658983,-0.029360388141894456,1.6540792450077928,-0.007330870903625729,0.41300003770101523,-0.18528016507137957,0.41300003770101523,5.804193088977452,0.413000037701015,336.49873150881103,163.79554949704834,Train
2014-11-01,353.14893,5.869717597961426,5.989455827280888,-0.11973822931946199,0.15815482302606265,-0.27789305234552464,-1.1129711580059414,0.08900793271668794,-1.2019790907226293,0.022224013558376023,-0.30011706590390064,0.18037883658443868,-0.30011706590390064,6.169834663865326,-0.3001170659039003,485.48366607315734,-132.33474029190734,Train
2014-12-01,529.7234,6.274240970611572,5.989438400512944,0.28480257009862786,0.26505929231643655,0.019743277782191315,0.07907250127562361,0.3475163699131354,-0.2684438686375118,0.08676988983993249,-0.06702661205774117,0.35182918215636905,-0.06702661205774119,6.341267582669314,-0.06702661205774163,576.4583078005026,-46.73491912862755,Train
2015-01-01,323.71985,5.782962799072266,5.989420973745001,-0.20645817467273542,0.02786137894689844,-0.23431955361963386,-0.9384578086220698,-0.27936319829486483,-0.6590946103272051,-0.0697530132103869,-0.16456654040924695,-0.041891634263488464,-0.16456654040924695,5.9475293394815125,-0.1645665404092469,388.51329659093165,-64.79344795811915,Train
2015-02-01,294.29077,5.687960624694824,5.989403546977058,-0.30144292228223346,-0.2207728180110492,-0.08067010427118426,-0.32308652054937176,-0.6119031780308275,0.28881665748145574,-0.1527835116478426,0.07211340737665833,-0.3735563296588918,0.07211340737665833,5.615847217318166,0.0721134073766585,278.5597040984475,15.731067385927474,Train
2015-03-01,618.0106,6.428122520446777,5.989386120209113,0.4387364002376639,0.025595970031613624,0.4131404302060503,1.6546415217814845,0.6557840835766793,0.9988574382048052,0.1637399490129134,0.2494004811931369,0.189335919044527,0.2494004811931369,6.178722039253641,0.24940048119313651,489.8264986404622,128.1841214767253,Train
2015-04-01,441.43613,6.092296123504639,5.98936869344117,0.1029274300634686,0.07169353493253716,0.031233895130931444,0.12509281588546606,0.19078181504531644,-0.06568899915985038,0.04763550298100295,-0.016401607850071505,0.1193290379135401,-0.016401607850071498,6.10869773135471,-0.01640160785007172,456.6324697594174,-15.196343050433029,Train
2015-05-01,235.4326,5.465663433074951,5.989351266673227,-0.5236878335982755,4.313155114803951e-05,-0.5237309651494235,-2.097560388235847,-0.06989061629019289,-2.0276697719456545,-0.017450691827440742,-0.5062802733219828,-0.017407560276292703,-0.5062802733219828,5.971943706396934,-0.5062802733219831,398.14005455954907,-162.70745263083813,Train
2015-06-01,235.4326,5.465663433074951,5.989333839905283,-0.5236704068303322,-0.03962500890096058,-0.48404539792937157,-1.9386183372121841,-0.7384069341534372,-1.200211403058747,-0.18436969846787715,-0.2996756994614944,-0.22399470736883773,-0.2996756994614944,5.765339132536446,-0.29967569946149464,323.63705205318337,-88.20445012447243,Train
2015-07-01,500.29428,6.217193126678467,5.989316413137339,0.2278767135411277,0.016482507876884336,0.21139420566424338,0.8466410077116422,0.05653208541485921,0.790108922296783,0.01411525685853333,0.19727894880571006,0.030597764735417664,0.19727894880571004,6.0199141778727565,0.19727894880571029,417.7536672481346,82.54061375772477,Train
2015-08-01,500.29428,6.217193126678467,5.989298986369396,0.22789414030907107,0.07441387380294964,0.15348026650612143,0.6146937050156499,0.4344597001861805,0.18023400482946939,0.10847840156268873,0.045001864943432696,0.18289227536563837,0.045001864943432696,6.172191261735034,0.0450018649434325,486.63146436257847,13.662816643280905,Train
2015-09-01,323.71985,5.782962799072266,5.989281559601452,-0.20631876052918674,-0.21632779347598052,0.010009032946793783,0.040086518519584335,0.3128980037019474,-0.2728114851823631,0.07812617667230803,-0.06811714372551425,-0.1382016168036725,-0.06811714372551425,5.85107994279778,-0.06811714372551414,352.6998264826049,-28.97997784979242,Train
2015-10-01,323.71985,5.782962799072266,5.989264132833509,-0.20630133376124338,-0.17794929416775385,-0.02835203959348953,-0.11355088611197707,-0.6398431672053874,0.5262922810934103,-0.1597597291521042,0.13140768955861468,-0.3377090233198581,0.1314076895586147,5.651555109513651,0.13140768955861493,288.7225591144893,34.997289518323214,Train
2015-11-01,470.8652,6.156693458557129,5.989246706065566,0.16744675249156327,0.15815482302606265,0.009291929465500615,0.037214494605173565,-0.4802514982938707,0.5174659928990443,-0.11991196159432084,0.12920389105982144,0.03824286143174181,0.12920389105982144,6.027489567497307,0.12920389105982188,420.9379352417833,49.92726861563858,Train
2015-12-01,559.15247,6.328208923339844,5.989229279297621,0.33897964404222236,0.26505929231643655,0.07392035172578582,0.29605353126338885,0.532782202341397,-0.2367286710780081,0.13302813049467302,-0.059107778768887204,0.39808742281110954,-0.059107778768887176,6.3873167021087305,-0.05910777876888673,603.6715178889514,-44.51905206863887,Train
2016-01-01,412.00705,6.023464679718018,5.989211852529678,0.03425282718833955,0.02786137894689844,0.006391448241441111,0.02559796832116197,0.5504554816278675,-0.5248575133067055,0.13744089671106946,-0.13104944846962835,0.1653022756579679,-0.13104944846962835,6.154514128187646,-0.13104944846962852,478.0872786909027,-66.0802291303558,Train
2016-02-01,206.00352,5.332736015319824,5.989194425761735,-0.6564584104419104,-0.2207728180110492,-0.43568559243086125,-1.744935665866745,-0.5509042072566392,-1.1940314586101057,-0.13755293711189032,-0.29813265531897093,-0.3583257551229395,-0.29813265531897093,5.630868670638796,-0.2981326553189714,282.79079616007425,-76.78727137980081,Train
2016-03-01,264.8617,5.582976341247559,5.989176998993791,-0.4062006577462327,0.025595970031613624,-0.43179662777784633,-1.7293602297168391,-0.7151882202729818,-1.0141720094438573,-0.17857231618589828,-0.253224311591948,-0.15297634615428465,-0.253224311591948,5.836200652839507,-0.25322431159194814,347.47598411542435,-82.61428977948685,Train
2016-04-01,294.29077,5.687960624694824,5.989159572225848,-0.3011989475310237,0.07169353493253716,-0.3728924824635609,-1.4934471175736945,0.2535985505904397,-1.7470456681641342,0.063319947500025,-0.4362124299635859,0.13501348243256217,-0.4362124299635859,6.12417305465841,-0.4362124299635859,463.7695621539875,-169.47879066961252,Train
2016-05-01,441.43613,6.092296123504639,5.989142145457904,0.10315397804673498,4.313155114803951e-05,0.10311084649558694,0.41296245896956635,0.3713751043432847,0.04158735462628166,0.09272707614094539,0.010383770354641553,0.09277020769209343,0.010383770354641553,6.081912353149997,0.010383770354641442,444.53732068595724,-3.1011939769728656,Train
2016-06-01,382.57797,5.949542999267578,5.98912471868996,-0.0395817194223822,-0.03962500890096058,4.3289478578380225e-05,0.00017337583900061266,-0.1539024606087196,0.15407583644772022,-0.03842725324407341,0.03847054272265179,-0.078052262145034,0.038470542722651796,5.911072456544926,0.038470542722651935,374.5685906540244,8.009381758084999,Train
2016-07-01,323.71985,5.782962799072266,5.989107291922017,-0.20614449284975134,0.016482507876884336,-0.22262700072663566,-0.8916287352662331,-0.806239998441562,-0.08538873682467107,-0.20130664885457944,-0.02132035187205622,-0.18482414097769512,-0.02132035187205622,5.804283150944322,-0.021320351872056165,336.52912867718067,-12.809280044368165,Train
2016-08-01,618.0106,6.428122520446777,5.989089865154074,0.43903265529270374,0.07441387380294964,0.36461878148975413,1.460310662825761,0.1974549733167429,1.262855689509018,0.04930169559299657,0.31531708589675755,0.12371556939594622,0.31531708589675755,6.11280543455002,0.31531708589675755,458.51615427753046,159.49446583965704,Train
2016-09-01,382.57797,5.949542999267578,5.989072438386129,-0.039529439118551224,-0.21632779347598052,0.1767983543574293,0.7080834426118455,0.25874643450720036,0.44933700810464516,0.06460530082159006,0.11219305353583924,-0.15172249265439047,0.11219305353583925,5.837349945731739,0.1121930535358393,347.87671532173573,34.701257090373645,Train
2016-10-01,294.29077,5.687960624694824,5.989055011618186,-0.30109438692336177,-0.17794929416775385,-0.12314509275560792,-0.4932002989284711,0.06168610394979723,-0.5548864028782683,0.015402141906916307,-0.13854723466252422,-0.16254715226083755,-0.13854723466252422,5.826507859357348,-0.13854723466252405,344.11459530856143,-49.823823824186434,Train
2016-11-01,735.72687,6.602217197418213,5.989037584850243,0.6131796125679703,0.15815482302606265,0.4550247895419076,1.8223898102647997,-0.4421728607004688,2.2645626709652684,-0.11040426792780356,0.5654290574697112,0.047750555098259095,0.5654290574697112,6.036788139948502,0.5654290574697107,424.87965347766385,310.8472141981174,Train
2016-12-01,323.71985,5.782962799072266,5.989020158082299,-0.20605735901003364,0.26505929231643655,-0.4711166513264702,-1.8868382658619107,-0.14225302051351596,-1.7445852453483948,-0.03551855390996614,-0.435598097416504,0.2295407384064704,-0.435598097416504,6.2185608964887695,-0.4355980974165039,509.775193685177,-186.0553450523645,Train
2017-01-01,470.8652,6.156693458557129,5.989002731314356,0.167690727242773,0.02786137894689844,0.13982934829587457,0.5600213117331716,0.11478925284823349,0.4452320588849381,0.028661242136417995,0.11116810615945658,0.05652262108331643,0.11116810615945658,6.045525352397672,0.11116810615945649,428.61695752248664,42.24824633493523,Train
2017-02-01,441.43613,6.092296123504639,5.988985304546412,0.10331081895822702,-0.2207728180110492,0.3240836369692762,1.2979660257212666,0.5950916846271679,0.7028743410940987,0.14858592109679916,0.17549771587247706,-0.07218689691425004,0.17549771587247706,5.916798407632162,0.17549771587247687,376.7252465947928,64.71088011419158,Train
2017-03-01,323.71985,5.782962799072266,5.988967877778468,-0.20600507870620266,0.025595970031613624,-0.23160104873781628,-0.9275701037988512,-1.0503935286210164,0.12282342482216524,-0.2622683092304555,0.030667260492639237,-0.2366723391988419,0.030667260492639237,5.752295538579626,0.030667260492639237,319.43011460039065,4.289734032421848,Train
2017-04-01,588.58154,6.37941312789917,5.988950451010525,0.390462676888645,0.07169353493253716,0.31876914195610784,1.27668129183138,0.5089533879067296,0.7677279039246503,0.1270784147905492,0.19169072716555863,0.19877194972308637,0.19169072716555863,6.187722400733612,0.19169072716555835,494.264054399266,94.317488569484,Train
2017-05-01,559.15247,6.328208923339844,5.988933024242582,0.3392758990972622,4.313155114803951e-05,0.33923276754611414,1.35863881065985,-0.1752484434380286,1.5338872540978785,-0.0437570412453903,0.38298980879150446,-0.04371390969424226,0.38298980879150446,5.9452191145483395,0.38298980879150424,387.61447190470795,171.53799391560455,Train
2017-06-01,559.15247,6.328208923339844,5.988915597474638,0.33929332586520555,-0.03962500890096058,0.37891833476616615,1.5175808616835131,0.42841865889509667,1.0891622027884165,0.10697003956098834,0.2719482952051778,0.06734503066002775,0.2719482952051778,6.056260628134666,0.2719482952051777,433.2538586971197,125.89860712319279,Train
2017-07-01,294.29077,5.687960624694824,5.988898170706694,-0.3009375460118697,0.016482507876884336,-0.31742005388875405,-1.271278148082727,-0.28342777972032995,-0.9878503683623971,-0.07076788132327955,-0.2466521725654745,-0.05428537344639521,-0.2466521725654745,5.934612797260299,-0.2466521725654749,383.5144848301027,-89.22371334572767,Train
2017-08-01,588.58154,6.37941312789917,5.988880743938751,0.39053238396041934,0.07441387380294964,0.3161185101574697,1.266065421022528,-0.061294392218537164,1.3273598132410651,-0.015304337064574795,0.3314228472220445,0.05910953673837485,0.3314228472220445,6.0479902806771255,0.3314228472220444,429.6772387321411,158.90430423660888,Train
2017-09-01,353.14893,5.869717597961426,5.988863317170807,-0.11914571920938144,-0.21632779347598052,0.09718207426659908,0.3892175238675343,-0.01166276034974123,0.4008802842172755,-0.002912025212019592,0.10009409947861868,-0.2192398186880001,0.10009409947861866,5.769623498482807,0.10009409947861858,325.03089972858714,28.118026052662856,Train
2017-10-01,470.8652,6.156693458557129,5.988845890402864,0.16784756815426505,-0.17794929416775385,0.3457968623220189,1.3849282342432643,0.19000007116407486,1.1949281630791895,0.04744031266385234,0.29835654965816655,-0.1305089815039015,0.29835654965816655,5.858336908898963,0.29835654965816616,355.27595024916315,115.58925360825873,Train
2017-11-01,500.29428,6.217193126678467,5.98882846363492,0.2283646630435472,0.15815482302606265,0.07020984001748454,0.28119280524693585,0.49460546401347627,-0.21341265876654042,0.12349594247144517,-0.053286102453960635,0.28165076549750784,-0.05328610245396065,6.270479229132428,-0.053286102453960815,536.9942605424048,-36.69997953654547,Train
2017-12-01,559.15247,6.328208923339844,5.988811036866976,0.3393978864728675,0.26505929231643655,0.07433859415643096,0.2977286064710395,-0.6489403918215383,0.9466689982925778,-0.1620311766179886,0.23636977077441956,0.10302811569844794,0.23636977077441956,6.0918391525654245,0.23636977077441923,448.9821050423426,110.1703607779699,Train
2018-01-01,382.57797,5.949542999267578,5.988793610099033,-0.03925061083145476,0.02786137894689844,-0.0671119897783532,-0.268785809322158,0.2189300874349147,-0.4877158967570727,0.05466372583864951,-0.1217757156170027,0.08252510478554795,-0.1217757156170027,6.071318714884581,-0.12177571561700251,439.8423716801279,-57.26439926801851,Train
2018-02-01,294.29077,5.687960624694824,5.9887761833310895,-0.3008155586362653,-0.2207728180110492,-0.0800427406252161,-0.32057390773789407,-0.0970939194452679,-0.22347998829262616,-0.024242969321125876,-0.05579977130409022,-0.24501578733217508,-0.05579977130409022,5.7437603959989145,-0.055799771304090307,316.7068362020756,-22.41606471770058,Train
2018-03-01,500.29428,6.217193126678467,5.988758756563146,0.22843437011532064,0.025595970031613624,0.20283840008370702,0.8123747143866712,0.6737743004091752,0.138600413977496,0.16823185002218774,0.034606550061519276,0.19382782005380136,0.034606550061519276,6.182586576616948,0.03460655006151914,491.7269858700544,8.567295135804954,Train
2018-04-01,294.29077,5.687960624694824,5.988741329795202,-0.3007807051003777,0.07169353493253716,-0.37247424003291485,-1.4917720423660403,-0.6276954816275363,-0.864076560738504,-0.15672662501469697,-0.21574761501821788,-0.08503309008215981,-0.21574761501821788,5.903708239713042,-0.21574761501821804,371.8129810240486,-77.52220953967361,Train
2018-05-01,382.57797,5.949542999267578,5.9887239030272585,-0.03918090375968042,4.313155114803951e-05,-0.03922403531082846,-0.15709359997701197,0.0608427319497622,-0.21793633192677417,0.015191563925926764,-0.05441559923675522,0.015234695477074803,-0.05441559923675522,6.003958598504333,-0.054415599236754986,411.1252307686736,-28.547258356564214,Train
2018-06-01,323.71985,5.782962799072266,5.988706476259315,-0.20574367718704956,-0.03962500890096058,-0.16611866828608898,-0.6653109354417828,-0.03170930148241524,-0.6336016339593675,-0.007917361122349762,-0.15820130716373923,-0.04754237002331034,-0.1582013071637392,5.9411641062360045,-0.15820130716373892,386.04182768845254,-62.32197905564004,Train
2018-07-01,353.14893,5.869717597961426,5.988689049491372,-0.11897145152994604,0.016482507876884336,-0.13545395940683036,-0.5424977299182833,0.23085392560261497,-0.7733516555208982,0.05764093846474579,-0.19309489787157616,0.07412344634163012,-0.19309489787157616,6.062812495833002,-0.19309489787157652,436.1083735172185,-82.95944773596852,Train
2018-08-01,500.29428,6.217193126678467,5.988671622723428,0.22852150395503923,0.07441387380294964,0.1541076301520896,0.6172063178271276,-0.10116583048797556,0.7183721483151032,-0.02525966753508933,0.1793672976871789,0.04915420626786031,0.1793672976871789,6.037825828991288,0.17936729768717896,425.3218135002519,74.97246750560748,Train
2018-09-01,264.8617,5.582976341247559,5.988654195955484,-0.4056778547079256,-0.21632779347598052,-0.1893500612319451,-0.7583534569830989,-0.2043092617098149,-0.554044195273284,-0.05101311381754421,-0.1383369474144009,-0.2673409072935247,-0.1383369474144009,5.7213132886619595,-0.13833694741440095,309.6546830802942,-44.792988744356705,Validate
2018-10-01,412.00705,6.023464679718018,5.988636769187541,0.034827910530476736,-0.17794929416775385,0.21277720469823058,0.8521799660389053,0.010613341072682858,0.8415666249662225,0.0026500001595335374,0.21012720453869704,-0.1752992940082203,0.21012720453869704,5.8133374751793205,0.21012720453869704,339.59910415042276,72.40794541012411,Validate
2018-11-01,294.29077,5.687960624694824,5.9886193424195975,-0.30065871772477326,0.15815482302606265,-0.4588135407508359,-1.8375638881512606,0.3497200814439593,-2.18728396959522,0.08732012523407054,-0.5461336659849064,0.2454749482601332,-0.5461336659849064,6.234094290679731,-0.5461336659849065,517.7712079556953,-223.48043647132033,Validate
2018-12-01,647.4397,6.474568843841553,5.988601915651654,0.4859669281898986,0.26505929231643655,0.22090763587346207,0.8847426203543282,-0.26914993252997266,1.153892552884301,-0.06720290615917904,0.2881105420326411,0.1978563861572575,0.2881105420326411,6.186458301808911,0.2881105420326415,493.63838717660406,153.80131008902094,Validate
2019-01-01,353.14893,5.869717597961426,5.98858448888371,-0.11886689092228409,0.02786137894689844,-0.14672826986918253,-0.5876517280664657,-0.03826025467015118,-0.5493914733963146,-0.009553040864827748,-0.13717522900435478,0.01830833808207069,-0.13717522900435478,6.006892826965781,-0.13717522900435508,412.33627622360234,-59.18735044235234,Validate
2019-02-01,264.8617,5.582976341247559,5.9885670621157665,-0.4055907208682079,-0.2207728180110492,-0.1848179028571587,-0.7402020080279067,-0.018405113381373156,-0.7217968946465335,-0.004595494770483473,-0.18022240808667525,-0.22536831278153266,-0.18022240808667525,5.763198749334234,-0.18022240808667522,322.94294745005794,-58.08125311412044,Validate
2019-03-01,470.8652,6.156693458557129,5.988549635347823,0.16814382320930576,0.025595970031613624,0.14254785317769214,0.5709090165563903,0.22991294929682607,0.3409960672595642,0.05740599007824044,0.08514186309945171,0.08300196010985406,0.08514186309945171,6.071551595457677,0.0851418630994516,439.94504725939987,30.920156598022004,Validate
2019-04-01,264.8617,5.582976341247559,5.98853220857988,-0.4055558673323212,0.07169353493253716,-0.47724940226485835,-1.9114001426560565,-0.09256213854307968,-1.8188380041129768,-0.023111448150598367,-0.45413795411426,0.048582086781938795,-0.45413795411426,6.037114295361818,-0.45413795411425983,425.01857908650504,-160.15688475056754,Validate
2019-05-01,559.15247,6.328208923339844,5.988514781811936,0.33969414152790733,4.313155114803951e-05,0.3396510099767593,1.3603138858675006,-0.10906497966445891,1.4693788655319595,-0.027231972621160463,0.36688298259791974,-0.027188841070012425,0.36688298259791974,5.961325940741924,0.36688298259791985,393.92449849391545,165.22796732639705,Validate
2019-06-01,294.29077,5.687960624694824,5.988497355043992,-0.30053673034916795,-0.03962500890096058,-0.26091172144820735,-1.0449603482582768,-0.030007875065456338,-1.0149524731928203,-0.007492539169912882,-0.25341918227829446,-0.04711754807087346,-0.25341918227829446,5.941379806973119,-0.25341918227829474,386.1253219005369,-91.8345504161619,Validate
2019-07-01,412.00705,6.023464679718018,5.988479928276049,0.034984751441968776,0.016482507876884336,0.01850224356508444,0.07410211688464918,0.16528856233532696,-0.09118644545067778,0.04127020073679423,-0.02276795717170979,0.057752708613678566,-0.02276795717170979,6.0462326368897275,-0.022767957171709874,428.9209264176373,-16.91387685709043,Validate
2019-08-01,412.00705,6.023464679718018,5.988462501508105,0.03500217820991214,0.07441387380294964,-0.039411695593037505,-0.15784518581134305,0.003818795842780054,-0.1616639816541231,0.0009534989522422925,-0.0403651945452798,0.07536737275519194,-0.0403651945452798,6.0638298742632974,-0.04036519454527987,436.5533044413215,-24.546254880774597,Validate
2019-09-01,441.43613,6.092296123504639,5.988445074740162,0.1038510487644766,-0.21632779347598052,0.3201788422404571,1.2823271895775485,-0.10741907096804078,1.3897462605455893,-0.026821012653114967,0.3469998548935721,-0.24314880612909548,0.3469998548935721,5.7452962686110665,0.3469998548935722,317.19516834247776,124.24095836650662,Validate
2019-10-01,588.58154,6.37941312789917,5.988427647972218,0.3909854799269521,-0.17794929416775385,0.5689347740947059,2.278603185684254,-0.05853140923269143,2.3371345949169458,-0.014614459550685684,0.5835492336453916,-0.19256375371843953,0.5835492336453916,5.795863894253778,0.5835492336453916,333.6993134882144,254.8822294805356,Validate
2019-11-01,235.4326,5.465663433074951,5.9884102212042745,-0.5227467881293233,0.15815482302606265,-0.6809016111553859,-2.727034189086036,0.11225206104469565,-2.8392862501307317,0.02802774146607321,-0.7089293526214592,0.18618256449213585,-0.7089293526214592,6.174592785696411,-0.7089293526214595,487.8039302975861,-252.37132836887514,Validate
2019-12-01,559.15247,6.328208923339844,5.988392794436331,0.33981612890351265,0.26505929231643655,0.0747568365870761,0.2994036816786901,0.05504717049652342,0.24435651118216667,0.013744494744743192,0.06101234184233291,0.27880378706117975,0.061012341842332896,6.267196581497511,0.06101234184233295,535.2311104389705,23.921355381341982,Validate
2020-01-01,29.429075,3.415398597717285,5.988375367668388,-2.5729767699511026,0.02786137894689844,-2.600838148898001,-10.416445542387647,-0.07648113914896482,-10.339964403238682,-0.01909625155340743,-2.581741897344594,0.008765127393491012,-2.581741897344594,5.9971404950618785,-2.5817418973445934,408.3248757174797,-378.89580047639083,Validate
2020-02-01,382.57797,5.949542999267578,5.988357940900444,-0.03881494163286625,-0.2207728180110492,0.18195787637818295,0.7287475043785118,-0.07784534110405182,0.8065928454825636,-0.019436873358912327,0.20139474973709529,-0.24020969136996154,0.20139474973709529,5.748148249530483,0.20139474973709515,318.1039501894978,64.47402222261155,Validate
2020-03-01,294.29077,5.687960624694824,5.9883405141325,-0.3003798894376759,0.025595970031613624,-0.32597585946928953,-1.3055444414076947,0.06358316083922506,-1.3691276022469197,0.015875810003060622,-0.34185166947235013,0.04147178003467425,-0.34185166947235013,6.029812294167175,-0.34185166947235057,421.91912080881116,-127.62834932443616,Validate
2020-04-01,235.4326,5.465663433074951,5.988323087364557,-0.5226596542896056,0.07169353493253716,-0.5943531892221428,-2.380404805696992,0.07598550126509325,-2.4563903069620854,0.018972497830396402,-0.6133256870525392,0.09066603276293356,-0.6133256870525392,6.07898912012749,-0.613325687052539,443.2368130469082,-207.80421111819726,Validate
2020-05-01,264.8617,5.582976341247559,5.988305660596613,-0.4053293193490548,4.313155114803951e-05,-0.40537245090020285,-1.6235304995719562,-0.03786805975708947,-1.5856624398148667,-0.009455115378869627,-0.39591733552133324,-0.009411983827721588,-0.39591733552133324,5.978893676768892,-0.39591733552133324,400.9237281326672,-136.06203379672968,Validate
2020-06-01,294.29077,5.687960624694824,5.98828823382867,-0.3003276091338458,-0.03962500890096058,-0.2607026002328852,-1.0441228106544533,-0.08163974357212911,-0.9624830670823242,-0.020384281632789412,-0.2403183186000958,-0.060009290533749995,-0.24031831860009584,5.92827894329492,-0.2403183186000959,381.0867228967381,-86.79595141236308,Validate
2020-07-01,206.00352,5.332736015319824,5.988270807060727,-0.6555347917409025,0.016482507876884336,-0.6720172996177868,-2.6914522181924534,0.02155420673318975,-2.713006424925643,0.005381778545550226,-0.677399078163337,0.021864286422434563,-0.677399078163337,6.010135093483162,-0.6773990781633374,413.67859749817717,-207.67507271790373,Validate
2020-08-01,441.43613,6.092296123504639,5.988253380292782,0.10404274321185625,0.07441387380294964,0.029628869408906605,0.1186646330957423,0.07583209852086242,0.04283253457487987,0.01893419534921723,0.010694674059689376,0.09334806915216687,0.01069467405968938,6.08160144944495,0.010694674059688936,444.3988230130545,-2.962696304070107,Validate
2020-09-01,353.14893,5.869717597961426,5.988235953524839,-0.11851835556341328,-0.21632779347598052,0.09780943791256724,0.39173013667901196,-0.0031017053661313992,0.3948318420451434,-0.0007744516697225496,0.0985838895822898,-0.21710224514570306,0.09858388958228978,5.771133708379136,0.09858388958229014,325.5236468019674,27.625278979282598,Validate
2020-10-01,500.29428,6.217193126678467,5.988218526756896,0.2289745999215711,-0.17794929416775385,0.40692389408932494,1.62974408248885,-0.0718595961706386,1.7016036786594886,-0.01794231807044628,0.4248662121597712,-0.19589161223820012,0.4248662121597712,5.7923269145186955,0.4248662121597713,332.51757991489023,167.77670109096914,Validate
2020-11-01,235.4326,5.465663433074951,5.988201099988952,-0.5225376669140012,0.15815482302606265,-0.6806924899400638,-2.7261966514822125,-0.0104569790206335,-2.715739672461579,-0.0026109587813248963,-0.6780815311587389,0.15554386424473776,-0.6780815311587389,6.14374496423369,-0.6780815311587389,472.9555908278875,-237.52298889917654,Validate
2020-12-01,264.8617,5.582976341247559,5.988183673221008,-0.4052073319734495,0.26505929231643655,-0.670266624289886,-2.684440703760767,0.062276360143911386,-2.7467170639046783,0.01554952047487679,-0.6858161447647628,0.28060881279131333,-0.6858161447647628,6.268792486012321,-0.6858161447647628,536.0875673190262,-271.2258729830887,Validate
2021-01-01,176.57446,5.179389953613281,5.988166246453065,-0.8087762928397835,0.02786137894689844,-0.8366376717866819,-3.350762426554109,0.022176263434350238,-3.3729386899884592,0.005537097247363838,-0.8421747690340458,0.033398476194262276,-0.8421747690340458,6.021564722647327,-0.8421747690340453,418.44540964429905,-241.87094675367405,Validate
2021-02-01,264.8617,5.582976341247559,5.988148819685121,-0.40517247843756277,-0.2207728180110492,-0.18439966042651357,-0.738526932820256,-0.05348667100248493,-0.6850402618177711,-0.013354860238527444,-0.17104480018798612,-0.23412767824957664,-0.17104480018798612,5.754021141435545,-0.1710448001879863,319.98352706901056,-55.12183273307306,Validate
2021-03-01,294.29077,5.687960624694824,5.988131392917178,-0.3001707682223538,0.025595970031613624,-0.3257667382539674,-1.304706903803871,-0.030722124029223197,-1.2739847797746477,-0.007670876967121766,-0.31809586128684564,0.01792509306449186,-0.31809586128684564,6.00605648598167,-0.31809586128684586,411.9907306726713,-117.6999591882963,Validate
2021-04-01,176.57446,5.179389953613281,5.988113966149235,-0.8087240125359534,0.07169353493253716,-0.8804175474684905,-3.5261023226892396,0.042107267176559285,-3.568209589865799,0.01051358511624622,-0.8909311325847368,0.08220712004878339,-0.8909311325847368,6.070321086198018,-0.8909311325847371,439.4027939880034,-262.8283310973784,Validate
2021-05-01,412.00705,6.023464679718018,5.98809653938129,0.035368140336727194,4.313155114803951e-05,0.035325008785579155,0.14147786568543638,0.036252216814775105,0.10522564887066127,0.009051662401565875,0.026273346384013282,0.009094793952713913,0.026273346384013282,5.997191333334004,0.026273346384013685,408.3456856158642,3.6613639446826483,Validate
2021-06-01,323.71985,5.782962799072266,5.988079112613347,-0.2051163135410814,-0.03962500890096058,-0.16549130464012082,-0.6627983226303051,-0.031921282977284506,-0.6308770396530207,-0.007970289883554617,-0.1575210147565662,-0.0475952987845152,-0.1575210147565662,5.940483813828831,-0.15752101475656577,385.7786156125572,-62.05876697974469,Validate
2021-07-01,971.1595,6.879519939422607,5.988061685845404,0.8914582535772038,0.016482507876884336,0.8749757457003194,3.504307720901104,-0.03962257691233609,3.54393029781344,-0.009893193332783205,0.8848689390331026,0.006589314544101131,0.8848689390331026,5.994651000389505,0.8848689390331028,407.3071309807906,563.8523538824907,Test
2021-08-01,382.57797,5.949542999267578,5.98804425907746,-0.03850125980988217,0.07441387380294964,-0.11291513361283181,-0.45222896345466307,0.0,-0.45222896345466307,6.045768945978575e-18,-0.11291513361283181,0.07441387380294964,-0.11291513361283181,6.06245813288041,-0.11291513361283201,435.9535059446619,-53.37553353255254,Test
2021-09-01,470.8652,6.156693458557129,5.988026832309517,0.16866662624761197,-0.21632779347598052,0.3849944197235925,1.541915789290127,0.0,1.541915789290127,6.045768945978575e-18,0.3849944197235925,-0.21632779347598052,0.3849944197235925,5.771699038833536,0.3849944197235926,325.70829275165806,145.1569111057638,Test
2021-10-01,529.7234,6.274240970611572,5.988009405541573,0.2862315650699996,-0.17794929416775385,0.46418085923775343,1.8590601818561634,0.0,1.8590601818561634,6.045768945978575e-18,0.46418085923775343,-0.17794929416775385,0.46418085923775343,5.810060111373819,0.46418085923775365,338.48466418442473,191.23872448745027,Test
2021-11-01,441.43613,6.092296123504639,5.987991978773629,0.10430414473100935,0.15815482302606265,-0.0538506782950533,-0.21567380427679883,0.0,-0.21567380427679883,6.045768945978575e-18,-0.05385067829505331,0.15815482302606265,-0.0538506782950533,6.146146801799692,-0.05385067829505363,474.0953233488371,-32.65919663985272,Test
2021-12-01,264.8617,5.582976341247559,5.987974552005686,-0.40499821075812736,0.26505929231643655,-0.6700575030745639,-2.683603166156943,0.0,-2.683603166156943,6.045768945978575e-18,-0.6700575030745639,0.26505929231643655,-0.6700575030745639,6.253033844322123,-0.6700575030745641,527.6901366205943,-262.82844228465683,Test
2022-01-01,382.57797,5.949542999267578,5.987957125237743,-0.03841412597016447,0.02786137894689844,-0.06627550491706291,-0.2654356589068568,0.0,-0.2654356589068568,6.045768945978575e-18,-0.06627550491706291,0.027861378946898448,-0.06627550491706291,6.015818504184641,-0.06627550491706291,416.0420962820379,-33.46412386992853,Test
2022-02-01,382.57797,5.949542999267578,5.987939698469798,-0.03839669920222022,-0.2207728180110492,0.18237611880882898,0.730422579586166,0.0,0.730422579586166,6.045768945978575e-18,0.18237611880882898,-0.2207728180110492,0.18237611880882898,5.767166880458749,0.1823761188088291,324.23094933250115,58.34702307960822,Test
2022-03-01,412.00705,6.023464679718018,5.987922271701855,0.0355424080161626,0.025595970031613624,0.009946437984548973,0.03983582355968183,0.0,0.03983582355968183,6.045768945978575e-18,0.009946437984548967,0.02559597003161363,0.009946437984548966,6.013518241733468,0.009946437984549306,415.08389249000817,-3.076842929461293,Test
2022-04-01,323.71985,5.782962799072266,5.987904844933912,-0.204942045861646,0.07169353493253716,-0.27663558079418316,-1.1079349415304178,0.0,-1.1079349415304178,6.045768945978575e-18,-0.27663558079418316,0.07169353493253716,-0.27663558079418316,6.059598379866449,-0.27663558079418316,434.70571188088405,-110.98586324807155,Test
2022-05-01,470.8652,6.156693458557129,5.987887418165968,0.16880604039116065,4.313155114803951e-05,0.1687629088400126,0.675901209097446,0.0,0.675901209097446,6.045768945978575e-18,0.1687629088400126,4.3131551148045555e-05,0.1687629088400126,5.987930549717117,0.16876290884001222,404.5723229122141,66.2928809452078,Test
2022-06-01,412.00705,6.023464679718018,5.987869991398025,0.035594688319992684,-0.03962500890096058,0.07521969722095326,0.3012574543129231,0.0,0.3012574543129231,6.045768945978575e-18,0.07521969722095326,-0.03962500890096057,0.07521969722095326,5.948244982497064,0.07521969722095356,388.79214882852847,23.214900732018407,Test
2022-07-01,470.8652,6.156693458557129,5.987852564630081,0.16884089392704826,0.016482507876884336,0.15235838605016394,0.6102005355043131,0.0,0.6102005355043131,6.045768945978575e-18,0.15235838605016394,0.016482507876884343,0.1523583860501639,6.004335072506965,0.15235838605016383,411.28041441335773,59.58478944406414,Test
2022-08-01,412.00705,6.023464679718018,5.987835137862137,0.0356295418558803,0.07441387380294964,-0.038784331947069345,-0.15533257299986533,0.0,-0.15533257299986533,6.045768945978575e-18,-0.03878433194706935,0.07441387380294964,-0.038784331947069345,6.062249011665087,-0.03878433194706954,435.86213925014926,-23.85508968960238,Test
2022-09-01,353.14893,5.869717597961426,5.987817711094194,-0.11810011313276814,-0.21632779347598052,0.09822768034321239,0.3934052118866626,0.0,0.3934052118866626,6.045768945978575e-18,0.09822768034321239,-0.21632779347598052,0.09822768034321239,5.771489917618213,0.0982276803432125,325.6399782596755,27.5089475215745,Test
2022-10-01,206.00352,5.332736015319824,5.9878002843262506,-0.6550642690064263,-0.17794929416775385,-0.4771149748386725,-1.9108617562267196,0.0,-1.9108617562267196,6.045768945978575e-18,-0.4771149748386725,-0.17794929416775385,-0.4771149748386725,5.8098509901584965,-0.47711497483867227,338.4136781614676,-132.41015338119416,Test
2022-11-01,382.57797,5.949542999267578,5.987782857558307,-0.03823985829072907,0.15815482302606265,-0.19639468131679172,-0.7865674008272042,0.0,-0.7865674008272042,6.045768945978575e-18,-0.19639468131679172,0.15815482302606265,-0.19639468131679172,6.14593768058437,-0.19639468131679205,473.9959812250594,-91.41800881295,Test
2022-12-01,353.14893,5.869717597961426,5.987765430790363,-0.11804783282893716,0.26505929231643655,-0.3831071251453737,-1.534357110098656,0.0,-1.534357110098656,6.045768945978575e-18,-0.3831071251453737,0.26505929231643655,-0.3831071251453737,6.2528247231068,-0.38310712514537393,527.5795878561437,-174.4306620748937,Test
2023-01-01,470.8652,6.156693458557129,5.98774800402242,0.16894545453470933,0.02786137894689844,0.1410840755878109,0.5650465373561271,0.0,0.5650465373561271,6.045768945978575e-18,0.1410840755878109,0.027861378946898448,0.1410840755878109,6.015609382969318,0.1410840755878109,415.95489305036324,54.910310807058636,Test
2023-02-01,294.29077,5.687960624694824,5.987730577254476,-0.299769952559652,-0.2207728180110492,-0.0789971345486028,-0.31638621971876574,0.0,-0.31638621971876574,6.045768945978575e-18,-0.0789971345486028,-0.2207728180110492,-0.0789971345486028,5.766957759243427,-0.07899713454860269,324.16294375206905,-29.872172267694054,Test
2023-03-01,323.71985,5.782962799072266,5.987713150486533,-0.20475035141426723,0.025595970031613624,-0.23034632144588085,-0.9225448781758994,0.0,-0.9225448781758994,6.045768945978575e-18,-0.23034632144588085,0.02559597003161363,-0.23034632144588085,6.013309120518146,-0.23034632144588052,414.99688961812495,-91.27704098531245,Test
2023-04-01,441.43613,6.092296123504639,5.987695723718589,0.10460039978605007,0.07169353493253716,0.03290686485351291,0.1317931167160721,0.0,0.1317931167160721,6.045768945978575e-18,0.0329068648535129,0.07169353493253716,0.03290686485351291,6.059389258651126,0.03290686485351291,434.61460609930026,6.821520609684114,Test
2023-05-01,618.0106,6.428122520446777,5.987678296950645,0.4404442234961321,4.313155114803951e-05,0.44040109194498406,1.7638214023416687,0.0,1.7638214023416687,6.045768945978575e-18,0.44040109194498406,4.3131551148045555e-05,0.44040109194498406,5.987721428501794,0.44040109194498367,404.4875180027072,213.5231021144803,Test
2023-06-01,294.29077,5.687960624694824,5.987660870182702,-0.29970024548787766,-0.03962500890096058,-0.26007523658691706,-1.0416101978429755,0.0,-1.0416101978429755,6.045768945978575e-18,-0.26007523658691706,-0.03962500890096057,-0.2600752365869171,5.948035861281741,-0.2600752365869168,388.7106435431813,-94.41987205880628,Test
2023-07-01,323.71985,5.782962799072266,5.9876434434147585,-0.2046806443424929,0.016482507876884336,-0.2211631522193772,-0.8857659720394542,0.0,-0.8857659720394542,6.045768945978575e-18,-0.2211631522193772,0.016482507876884343,-0.22116315221937724,6.004125951291643,-0.22116315221937732,411.19420684627187,-87.47435821345937,Test
2023-08-01,559.15247,6.328208923339844,5.987626016646815,0.3405829066930286,0.07441387380294964,0.266169032890079,1.0660160599936768,0.0,1.0660160599936768,6.045768945978575e-18,0.266169032890079,0.07441387380294964,0.266169032890079,6.062039890449765,0.26616903289007876,435.77079166035344,123.38167415995906,Test
2023-09-01,412.00705,6.023464679718018,5.987608589878871,0.035856089839146676,-0.21632779347598052,0.2521838833151272,1.010005058689595,0.0,1.010005058689595,6.045768945978575e-18,0.2521838833151272,-0.21632779347598052,0.2521838833151272,5.77128079640289,0.2521838833151273,325.5716780522088,86.43537150833805,Test
2023-10-01,412.00705,6.023464679718018,5.9875911631109275,0.03587351660709004,-0.17794929416775385,0.21382281077484389,0.8563676540580337,0.0,0.8563676540580337,6.045768945978575e-18,0.21382281077484389,-0.17794929416775385,0.21382281077484389,5.8096418689431735,0.2138228107748441,338.3427069816416,73.66434257890529,Test
2023-11-01,529.7234,6.274240970611572,5.987573736342984,0.2866672342685881,0.15815482302606265,0.12851241124252544,0.5146965926333738,0.0,0.5146965926333738,6.045768945978575e-18,0.12851241124252544,0.15815482302606265,0.12851241124252544,6.145728559369047,0.1285124112425251,473.89665987365487,55.82672879822013,Test
2023-12-01,559.15247,6.328208923339844,5.987556309575041,0.34065261376480294,0.26505929231643655,0.07559332144836639,0.3027538320939913,0.0,0.3027538320939913,6.045768945978575e-18,0.07559332144836639,0.26505929231643655,0.07559332144836639,6.252615601891478,0.07559332144836617,527.4690622073686,31.68340361294395,Test
2024-01-01,588.58154,6.37941312789917,5.9875388828070975,0.39187424509207247,0.02786137894689844,0.36401286614517403,1.457883951193286,0.0,1.457883951193286,6.045768945978575e-18,0.36401286614517403,0.027861378946898448,0.36401286614517403,6.015400261753996,0.36401286614517403,415.8677080528281,172.7138349159219,Test
2024-02-01,529.7234,6.274240970611572,5.987521456039153,0.28671951457241907,-0.2207728180110492,0.5074923325834683,2.0325241106505674,0.0,2.0325241106505674,6.045768945978575e-18,0.5074923325834683,-0.2207728180110492,0.5074923325834683,5.766748638028104,0.5074923325834684,324.09495239155933,205.62843628031567,Test
2024-03-01,618.0106,6.428122520446777,5.98750402927121,0.4406184911755675,0.025595970031613624,0.4150225211439539,1.662179360215914,0.0,1.662179360215914,6.045768945978575e-18,0.4150225211439539,0.02559597003161363,0.4150225211439539,6.013099999302823,0.4150225211439542,414.90990493848534,203.10071517870216,Test
2024-04-01,500.29428,6.217193126678467,5.9874866025032665,0.22970652417520032,0.07169353493253716,0.15801298924266316,0.6328474142589315,0.0,0.6328474142589315,6.045768945978575e-18,0.15801298924266316,0.07169353493253716,0.15801298924266316,6.059180137435804,0.15801298924266316,434.52351936787664,65.77076163798273,Test
2024-05-01,353.14893,5.869717597961426,5.987469175735323,-0.11775157777389733,4.313155114803951e-05,-0.11779470932504538,-0.47177183070219486,0.0,-0.47177183070219486,6.045768945978575e-18,-0.11779470932504538,4.3131551148045555e-05,-0.11779470932504538,5.9875123072864715,-0.11779470932504577,404.4027308258523,-51.2538050446023,Forecast
2024-06-01,,,5.987451748967379,,-0.03962500890096058,,,0.0,,6.045768945978575e-18,,-0.03962500890096057,,5.947826740066418,,388.62915530053635,,Forecast
2024-07-01,,,5.9874343221994355,,0.016482507876884336,,,0.0,,6.045768945978575e-18,,0.016482507876884343,,6.00391683007632,,411.10801730513197,,Forecast
2024-08-01,,,5.987416895431492,,0.07441387380294964,,,0.0,,6.045768945978575e-18,,0.07441387380294964,,6.061830769234442,,435.67946317127894,,Forecast
2024-09-01,,,5.987399468663549,,-0.21632779347598052,,,0.0,,6.045768945978575e-18,,-0.21632779347598052,,5.771071675187568,,325.5033921262716,,Forecast
2024-10-01,,,5.987382041895605,,-0.17794929416775385,,,0.0,,6.045768945978575e-18,,-0.17794929416775385,,5.809432747727851,,338.2717506418435,,Forecast
2024-11-01,,,5.987364615127661,,0.15815482302606265,,,0.0,,6.045768945978575e-18,,0.15815482302606265,,6.145519438153724,,473.7973592902805,,Forecast
2024-12-01,,,5.987347188359718,,0.26505929231643655,,,0.0,,6.045768945978575e-18,,0.26505929231643655,,6.252406480676155,,527.3585596694345,,Forecast
2025-01-01,,,5.987329761591774,,0.02786137894689844,,,0.0,,6.045768945978575e-18,,0.027861378946898448,,6.015191140538673,,415.78054128561894,,Forecast
2025-02-01,,,5.987312334823831,,-0.2207728180110492,,,0.0,,6.045768945978575e-18,,-0.2207728180110492,,5.766539516812782,,324.0269752479993,,Forecast
2025-03-01,,,5.987294908055888,,0.025595970031613624,,,0.0,,6.045768945978575e-18,,0.02559597003161363,,6.012890878087501,,414.8229384472862,,Forecast
2025-04-01,,,5.9872774812879435,,0.07169353493253716,,,0.0,,6.045768945978575e-18,,0.07169353493253716,,6.058971016220481,,434.43245168262905,,Forecast
2025-05-01,,,5.98726005452,,4.313155114803951e-05,,,0.0,,6.045768945978575e-18,,4.3131551148045555e-05,,5.9873031860711485,,404.3179613779406,,Forecast
2025-06-01,,,5.987242627752057,,-0.03962500890096058,,,0.0,,6.045768945978575e-18,,-0.03962500890096057,,5.947617618851096,,388.5476840970304,,Forecast
2025-07-01,,,5.987225200984113,,0.016482507876884336,,,0.0,,6.045768945978575e-18,,0.016482507876884343,,6.003707708860998,,411.02184578616954,,Forecast
2025-08-01,,,5.987207774216169,,0.07441387380294964,,,0.0,,6.045768945978575e-18,,0.07441387380294964,,6.061621648019119,,435.5881537789323,,Forecast
2025-09-01,,,5.987190347448226,,-0.21632779347598052,,,0.0,,6.045768945978575e-18,,-0.21632779347598052,,5.770862553972245,,325.43512047887674,,Forecast
2025-10-01,,,5.987172920680282,,-0.17794929416775385,,,0.0,,6.045768945978575e-18,,-0.17794929416775385,,5.809223626512528,,338.20080913896965,,Forecast
2025-11-01,,,5.987155493912339,,0.15815482302606265,,,0.0,,6.045768945978575e-18,,0.15815482302606265,,6.145310316938402,,473.69807947059405,,Forecast
2025-12-01,,,5.987138067144396,,0.26505929231643655,,,0.0,,6.045768945978575e-18,,0.26505929231643655,,6.252197359460832,,527.2480802375097,,Forecast
2026-01-01,,,5.987120640376451,,0.02786137894689844,,,0.0,,6.045768945978575e-18,,0.027861378946898448,,6.01498201932335,,415.6933927449243,,Forecast
2026-02-01,,,5.987103213608508,,-0.2207728180110492,,,0.0,,6.045768945978575e-18,,-0.2207728180110492,,5.766330395597459,,323.9590123184156,,Forecast
2026-03-01,,,5.987085786840565,,0.025595970031613624,,,0.0,,6.045768945978575e-18,,0.02559597003161363,,6.012681756872178,,414.7359901407236,,Forecast
2026-04-01,,,5.987068360072621,,0.07169353493253716,,,0.0,,6.045768945978575e-18,,0.07169353493253716,,6.0587618950051585,,434.34140303957577,,Forecast
2026-05-01,,,5.987050933304677,,4.313155114803951e-05,,,0.0,,6.045768945978575e-18,,4.3131551148045555e-05,,5.9870940648558255,,404.2332096552655,,Forecast
2026-06-01,,,5.987033506536734,,-0.03962500890096058,,,0.0,,6.045768945978575e-18,,-0.03962500890096057,,5.947408497635773,,388.46622992909994,,Forecast
2026-07-01,,,5.98701607976879,,0.016482507876884336,,,0.0,,6.045768945978575e-18,,0.016482507876884343,,6.003498587645675,,410.93569228561546,,Forecast
2026-08-01,,,5.986998653000847,,0.07441387380294964,,,0.0,,6.045768945978575e-18,,0.07441387380294964,,6.061412526803797,,435.49686347932067,,Forecast
2026-09-01,,,5.986981226232904,,-0.21632779347598052,,,0.0,,6.045768945978575e-18,,-0.21632779347598052,,5.770653432756923,,325.3668631070394,,Forecast
2026-10-01,,,5.986963799464959,,-0.17794929416775385,,,0.0,,6.045768945978575e-18,,-0.17794929416775385,,5.809014505297205,,338.1298824699181,,Forecast
2026-11-01,,,5.986946372697016,,0.15815482302606265,,,0.0,,6.045768945978575e-18,,0.15815482302606265,,6.145101195723079,,473.59882041025304,,Forecast
2026-12-01,,,5.986928945929073,,0.26505929231643655,,,0.0,,6.045768945978575e-18,,0.26505929231643655,,6.251988238245509,,527.137623906762,,Forecast
2027-01-01,,,5.986911519161129,,0.02786137894689844,,,0.0,,6.045768945978575e-18,,0.027861378946898448,,6.014772898108028,,415.6062624269333,,Forecast
2027-02-01,,,5.986894092393186,,-0.2207728180110492,,,0.0,,6.045768945978575e-18,,-0.2207728180110492,,5.766121274382137,,323.89106359983657,,Forecast
2027-03-01,,,5.986876665625242,,0.025595970031613624,,,0.0,,6.045768945978575e-18,,0.02559597003161363,,6.012472635656855,,414.6490600149954,,Forecast
